dataset_code,version_name,year,layer_pattern,feature_name,attribute_code,attribute_name,note
A03,2025年度版,2025,A03-YY_SYUTO.shp,三大都市圏計画区域（ポリゴン）,A03_001,行政区域コード,
A03,2025年度版,2025,A03-YY_SYUTO.shp,三大都市圏計画区域（ポリゴン）,A03_002,都道府県名,
A03,2025年度版,2025,A03-YY_SYUTO.shp,三大都市圏計画区域（ポリゴン）,A03_003,郡市名,
A03,2025年度版,2025,A03-YY_SYUTO.shp,三大都市圏計画区域（ポリゴン）,A03_004,区町村名,
A03,2025年度版,2025,A03-YY_SYUTO.shp,三大都市圏計画区域（ポリゴン）,A03_005,陸水等区分,
A03,2025年度版,2025,A03-YY_SYUTO.shp,三大都市圏計画区域（ポリゴン）,A03_006,区域区分,
A03,2025年度版,2025,A03-YY_SYUTO.shp,三大都市圏計画区域（ポリゴン）,A03_007,区域コード,
A03,2025年度版,2025,A03-YY_SYUTO.shp,三大都市圏計画区域（ポリゴン）,A03_008,備考,
A09,2018年度版,2018,A09-YY_PP_GML,都市地域（ポリゴン）,prefec_cd,都道府県コード,
A09,2018年度版,2018,A09-YY_PP_GML,都市地域（ポリゴン）,area_cd,市区町村コード,
A09,2018年度版,2018,A09-YY_PP_GML,都市地域（ポリゴン）,layer_no,都市地域区分コード,
A10,2015年度版,2015,a001PPAAYYYYMM11.shp,自然公園地域（ポリゴン）,PREFEC_CD,都道府県コード,
A10,2015年度版,2015,a001PPAAYYYYMM12.shp,自然公園地域（ポリゴン）,PREFEC_CD,都道府県コード,
A10,2015年度版,2015,a001PPAAYYYYMM13.shp,自然公園地域（ポリゴン）,PREFEC_CD,都道府県コード,
A10,2015年度版,2015,a001PPAAYYYYMM11.shp,自然公園地域（ポリゴン）,AREA_CD,地区コード,
A10,2015年度版,2015,a001PPAAYYYYMM12.shp,自然公園地域（ポリゴン）,AREA_CD,地区コード,
A10,2015年度版,2015,a001PPAAYYYYMM13.shp,自然公園地域（ポリゴン）,AREA_CD,地区コード,
A10,2015年度版,2015,a001PPAAYYYYMM11.shp,自然公園地域（ポリゴン）,CTV_NAME,市町村名,
A10,2015年度版,2015,a001PPAAYYYYMM12.shp,自然公園地域（ポリゴン）,CTV_NAME,市町村名,
A10,2015年度版,2015,a001PPAAYYYYMM13.shp,自然公園地域（ポリゴン）,CTV_NAME,市町村名,
A10,2015年度版,2015,a001PPAAYYYYMM11.shp,自然公園地域（ポリゴン）,FIS_YEAR,年度,
A10,2015年度版,2015,a001PPAAYYYYMM12.shp,自然公園地域（ポリゴン）,FIS_YEAR,年度,
A10,2015年度版,2015,a001PPAAYYYYMM13.shp,自然公園地域（ポリゴン）,FIS_YEAR,年度,
A10,2015年度版,2015,a001PPAAYYYYMM11.shp,自然公園地域（ポリゴン）,THEMA_NO,主題番号,
A10,2015年度版,2015,a001PPAAYYYYMM12.shp,自然公園地域（ポリゴン）,THEMA_NO,主題番号,
A10,2015年度版,2015,a001PPAAYYYYMM13.shp,自然公園地域（ポリゴン）,THEMA_NO,主題番号,
A10,2015年度版,2015,a001PPAAYYYYMM11.shp,自然公園地域（ポリゴン）,LAYER_NO,レイヤ番号,
A10,2015年度版,2015,a001PPAAYYYYMM12.shp,自然公園地域（ポリゴン）,LAYER_NO,レイヤ番号,
A10,2015年度版,2015,a001PPAAYYYYMM13.shp,自然公園地域（ポリゴン）,LAYER_NO,レイヤ番号,
A10,2015年度版,2015,a001PPAAYYYYMM11.shp,自然公園地域（ポリゴン）,OBJ_NAME,名称,
A10,2015年度版,2015,a001PPAAYYYYMM12.shp,自然公園地域（ポリゴン）,OBJ_NAME,名称,
A10,2015年度版,2015,a001PPAAYYYYMM13.shp,自然公園地域（ポリゴン）,OBJ_NAME,名称,
A10,2015年度版,2015,a001PPAAYYYYMM11.shp,自然公園地域（ポリゴン）,AREA_SIZE,ポリゴン面積(ha),
A10,2015年度版,2015,a001PPAAYYYYMM12.shp,自然公園地域（ポリゴン）,AREA_SIZE,ポリゴン面積(ha),
A10,2015年度版,2015,a001PPAAYYYYMM13.shp,自然公園地域（ポリゴン）,AREA_SIZE,ポリゴン面積(ha),
A10,2015年度版,2015,a001PPAAYYYYMM11.shp,自然公園地域（ポリゴン）,IOSIDE_DIV,内外区分,
A10,2015年度版,2015,a001PPAAYYYYMM12.shp,自然公園地域（ポリゴン）,IOSIDE_DIV,内外区分,
A10,2015年度版,2015,a001PPAAYYYYMM13.shp,自然公園地域（ポリゴン）,IOSIDE_DIV,内外区分,
A10,2015年度版,2015,a001PPAAYYYYMM11.shp,自然公園地域（ポリゴン）,REMARK_STR,備考,
A10,2015年度版,2015,a001PPAAYYYYMM12.shp,自然公園地域（ポリゴン）,REMARK_STR,備考,
A10,2015年度版,2015,a001PPAAYYYYMM13.shp,自然公園地域（ポリゴン）,REMARK_STR,備考,
A11,2015年度版,2015,a001PPAAYYYYMM14.shp,自然保全地域（ポリゴン）,PREFEC_CD,都道府県コード,
A11,2015年度版,2015,a001PPAAYYYYMM15.shp,自然保全地域（ポリゴン）,PREFEC_CD,都道府県コード,
A11,2015年度版,2015,a001PPAAYYYYMM16.shp,自然保全地域（ポリゴン）,PREFEC_CD,都道府県コード,
A11,2015年度版,2015,a001PPAAYYYYMM14.shp,自然保全地域（ポリゴン）,AREA_CD,地区コード,
A11,2015年度版,2015,a001PPAAYYYYMM15.shp,自然保全地域（ポリゴン）,AREA_CD,地区コード,
A11,2015年度版,2015,a001PPAAYYYYMM16.shp,自然保全地域（ポリゴン）,AREA_CD,地区コード,
A11,2015年度版,2015,a001PPAAYYYYMM14.shp,自然保全地域（ポリゴン）,CTV_NAME,市町村名,
A11,2015年度版,2015,a001PPAAYYYYMM15.shp,自然保全地域（ポリゴン）,CTV_NAME,市町村名,
A11,2015年度版,2015,a001PPAAYYYYMM16.shp,自然保全地域（ポリゴン）,CTV_NAME,市町村名,
A11,2015年度版,2015,a001PPAAYYYYMM14.shp,自然保全地域（ポリゴン）,FIS_YEAR,年度,
A11,2015年度版,2015,a001PPAAYYYYMM15.shp,自然保全地域（ポリゴン）,FIS_YEAR,年度,
A11,2015年度版,2015,a001PPAAYYYYMM16.shp,自然保全地域（ポリゴン）,FIS_YEAR,年度,
A11,2015年度版,2015,a001PPAAYYYYMM14.shp,自然保全地域（ポリゴン）,THEMA_NO,主題番号,
A11,2015年度版,2015,a001PPAAYYYYMM15.shp,自然保全地域（ポリゴン）,THEMA_NO,主題番号,
A11,2015年度版,2015,a001PPAAYYYYMM16.shp,自然保全地域（ポリゴン）,THEMA_NO,主題番号,
A11,2015年度版,2015,a001PPAAYYYYMM14.shp,自然保全地域（ポリゴン）,LAYER_NO,レイヤ番号,
A11,2015年度版,2015,a001PPAAYYYYMM15.shp,自然保全地域（ポリゴン）,LAYER_NO,レイヤ番号,
A11,2015年度版,2015,a001PPAAYYYYMM16.shp,自然保全地域（ポリゴン）,LAYER_NO,レイヤ番号,
A11,2015年度版,2015,a001PPAAYYYYMM14.shp,自然保全地域（ポリゴン）,OBJ_NAME,名称,
A11,2015年度版,2015,a001PPAAYYYYMM15.shp,自然保全地域（ポリゴン）,OBJ_NAME,名称,
A11,2015年度版,2015,a001PPAAYYYYMM16.shp,自然保全地域（ポリゴン）,OBJ_NAME,名称,
A11,2015年度版,2015,a001PPAAYYYYMM14.shp,自然保全地域（ポリゴン）,AREA_SIZE,ポリゴン面積(ha),
A11,2015年度版,2015,a001PPAAYYYYMM15.shp,自然保全地域（ポリゴン）,AREA_SIZE,ポリゴン面積(ha),
A11,2015年度版,2015,a001PPAAYYYYMM16.shp,自然保全地域（ポリゴン）,AREA_SIZE,ポリゴン面積(ha),
A11,2015年度版,2015,a001PPAAYYYYMM14.shp,自然保全地域（ポリゴン）,IOSIDE_DIV,内外区分,
A11,2015年度版,2015,a001PPAAYYYYMM15.shp,自然保全地域（ポリゴン）,IOSIDE_DIV,内外区分,
A11,2015年度版,2015,a001PPAAYYYYMM16.shp,自然保全地域（ポリゴン）,IOSIDE_DIV,内外区分,
A11,2015年度版,2015,a001PPAAYYYYMM14.shp,自然保全地域（ポリゴン）,REMARK_STR,備考,
A11,2015年度版,2015,a001PPAAYYYYMM15.shp,自然保全地域（ポリゴン）,REMARK_STR,備考,
A11,2015年度版,2015,a001PPAAYYYYMM16.shp,自然保全地域（ポリゴン）,REMARK_STR,備考,
A12,2015年度版,2015,a001PPAAYYYYMM05.shp,農業地域（ポリゴン）,PREFEC_CD,都道府県コード,
A12,2015年度版,2015,a001PPAAYYYYMM06.shp,農業地域（ポリゴン）,PREFEC_CD,都道府県コード,
A12,2015年度版,2015,a001PPAAYYYYMM05.shp,農業地域（ポリゴン）,AREA_CD,地区コード,
A12,2015年度版,2015,a001PPAAYYYYMM06.shp,農業地域（ポリゴン）,AREA_CD,地区コード,
A12,2015年度版,2015,a001PPAAYYYYMM05.shp,農業地域（ポリゴン）,CTV_NAME,市町村名,
A12,2015年度版,2015,a001PPAAYYYYMM06.shp,農業地域（ポリゴン）,CTV_NAME,市町村名,
A12,2015年度版,2015,a001PPAAYYYYMM05.shp,農業地域（ポリゴン）,FIS_YEAR,年度,
A12,2015年度版,2015,a001PPAAYYYYMM06.shp,農業地域（ポリゴン）,FIS_YEAR,年度,
A12,2015年度版,2015,a001PPAAYYYYMM05.shp,農業地域（ポリゴン）,THEMA_NO,主題番号,
A12,2015年度版,2015,a001PPAAYYYYMM06.shp,農業地域（ポリゴン）,THEMA_NO,主題番号,
A12,2015年度版,2015,a001PPAAYYYYMM05.shp,農業地域（ポリゴン）,LAYER_NO,レイヤ番号,
A12,2015年度版,2015,a001PPAAYYYYMM06.shp,農業地域（ポリゴン）,LAYER_NO,レイヤ番号,
A12,2015年度版,2015,a001PPAAYYYYMM05.shp,農業地域（ポリゴン）,OBJ_NAME,名称,
A12,2015年度版,2015,a001PPAAYYYYMM06.shp,農業地域（ポリゴン）,OBJ_NAME,名称,
A12,2015年度版,2015,a001PPAAYYYYMM05.shp,農業地域（ポリゴン）,AREA_SIZE,ポリゴン面積(ha),
A12,2015年度版,2015,a001PPAAYYYYMM06.shp,農業地域（ポリゴン）,AREA_SIZE,ポリゴン面積(ha),
A12,2015年度版,2015,a001PPAAYYYYMM05.shp,農業地域（ポリゴン）,IOSIDE_DIV,内外区分,
A12,2015年度版,2015,a001PPAAYYYYMM06.shp,農業地域（ポリゴン）,IOSIDE_DIV,内外区分,
A12,2015年度版,2015,a001PPAAYYYYMM05.shp,農業地域（ポリゴン）,REMARK_STR,備考,
A12,2015年度版,2015,a001PPAAYYYYMM06.shp,農業地域（ポリゴン）,REMARK_STR,備考,
A13,2015年度版,2015,a001PPAAYYYYMM07.shp,森林地域（ポリゴン）,PREFEC_CD,都道府県コード,
A13,2015年度版,2015,a001PPAAYYYYMM08.shp,森林地域（ポリゴン）,PREFEC_CD,都道府県コード,
A13,2015年度版,2015,a001PPAAYYYYMM09.shp,森林地域（ポリゴン）,PREFEC_CD,都道府県コード,
A13,2015年度版,2015,a001PPAAYYYYMM10.shp,森林地域（ポリゴン）,PREFEC_CD,都道府県コード,
A13,2015年度版,2015,a001PPAAYYYYMM07.shp,森林地域（ポリゴン）,AREA_CD,地区コード,
A13,2015年度版,2015,a001PPAAYYYYMM08.shp,森林地域（ポリゴン）,AREA_CD,地区コード,
A13,2015年度版,2015,a001PPAAYYYYMM09.shp,森林地域（ポリゴン）,AREA_CD,地区コード,
A13,2015年度版,2015,a001PPAAYYYYMM10.shp,森林地域（ポリゴン）,AREA_CD,地区コード,
A13,2015年度版,2015,a001PPAAYYYYMM07.shp,森林地域（ポリゴン）,CTV_NAME,市町村名,
A13,2015年度版,2015,a001PPAAYYYYMM08.shp,森林地域（ポリゴン）,CTV_NAME,市町村名,
A13,2015年度版,2015,a001PPAAYYYYMM09.shp,森林地域（ポリゴン）,CTV_NAME,市町村名,
A13,2015年度版,2015,a001PPAAYYYYMM10.shp,森林地域（ポリゴン）,CTV_NAME,市町村名,
A13,2015年度版,2015,a001PPAAYYYYMM07.shp,森林地域（ポリゴン）,FIS_YEAR,年度,
A13,2015年度版,2015,a001PPAAYYYYMM08.shp,森林地域（ポリゴン）,FIS_YEAR,年度,
A13,2015年度版,2015,a001PPAAYYYYMM09.shp,森林地域（ポリゴン）,FIS_YEAR,年度,
A13,2015年度版,2015,a001PPAAYYYYMM10.shp,森林地域（ポリゴン）,FIS_YEAR,年度,
A13,2015年度版,2015,a001PPAAYYYYMM07.shp,森林地域（ポリゴン）,THEMA_NO,主題番号,
A13,2015年度版,2015,a001PPAAYYYYMM08.shp,森林地域（ポリゴン）,THEMA_NO,主題番号,
A13,2015年度版,2015,a001PPAAYYYYMM09.shp,森林地域（ポリゴン）,THEMA_NO,主題番号,
A13,2015年度版,2015,a001PPAAYYYYMM10.shp,森林地域（ポリゴン）,THEMA_NO,主題番号,
A13,2015年度版,2015,a001PPAAYYYYMM07.shp,森林地域（ポリゴン）,LAYER_NO,レイヤ番号,
A13,2015年度版,2015,a001PPAAYYYYMM08.shp,森林地域（ポリゴン）,LAYER_NO,レイヤ番号,
A13,2015年度版,2015,a001PPAAYYYYMM09.shp,森林地域（ポリゴン）,LAYER_NO,レイヤ番号,
A13,2015年度版,2015,a001PPAAYYYYMM10.shp,森林地域（ポリゴン）,LAYER_NO,レイヤ番号,
A13,2015年度版,2015,a001PPAAYYYYMM07.shp,森林地域（ポリゴン）,OBJ_NAME,名称,
A13,2015年度版,2015,a001PPAAYYYYMM08.shp,森林地域（ポリゴン）,OBJ_NAME,名称,
A13,2015年度版,2015,a001PPAAYYYYMM09.shp,森林地域（ポリゴン）,OBJ_NAME,名称,
A13,2015年度版,2015,a001PPAAYYYYMM10.shp,森林地域（ポリゴン）,OBJ_NAME,名称,
A13,2015年度版,2015,a001PPAAYYYYMM07.shp,森林地域（ポリゴン）,AREA_SIZE,ポリゴン面積(ha),
A13,2015年度版,2015,a001PPAAYYYYMM08.shp,森林地域（ポリゴン）,AREA_SIZE,ポリゴン面積(ha),
A13,2015年度版,2015,a001PPAAYYYYMM09.shp,森林地域（ポリゴン）,AREA_SIZE,ポリゴン面積(ha),
A13,2015年度版,2015,a001PPAAYYYYMM10.shp,森林地域（ポリゴン）,AREA_SIZE,ポリゴン面積(ha),
A13,2015年度版,2015,a001PPAAYYYYMM07.shp,森林地域（ポリゴン）,IOSIDE_DIV,内外区分,
A13,2015年度版,2015,a001PPAAYYYYMM08.shp,森林地域（ポリゴン）,IOSIDE_DIV,内外区分,
A13,2015年度版,2015,a001PPAAYYYYMM09.shp,森林地域（ポリゴン）,IOSIDE_DIV,内外区分,
A13,2015年度版,2015,a001PPAAYYYYMM10.shp,森林地域（ポリゴン）,IOSIDE_DIV,内外区分,
A13,2015年度版,2015,a001PPAAYYYYMM07.shp,森林地域（ポリゴン）,REMARK_STR,備考,
A13,2015年度版,2015,a001PPAAYYYYMM08.shp,森林地域（ポリゴン）,REMARK_STR,備考,
A13,2015年度版,2015,a001PPAAYYYYMM09.shp,森林地域（ポリゴン）,REMARK_STR,備考,
A13,2015年度版,2015,a001PPAAYYYYMM10.shp,森林地域（ポリゴン）,REMARK_STR,備考,
A15,2015年度版,2015,A15_YY_PP_WildlifePreserve.shp,鳥獣保護区（ポリゴン）,A15_001,鳥獣保護区名,
A15,2015年度版,2015,A15_YY_PP_WildlifePreserve.shp,鳥獣保護区（ポリゴン）,A15_002,都道府県コード,
A15,2015年度版,2015,A15_YY_PP_WildlifePreserve.shp,鳥獣保護区（ポリゴン）,A15_003,指定機関：指定機関コード,
A15,2015年度版,2015,A15_YY_PP_WildlifePreserve.shp,鳥獣保護区（ポリゴン）,A15_004,保護区分：保護区分コード,
A15,2015年度版,2015,A15_YY_PP_WildlifePreserve.shp,鳥獣保護区（ポリゴン）,A15_005,指定日,
A15,2015年度版,2015,A15_YY_PP_WildlifePreserve.shp,鳥獣保護区（ポリゴン）,A15_006,解除日,
A15,2015年度版,2015,A15_YY_PP_WildlifePreserve.shp,鳥獣保護区（ポリゴン）,ORIG_FID,ORIG_FID,
A16,2020年度版,2020,A16-YY_PP_DID.shp,DID人口集中地区（ポリゴン）,A16_001,DIDid,
A16,2020年度版,2020,A16-YY_PP_DID.shp,DID人口集中地区（ポリゴン）,A16_002,市区町村コード,
A16,2020年度版,2020,A16-YY_PP_DID.shp,DID人口集中地区（ポリゴン）,A16_003,市区町村名称,
A16,2020年度版,2020,A16-YY_PP_DID.shp,DID人口集中地区（ポリゴン）,A16_004,人口集中地区符合,
A16,2020年度版,2020,A16-YY_PP_DID.shp,DID人口集中地区（ポリゴン）,A16_005,人口,
A16,2020年度版,2020,A16-YY_PP_DID.shp,DID人口集中地区（ポリゴン）,A16_006,面積,
A16,2020年度版,2020,A16-YY_PP_DID.shp,DID人口集中地区（ポリゴン）,A16_007,前回人口,
A16,2020年度版,2020,A16-YY_PP_DID.shp,DID人口集中地区（ポリゴン）,A16_008,前回面積,
A16,2020年度版,2020,A16-YY_PP_DID.shp,DID人口集中地区（ポリゴン）,A16_009,全域に占める人口集中地区の人口割合,
A16,2020年度版,2020,A16-YY_PP_DID.shp,DID人口集中地区（ポリゴン）,A16_010,全域に占める人口集中地区の面積割合,
A16,2020年度版,2020,A16-YY_PP_DID.shp,DID人口集中地区（ポリゴン）,A16_011,国勢調査年度,
A16,2020年度版,2020,A16-YY_PP_DID.shp,DID人口集中地区（ポリゴン）,A16_012,人口（男）,
A16,2020年度版,2020,A16-YY_PP_DID.shp,DID人口集中地区（ポリゴン）,A16_013,人口（女）,
A16,2020年度版,2020,A16-YY_PP_DID.shp,DID人口集中地区（ポリゴン）,A16_014,世帯数（総数）,
A17,2017年度版,2017,A17-YY_PP.shp,過疎地域（ポリゴン）,A17_001,過疎ID,
A17,2017年度版,2017,A17-YY_PP.shp,過疎地域（ポリゴン）,A17_002,行政区域コード,
A17,2017年度版,2017,A17-YY_PP.shp,過疎地域（ポリゴン）,A17_003,都道府県名,
A17,2017年度版,2017,A17-YY_PP.shp,過疎地域（ポリゴン）,A17_004,支庁・振興局名,
A17,2017年度版,2017,A17-YY_PP.shp,過疎地域（ポリゴン）,A17_005,郡・政令都市名,
A17,2017年度版,2017,A17-YY_PP.shp,過疎地域（ポリゴン）,A17_006,市区町村名,
A17,2017年度版,2017,A17-YY_PP.shp,過疎地域（ポリゴン）,A17_007,原典市区町村名,
A17,2017年度版,2017,A17-YY_PP.shp,過疎地域（ポリゴン）,A17_008,旧市町村名,
A17,2017年度版,2017,A17-YY_PP.shp,過疎地域（ポリゴン）,A17_009,過疎区分コード,
A18,2016年度版,2016,A18-YY_PP.shp,半島振興対策実施地域（ポリゴン）,A18_001,半島ID,
A18,2016年度版,2016,A18-YY_PP.shp,半島振興対策実施地域（ポリゴン）,A18_002,行政区域コード,
A18,2016年度版,2016,A18-YY_PP.shp,半島振興対策実施地域（ポリゴン）,A18_003,都道府県名,
A18,2016年度版,2016,A18-YY_PP.shp,半島振興対策実施地域（ポリゴン）,A18_004,支庁・振興局名,
A18,2016年度版,2016,A18-YY_PP.shp,半島振興対策実施地域（ポリゴン）,A18_005,郡・政令都市名,
A18,2016年度版,2016,A18-YY_PP.shp,半島振興対策実施地域（ポリゴン）,A18_006,市区町村名,
A18,2016年度版,2016,A18-YY_PP.shp,半島振興対策実施地域（ポリゴン）,A18_007,原典市区町村名,
A18,2016年度版,2016,A18-YY_PP.shp,半島振興対策実施地域（ポリゴン）,A18_008,旧市町村名,
A18,2016年度版,2016,A18-YY_PP.shp,半島振興対策実施地域（ポリゴン）,A18_009,指定地域名,
A18,2016年度版,2016,A18-YY_PP.shp,半島振興対策実施地域（ポリゴン）,A18_010,指定日,
A18s_a,2012年度版,2012,A18s_a_YY_01.shp,半島振興対策実施地域統計情報（ポリゴン）,A18_001,半島振興対策実施地域_半島振興対策実施地域ID,
A18s_a,2012年度版,2012,A18s_a_YY_01.shp,半島振興対策実施地域統計情報（ポリゴン）,A18_002,半島振興対策実施地域_行政コード,
A18s_a,2012年度版,2012,A18s_a_YY_01.shp,半島振興対策実施地域統計情報（ポリゴン）,A18_003,半島振興対策実施地域_都道府県名,
A18s_a,2012年度版,2012,A18s_a_YY_01.shp,半島振興対策実施地域統計情報（ポリゴン）,A18_004,半島振興対策実施地域_支庁名,
A18s_a,2012年度版,2012,A18s_a_YY_01.shp,半島振興対策実施地域統計情報（ポリゴン）,A18_005,半島振興対策実施地域_郡・政令市名,
A18s_a,2012年度版,2012,A18s_a_YY_01.shp,半島振興対策実施地域統計情報（ポリゴン）,A18_006,半島振興対策実施地域_市区町村名,
A18s_a,2012年度版,2012,A18s_a_YY_01.shp,半島振興対策実施地域統計情報（ポリゴン）,A18_007,半島振興対策実施地域_指定地域名,
A18s_a,2012年度版,2012,A18s_a_YY_01.shp,半島振興対策実施地域統計情報（ポリゴン）,A18_008,半島振興対策実施地域_指定状況コード,
A18s_a,2012年度版,2012,A18s_a_YY_01.shp,半島振興対策実施地域統計情報（ポリゴン）,A18_009,人口・世帯数_調査年度,
A18s_a,2012年度版,2012,A18s_a_YY_01.shp,半島振興対策実施地域統計情報（ポリゴン）,A18_010,人口・世帯数_概要_人口,
A18s_a,2012年度版,2012,A18s_a_YY_01.shp,半島振興対策実施地域統計情報（ポリゴン）,A18_011,人口・世帯数_概要_世帯数,
A18s_a,2012年度版,2012,A18s_a_YY_01.shp,半島振興対策実施地域統計情報（ポリゴン）,A18_012,人口・世帯数_男_国勢調査人口総数,
A18s_a,2012年度版,2012,A18s_a_YY_01.shp,半島振興対策実施地域統計情報（ポリゴン）,A18_013,人口・世帯数_男_年少人口_0-4,
A18s_a,2012年度版,2012,A18s_a_YY_01.shp,半島振興対策実施地域統計情報（ポリゴン）,A18_014,人口・世帯数_男_年少人口_5-9,
A18s_a,2012年度版,2012,A18s_a_YY_01.shp,半島振興対策実施地域統計情報（ポリゴン）,A18_015,人口・世帯数_男_年少人口_10-14,
A18s_a,2012年度版,2012,A18s_a_YY_01.shp,半島振興対策実施地域統計情報（ポリゴン）,A18_016,人口・世帯数_男_年少人口_小計,
A18s_a,2012年度版,2012,A18s_a_YY_01.shp,半島振興対策実施地域統計情報（ポリゴン）,A18_017,人口・世帯数_男_生産年齢人口_15-19,
A18s_a,2012年度版,2012,A18s_a_YY_01.shp,半島振興対策実施地域統計情報（ポリゴン）,A18_018,人口・世帯数_男_生産年齢人口_20-24,
A18s_a,2012年度版,2012,A18s_a_YY_01.shp,半島振興対策実施地域統計情報（ポリゴン）,A18_019,人口・世帯数_男_生産年齢人口_25-29,
A18s_a,2012年度版,2012,A18s_a_YY_01.shp,半島振興対策実施地域統計情報（ポリゴン）,A18_020,人口・世帯数_男_生産年齢人口_30-34,
A18s_a,2012年度版,2012,A18s_a_YY_01.shp,半島振興対策実施地域統計情報（ポリゴン）,A18_021,人口・世帯数_男_生産年齢人口_35-39,
A18s_a,2012年度版,2012,A18s_a_YY_01.shp,半島振興対策実施地域統計情報（ポリゴン）,A18_022,人口・世帯数_男_生産年齢人口_40-44,
A18s_a,2012年度版,2012,A18s_a_YY_01.shp,半島振興対策実施地域統計情報（ポリゴン）,A18_023,人口・世帯数_男_生産年齢人口_45-49,
A18s_a,2012年度版,2012,A18s_a_YY_01.shp,半島振興対策実施地域統計情報（ポリゴン）,A18_024,人口・世帯数_男_生産年齢人口_50-54,
A18s_a,2012年度版,2012,A18s_a_YY_01.shp,半島振興対策実施地域統計情報（ポリゴン）,A18_025,人口・世帯数_男_生産年齢人口_55-59,
A18s_a,2012年度版,2012,A18s_a_YY_01.shp,半島振興対策実施地域統計情報（ポリゴン）,A18_026,人口・世帯数_男_生産年齢人口_60-64,
A18s_a,2012年度版,2012,A18s_a_YY_01.shp,半島振興対策実施地域統計情報（ポリゴン）,A18_027,人口・世帯数_男_生産年齢人口_小計,
A18s_a,2012年度版,2012,A18s_a_YY_01.shp,半島振興対策実施地域統計情報（ポリゴン）,A18_028,人口・世帯数_男_老年人口_65-69,
A18s_a,2012年度版,2012,A18s_a_YY_01.shp,半島振興対策実施地域統計情報（ポリゴン）,A18_029,人口・世帯数_男_老年人口_70-74,
A18s_a,2012年度版,2012,A18s_a_YY_01.shp,半島振興対策実施地域統計情報（ポリゴン）,A18_030,人口・世帯数_男_老年人口_75-79,
A18s_a,2012年度版,2012,A18s_a_YY_01.shp,半島振興対策実施地域統計情報（ポリゴン）,A18_031,人口・世帯数_男_老年人口_80-84,
A18s_a,2012年度版,2012,A18s_a_YY_01.shp,半島振興対策実施地域統計情報（ポリゴン）,A18_032,人口・世帯数_男_老年人口_85歳以上,
A18s_a,2012年度版,2012,A18s_a_YY_01.shp,半島振興対策実施地域統計情報（ポリゴン）,A18_033,人口・世帯数_男_老年人口_小計,
A18s_a,2012年度版,2012,A18s_a_YY_01.shp,半島振興対策実施地域統計情報（ポリゴン）,A18_034,人口・世帯数_男_不詳,
A18s_a,2012年度版,2012,A18s_a_YY_01.shp,半島振興対策実施地域統計情報（ポリゴン）,A18_035,人口・世帯数_女_国勢調査人口総数,
A18s_a,2012年度版,2012,A18s_a_YY_01.shp,半島振興対策実施地域統計情報（ポリゴン）,A18_036,人口・世帯数_女_年少人口_0-4,
A18s_a,2012年度版,2012,A18s_a_YY_01.shp,半島振興対策実施地域統計情報（ポリゴン）,A18_037,人口・世帯数_女_年少人口_5-9,
A18s_a,2012年度版,2012,A18s_a_YY_01.shp,半島振興対策実施地域統計情報（ポリゴン）,A18_038,人口・世帯数_女_年少人口_10-14,
A18s_a,2012年度版,2012,A18s_a_YY_01.shp,半島振興対策実施地域統計情報（ポリゴン）,A18_039,人口・世帯数_女_年少人口_小計,
A18s_a,2012年度版,2012,A18s_a_YY_01.shp,半島振興対策実施地域統計情報（ポリゴン）,A18_040,人口・世帯数_女_生産年齢人口_15-19,
A18s_a,2012年度版,2012,A18s_a_YY_01.shp,半島振興対策実施地域統計情報（ポリゴン）,A18_041,人口・世帯数_女_生産年齢人口_20-24,
A18s_a,2012年度版,2012,A18s_a_YY_01.shp,半島振興対策実施地域統計情報（ポリゴン）,A18_042,人口・世帯数_女_生産年齢人口_25-29,
A18s_a,2012年度版,2012,A18s_a_YY_01.shp,半島振興対策実施地域統計情報（ポリゴン）,A18_043,人口・世帯数_女_生産年齢人口_30-34,
A18s_a,2012年度版,2012,A18s_a_YY_01.shp,半島振興対策実施地域統計情報（ポリゴン）,A18_044,人口・世帯数_女_生産年齢人口_35-39,
A18s_a,2012年度版,2012,A18s_a_YY_01.shp,半島振興対策実施地域統計情報（ポリゴン）,A18_045,人口・世帯数_女_生産年齢人口_40-44,
A18s_a,2012年度版,2012,A18s_a_YY_01.shp,半島振興対策実施地域統計情報（ポリゴン）,A18_046,人口・世帯数_女_生産年齢人口_45-49,
A18s_a,2012年度版,2012,A18s_a_YY_01.shp,半島振興対策実施地域統計情報（ポリゴン）,A18_047,人口・世帯数_女_生産年齢人口_50-54,
A18s_a,2012年度版,2012,A18s_a_YY_01.shp,半島振興対策実施地域統計情報（ポリゴン）,A18_048,人口・世帯数_女_生産年齢人口_55-59,
A18s_a,2012年度版,2012,A18s_a_YY_01.shp,半島振興対策実施地域統計情報（ポリゴン）,A18_049,人口・世帯数_女_生産年齢人口_60-64,
A18s_a,2012年度版,2012,A18s_a_YY_01.shp,半島振興対策実施地域統計情報（ポリゴン）,A18_050,人口・世帯数_女_生産年齢人口_小計,
A18s_a,2012年度版,2012,A18s_a_YY_01.shp,半島振興対策実施地域統計情報（ポリゴン）,A18_051,人口・世帯数_女_老年人口_65-69,
A18s_a,2012年度版,2012,A18s_a_YY_01.shp,半島振興対策実施地域統計情報（ポリゴン）,A18_052,人口・世帯数_女_老年人口_70-74,
A18s_a,2012年度版,2012,A18s_a_YY_01.shp,半島振興対策実施地域統計情報（ポリゴン）,A18_053,人口・世帯数_女_老年人口_75-79,
A18s_a,2012年度版,2012,A18s_a_YY_01.shp,半島振興対策実施地域統計情報（ポリゴン）,A18_054,人口・世帯数_女_老年人口_80-84,
A18s_a,2012年度版,2012,A18s_a_YY_01.shp,半島振興対策実施地域統計情報（ポリゴン）,A18_055,人口・世帯数_女_老年人口_85歳以上,
A18s_a,2012年度版,2012,A18s_a_YY_01.shp,半島振興対策実施地域統計情報（ポリゴン）,A18_056,人口・世帯数_女_老年人口_小計,
A18s_a,2012年度版,2012,A18s_a_YY_01.shp,半島振興対策実施地域統計情報（ポリゴン）,A18_057,人口・世帯数_女_不詳,
A18s_a,2012年度版,2012,A18s_a_YY_01.shp,半島振興対策実施地域統計情報（ポリゴン）,A18_058,人口・世帯数_男女計_国勢調査人口総数,
A18s_a,2012年度版,2012,A18s_a_YY_01.shp,半島振興対策実施地域統計情報（ポリゴン）,A18_059,人口・世帯数_男女計_年少人口_0-4,
A18s_a,2012年度版,2012,A18s_a_YY_01.shp,半島振興対策実施地域統計情報（ポリゴン）,A18_060,人口・世帯数_男女計_年少人口_5-9,
A18s_a,2012年度版,2012,A18s_a_YY_01.shp,半島振興対策実施地域統計情報（ポリゴン）,A18_061,人口・世帯数_男女計_年少人口_10-14,
A18s_a,2012年度版,2012,A18s_a_YY_01.shp,半島振興対策実施地域統計情報（ポリゴン）,A18_062,人口・世帯数_男女計_年少人口_小計,
A18s_a,2012年度版,2012,A18s_a_YY_01.shp,半島振興対策実施地域統計情報（ポリゴン）,A18_063,人口・世帯数_男女計_生産年齢人口_15-19,
A18s_a,2012年度版,2012,A18s_a_YY_01.shp,半島振興対策実施地域統計情報（ポリゴン）,A18_064,人口・世帯数_男女計_生産年齢人口_20-24,
A18s_a,2012年度版,2012,A18s_a_YY_01.shp,半島振興対策実施地域統計情報（ポリゴン）,A18_065,人口・世帯数_男女計_生産年齢人口_25-29,
A18s_a,2012年度版,2012,A18s_a_YY_01.shp,半島振興対策実施地域統計情報（ポリゴン）,A18_066,人口・世帯数_男女計_生産年齢人口_30-34,
A18s_a,2012年度版,2012,A18s_a_YY_01.shp,半島振興対策実施地域統計情報（ポリゴン）,A18_067,人口・世帯数_男女計_生産年齢人口_35-39,
A18s_a,2012年度版,2012,A18s_a_YY_01.shp,半島振興対策実施地域統計情報（ポリゴン）,A18_068,人口・世帯数_男女計_生産年齢人口_40-44,
A18s_a,2012年度版,2012,A18s_a_YY_01.shp,半島振興対策実施地域統計情報（ポリゴン）,A18_069,人口・世帯数_男女計_生産年齢人口_45-49,
A18s_a,2012年度版,2012,A18s_a_YY_01.shp,半島振興対策実施地域統計情報（ポリゴン）,A18_070,人口・世帯数_男女計_生産年齢人口_50-54,
A18s_a,2012年度版,2012,A18s_a_YY_01.shp,半島振興対策実施地域統計情報（ポリゴン）,A18_071,人口・世帯数_男女計_生産年齢人口_55-59,
A18s_a,2012年度版,2012,A18s_a_YY_01.shp,半島振興対策実施地域統計情報（ポリゴン）,A18_072,人口・世帯数_男女計_生産年齢人口_60-64,
A18s_a,2012年度版,2012,A18s_a_YY_01.shp,半島振興対策実施地域統計情報（ポリゴン）,A18_073,人口・世帯数_男女計_生産年齢人口_小計,
A18s_a,2012年度版,2012,A18s_a_YY_01.shp,半島振興対策実施地域統計情報（ポリゴン）,A18_074,人口・世帯数_男女計_老年人口_65-69,
A18s_a,2012年度版,2012,A18s_a_YY_01.shp,半島振興対策実施地域統計情報（ポリゴン）,A18_075,人口・世帯数_男女計_老年人口_70-74,
A18s_a,2012年度版,2012,A18s_a_YY_01.shp,半島振興対策実施地域統計情報（ポリゴン）,A18_076,人口・世帯数_男女計_老年人口_75-79,
A18s_a,2012年度版,2012,A18s_a_YY_01.shp,半島振興対策実施地域統計情報（ポリゴン）,A18_077,人口・世帯数_男女計_老年人口_80-84,
A18s_a,2012年度版,2012,A18s_a_YY_01.shp,半島振興対策実施地域統計情報（ポリゴン）,A18_078,人口・世帯数_男女計_老年人口_85歳以上,
A18s_a,2012年度版,2012,A18s_a_YY_01.shp,半島振興対策実施地域統計情報（ポリゴン）,A18_079,人口・世帯数_男女計_老年人口_小計,
A18s_a,2012年度版,2012,A18s_a_YY_01.shp,半島振興対策実施地域統計情報（ポリゴン）,A18_080,人口・世帯数_男女計_不詳,
A18s_a,2012年度版,2012,A18s_a_YY_01.shp,半島振興対策実施地域統計情報（ポリゴン）,A18_081,人口・世帯数_就業者数_就業者総数,
A18s_a,2012年度版,2012,A18s_a_YY_01.shp,半島振興対策実施地域統計情報（ポリゴン）,A18_082,人口・世帯数_就業者数_第1次_農業,
A18s_a,2012年度版,2012,A18s_a_YY_01.shp,半島振興対策実施地域統計情報（ポリゴン）,A18_083,人口・世帯数_就業者数_第1次_農業、林業,
A18s_a,2012年度版,2012,A18s_a_YY_01.shp,半島振興対策実施地域統計情報（ポリゴン）,A18_084,人口・世帯数_就業者数_第1次_農業、林業（うち農業）,
A18s_a,2012年度版,2012,A18s_a_YY_01.shp,半島振興対策実施地域統計情報（ポリゴン）,A18_085,人口・世帯数_就業者数_第1次_林業,
A18s_a,2012年度版,2012,A18s_a_YY_01.shp,半島振興対策実施地域統計情報（ポリゴン）,A18_086,人口・世帯数_就業者数_第1次_漁業,
A18s_a,2012年度版,2012,A18s_a_YY_01.shp,半島振興対策実施地域統計情報（ポリゴン）,A18_087,人口・世帯数_就業者数_第1次_小計,
A18s_a,2012年度版,2012,A18s_a_YY_01.shp,半島振興対策実施地域統計情報（ポリゴン）,A18_088,人口・世帯数_就業者数_第2次_鉱業,
A18s_a,2012年度版,2012,A18s_a_YY_01.shp,半島振興対策実施地域統計情報（ポリゴン）,A18_089,人口・世帯数_就業者数_第2次_鉱業、採石業、砂利採取業,
A18s_a,2012年度版,2012,A18s_a_YY_01.shp,半島振興対策実施地域統計情報（ポリゴン）,A18_090,人口・世帯数_就業者数_第2次_建設業,
A18s_a,2012年度版,2012,A18s_a_YY_01.shp,半島振興対策実施地域統計情報（ポリゴン）,A18_091,人口・世帯数_就業者数_第2次_製造業,
A18s_a,2012年度版,2012,A18s_a_YY_01.shp,半島振興対策実施地域統計情報（ポリゴン）,A18_092,人口・世帯数_就業者数_第2次_小計,
A18s_a,2012年度版,2012,A18s_a_YY_01.shp,半島振興対策実施地域統計情報（ポリゴン）,A18_093,人口・世帯数_就業者数_第3次_電気・ガス・熱供給・水道業,
A18s_a,2012年度版,2012,A18s_a_YY_01.shp,半島振興対策実施地域統計情報（ポリゴン）,A18_094,人口・世帯数_就業者数_第3次_運輸・通信業,
A18s_a,2012年度版,2012,A18s_a_YY_01.shp,半島振興対策実施地域統計情報（ポリゴン）,A18_095,人口・世帯数_就業者数_第3次_情報・通信業,
A18s_a,2012年度版,2012,A18s_a_YY_01.shp,半島振興対策実施地域統計情報（ポリゴン）,A18_096,人口・世帯数_就業者数_第3次_運輸業,
A18s_a,2012年度版,2012,A18s_a_YY_01.shp,半島振興対策実施地域統計情報（ポリゴン）,A18_097,人口・世帯数_就業者数_第3次_運輸業、郵便業,
A18s_a,2012年度版,2012,A18s_a_YY_01.shp,半島振興対策実施地域統計情報（ポリゴン）,A18_098,人口・世帯数_就業者数_第3次_卸売・小売業・飲食店,
A18s_a,2012年度版,2012,A18s_a_YY_01.shp,半島振興対策実施地域統計情報（ポリゴン）,A18_099,人口・世帯数_就業者数_第3次_卸売・小売業,
A18s_a,2012年度版,2012,A18s_a_YY_01.shp,半島振興対策実施地域統計情報（ポリゴン）,A18_100,人口・世帯数_就業者数_第3次_金融・保険業,
A18s_a,2012年度版,2012,A18s_a_YY_01.shp,半島振興対策実施地域統計情報（ポリゴン）,A18_101,人口・世帯数_就業者数_第3次_不動産業,
A18s_a,2012年度版,2012,A18s_a_YY_01.shp,半島振興対策実施地域統計情報（ポリゴン）,A18_102,人口・世帯数_就業者数_第3次_不動産業、物品賃貸業,
A18s_a,2012年度版,2012,A18s_a_YY_01.shp,半島振興対策実施地域統計情報（ポリゴン）,A18_103,人口・世帯数_就業者数_第3次_学術研究、専門・技術サービス業,
A18s_a,2012年度版,2012,A18s_a_YY_01.shp,半島振興対策実施地域統計情報（ポリゴン）,A18_104,人口・世帯数_就業者数_第3次_飲食店・宿泊業,
A18s_a,2012年度版,2012,A18s_a_YY_01.shp,半島振興対策実施地域統計情報（ポリゴン）,A18_105,人口・世帯数_就業者数_第3次_宿泊業、飲食サービス業,
A18s_a,2012年度版,2012,A18s_a_YY_01.shp,半島振興対策実施地域統計情報（ポリゴン）,A18_106,人口・世帯数_就業者数_第3次_生活関連サービス業、娯楽業,
A18s_a,2012年度版,2012,A18s_a_YY_01.shp,半島振興対策実施地域統計情報（ポリゴン）,A18_107,人口・世帯数_就業者数_第3次_医療･福祉,
A18s_a,2012年度版,2012,A18s_a_YY_01.shp,半島振興対策実施地域統計情報（ポリゴン）,A18_108,人口・世帯数_就業者数_第3次_教育・学習支援業,
A18s_a,2012年度版,2012,A18s_a_YY_01.shp,半島振興対策実施地域統計情報（ポリゴン）,A18_109,人口・世帯数_就業者数_第3次_複合サービス事業,
A18s_a,2012年度版,2012,A18s_a_YY_01.shp,半島振興対策実施地域統計情報（ポリゴン）,A18_110,人口・世帯数_就業者数_第3次_サービス業,
A18s_a,2012年度版,2012,A18s_a_YY_01.shp,半島振興対策実施地域統計情報（ポリゴン）,A18_111,人口・世帯数_就業者数_第3次_公務,
A18s_a,2012年度版,2012,A18s_a_YY_01.shp,半島振興対策実施地域統計情報（ポリゴン）,A18_112,人口・世帯数_就業者数_第3次_小計,
A18s_a,2012年度版,2012,A18s_a_YY_01.shp,半島振興対策実施地域統計情報（ポリゴン）,A18_113,人口・世帯数_就業者数_分類不能,
A18s_a,2012年度版,2012,A18s_a_YY_02.shp,半島振興対策実施地域統計情報（ポリゴン）,A18_001,半島振興対策実施地域_半島振興対策実施地域ID,
A18s_a,2012年度版,2012,A18s_a_YY_02.shp,半島振興対策実施地域統計情報（ポリゴン）,A18_002,半島振興対策実施地域_行政コード,
A18s_a,2012年度版,2012,A18s_a_YY_02.shp,半島振興対策実施地域統計情報（ポリゴン）,A18_003,半島振興対策実施地域_都道府県名,
A18s_a,2012年度版,2012,A18s_a_YY_02.shp,半島振興対策実施地域統計情報（ポリゴン）,A18_004,半島振興対策実施地域_支庁名,
A18s_a,2012年度版,2012,A18s_a_YY_02.shp,半島振興対策実施地域統計情報（ポリゴン）,A18_005,半島振興対策実施地域_郡・政令市名,
A18s_a,2012年度版,2012,A18s_a_YY_02.shp,半島振興対策実施地域統計情報（ポリゴン）,A18_006,半島振興対策実施地域_市区町村名,
A18s_a,2012年度版,2012,A18s_a_YY_02.shp,半島振興対策実施地域統計情報（ポリゴン）,A18_007,半島振興対策実施地域_指定地域名,
A18s_a,2012年度版,2012,A18s_a_YY_02.shp,半島振興対策実施地域統計情報（ポリゴン）,A18_008,半島振興対策実施地域_指定状況コード,
A18s_a,2012年度版,2012,A18s_a_YY_02.shp,半島振興対策実施地域統計情報（ポリゴン）,A18_114,産業_調査年度,
A18s_a,2012年度版,2012,A18s_a_YY_02.shp,半島振興対策実施地域統計情報（ポリゴン）,A18_115,産業_事業所_全産業,
A18s_a,2012年度版,2012,A18s_a_YY_02.shp,半島振興対策実施地域統計情報（ポリゴン）,A18_116,産業_事業所_全産業（S公務を除く）,
A18s_a,2012年度版,2012,A18s_a_YY_02.shp,半島振興対策実施地域統計情報（ポリゴン）,A18_117,産業_事業所_農林漁業,
A18s_a,2012年度版,2012,A18s_a_YY_02.shp,半島振興対策実施地域統計情報（ポリゴン）,A18_118,産業_事業所_非農林漁業1,
A18s_a,2012年度版,2012,A18s_a_YY_02.shp,半島振興対策実施地域統計情報（ポリゴン）,A18_119,産業_事業所_非農林漁業2,
A18s_a,2012年度版,2012,A18s_a_YY_02.shp,半島振興対策実施地域統計情報（ポリゴン）,A18_120,産業_事業所_鉱業,
A18s_a,2012年度版,2012,A18s_a_YY_02.shp,半島振興対策実施地域統計情報（ポリゴン）,A18_121,産業_事業所_鉱業、採石業、砂利採取業,
A18s_a,2012年度版,2012,A18s_a_YY_02.shp,半島振興対策実施地域統計情報（ポリゴン）,A18_122,産業_事業所_建設業,
A18s_a,2012年度版,2012,A18s_a_YY_02.shp,半島振興対策実施地域統計情報（ポリゴン）,A18_123,産業_事業所_製造業,
A18s_a,2012年度版,2012,A18s_a_YY_02.shp,半島振興対策実施地域統計情報（ポリゴン）,A18_124,産業_事業所_電気・ガス・熱供給・水道業,
A18s_a,2012年度版,2012,A18s_a_YY_02.shp,半島振興対策実施地域統計情報（ポリゴン）,A18_125,産業_事業所_運輸・通信業,
A18s_a,2012年度版,2012,A18s_a_YY_02.shp,半島振興対策実施地域統計情報（ポリゴン）,A18_126,産業_事業所_情報・通信業,
A18s_a,2012年度版,2012,A18s_a_YY_02.shp,半島振興対策実施地域統計情報（ポリゴン）,A18_127,産業_事業所_運輸業,
A18s_a,2012年度版,2012,A18s_a_YY_02.shp,半島振興対策実施地域統計情報（ポリゴン）,A18_128,産業_事業所_運輸業、郵便業,
A18s_a,2012年度版,2012,A18s_a_YY_02.shp,半島振興対策実施地域統計情報（ポリゴン）,A18_129,産業_事業所_卸売・小売業・飲食業,
A18s_a,2012年度版,2012,A18s_a_YY_02.shp,半島振興対策実施地域統計情報（ポリゴン）,A18_130,産業_事業所_卸売・小売業,
A18s_a,2012年度版,2012,A18s_a_YY_02.shp,半島振興対策実施地域統計情報（ポリゴン）,A18_131,産業_事業所_金融・保険業,
A18s_a,2012年度版,2012,A18s_a_YY_02.shp,半島振興対策実施地域統計情報（ポリゴン）,A18_132,産業_事業所_不動産業,
A18s_a,2012年度版,2012,A18s_a_YY_02.shp,半島振興対策実施地域統計情報（ポリゴン）,A18_133,産業_事業所_不動産業、物品賃貸業,
A18s_a,2012年度版,2012,A18s_a_YY_02.shp,半島振興対策実施地域統計情報（ポリゴン）,A18_134,産業_事業所_学術研究、専門・技術サービス業,
A18s_a,2012年度版,2012,A18s_a_YY_02.shp,半島振興対策実施地域統計情報（ポリゴン）,A18_135,産業_事業所_飲食店・宿泊業,
A18s_a,2012年度版,2012,A18s_a_YY_02.shp,半島振興対策実施地域統計情報（ポリゴン）,A18_136,産業_事業所_宿泊業、飲食サービス業,
A18s_a,2012年度版,2012,A18s_a_YY_02.shp,半島振興対策実施地域統計情報（ポリゴン）,A18_137,産業_事業所_生活関連サービス業、娯楽業,
A18s_a,2012年度版,2012,A18s_a_YY_02.shp,半島振興対策実施地域統計情報（ポリゴン）,A18_138,産業_事業所_医療･福祉,
A18s_a,2012年度版,2012,A18s_a_YY_02.shp,半島振興対策実施地域統計情報（ポリゴン）,A18_139,産業_事業所_教育・学習支援業,
A18s_a,2012年度版,2012,A18s_a_YY_02.shp,半島振興対策実施地域統計情報（ポリゴン）,A18_140,産業_事業所_複合サービス事業,
A18s_a,2012年度版,2012,A18s_a_YY_02.shp,半島振興対策実施地域統計情報（ポリゴン）,A18_141,産業_事業所_サービス業,
A18s_a,2012年度版,2012,A18s_a_YY_02.shp,半島振興対策実施地域統計情報（ポリゴン）,A18_142,産業_事業所_公務,
A18s_a,2012年度版,2012,A18s_a_YY_02.shp,半島振興対策実施地域統計情報（ポリゴン）,A18_143,産業_事業所_1～4人,
A18s_a,2012年度版,2012,A18s_a_YY_02.shp,半島振興対策実施地域統計情報（ポリゴン）,A18_144,産業_事業所_5～9人,
A18s_a,2012年度版,2012,A18s_a_YY_02.shp,半島振興対策実施地域統計情報（ポリゴン）,A18_145,産業_事業所_10～19人,
A18s_a,2012年度版,2012,A18s_a_YY_02.shp,半島振興対策実施地域統計情報（ポリゴン）,A18_146,産業_事業所_20～29人,
A18s_a,2012年度版,2012,A18s_a_YY_02.shp,半島振興対策実施地域統計情報（ポリゴン）,A18_147,産業_事業所_30人以上,
A18s_a,2012年度版,2012,A18s_a_YY_02.shp,半島振興対策実施地域統計情報（ポリゴン）,A18_148,産業_事業所_派遣・下請従業者のみ,
A18s_a,2012年度版,2012,A18s_a_YY_02.shp,半島振興対策実施地域統計情報（ポリゴン）,A18_149,産業_事業所_経営組織別事業所数（民営事業所）,
A18s_a,2012年度版,2012,A18s_a_YY_02.shp,半島振興対策実施地域統計情報（ポリゴン）,A18_150,産業_事業所_事業所の形態別事業所数（民営事業所）,
A18s_a,2012年度版,2012,A18s_a_YY_02.shp,半島振興対策実施地域統計情報（ポリゴン）,A18_151,産業_事業所_うち個人,
A18s_a,2012年度版,2012,A18s_a_YY_02.shp,半島振興対策実施地域統計情報（ポリゴン）,A18_152,産業_事業所_うち法人,
A18s_a,2012年度版,2012,A18s_a_YY_02.shp,半島振興対策実施地域統計情報（ポリゴン）,A18_153,産業_事業所_うち会社,
A18s_a,2012年度版,2012,A18s_a_YY_02.shp,半島振興対策実施地域統計情報（ポリゴン）,A18_154,産業_事業所_店舗・飲食店,
A18s_a,2012年度版,2012,A18s_a_YY_02.shp,半島振興対策実施地域統計情報（ポリゴン）,A18_155,産業_事業所_事務所・営業所,
A18s_a,2012年度版,2012,A18s_a_YY_02.shp,半島振興対策実施地域統計情報（ポリゴン）,A18_156,産業_事業所_工場・作業所・鉱業所,
A18s_a,2012年度版,2012,A18s_a_YY_02.shp,半島振興対策実施地域統計情報（ポリゴン）,A18_157,産業_事業所_輸送センター・配送センター・これらの倉庫,
A18s_a,2012年度版,2012,A18s_a_YY_02.shp,半島振興対策実施地域統計情報（ポリゴン）,A18_158,産業_事業所_自家用倉庫・自家用油槽所,
A18s_a,2012年度版,2012,A18s_a_YY_02.shp,半島振興対策実施地域統計情報（ポリゴン）,A18_159,産業_事業所_外見上一般の住居と区別しにくい事業所,
A18s_a,2012年度版,2012,A18s_a_YY_02.shp,半島振興対策実施地域統計情報（ポリゴン）,A18_160,産業_事業所_その他（学校・病院・寺社・旅館・浴場など）,
A19,2017年度版,2017,A19-YY_PP.shp,離島振興対策実施地域（ポリゴン）,A19_001,離島ID,
A19,2017年度版,2017,A19-YY_PP.shp,離島振興対策実施地域（ポリゴン）,A19_002,行政区域コード,
A19,2017年度版,2017,A19-YY_PP.shp,離島振興対策実施地域（ポリゴン）,A19_003,都道府県名,
A19,2017年度版,2017,A19-YY_PP.shp,離島振興対策実施地域（ポリゴン）,A19_004,支庁・振興局名,
A19,2017年度版,2017,A19-YY_PP.shp,離島振興対策実施地域（ポリゴン）,A19_005,郡・政令都市名,
A19,2017年度版,2017,A19-YY_PP.shp,離島振興対策実施地域（ポリゴン）,A19_006,市区町村名,
A19,2017年度版,2017,A19-YY_PP.shp,離島振興対策実施地域（ポリゴン）,A19_007,原典市区町村名,
A19,2017年度版,2017,A19-YY_PP.shp,離島振興対策実施地域（ポリゴン）,A19_008,指定地域名,
A19,2017年度版,2017,A19-YY_PP.shp,離島振興対策実施地域（ポリゴン）,A19_009,島名,
A19s,2012年度版,2012,A19s_YY_01_PP.shp,離島振興対策実施地域統計情報（ポリゴン）,A19_001,離島振興対策実施地域_離島振興対策実施地域ID,
A19s,2012年度版,2012,A19s_YY_01_PP.shp,離島振興対策実施地域統計情報（ポリゴン）,A19_002,離島振興対策実施地域_行政コード,
A19s,2012年度版,2012,A19s_YY_01_PP.shp,離島振興対策実施地域統計情報（ポリゴン）,A19_003,離島振興対策実施地域_都道府県名,
A19s,2012年度版,2012,A19s_YY_01_PP.shp,離島振興対策実施地域統計情報（ポリゴン）,A19_004,離島振興対策実施地域_支庁名,
A19s,2012年度版,2012,A19s_YY_01_PP.shp,離島振興対策実施地域統計情報（ポリゴン）,A19_005,離島振興対策実施地域_郡・政令市名,
A19s,2012年度版,2012,A19s_YY_01_PP.shp,離島振興対策実施地域統計情報（ポリゴン）,A19_006,離島振興対策実施地域_市区町村名,
A19s,2012年度版,2012,A19s_YY_01_PP.shp,離島振興対策実施地域統計情報（ポリゴン）,A19_007,離島振興対策実施地域_指定地域名,
A19s,2012年度版,2012,A19s_YY_01_PP.shp,離島振興対策実施地域統計情報（ポリゴン）,A19_008,離島振興対策実施地域_島嶼名,
A19s,2012年度版,2012,A19s_YY_01_PP.shp,離島振興対策実施地域統計情報（ポリゴン）,A19_009,離島振興対策実施地域_離島区分コード,
A19s,2012年度版,2012,A19s_YY_01_PP.shp,離島振興対策実施地域統計情報（ポリゴン）,A19_010,離島振興対策実施地域_指定状況コード,
A19s,2012年度版,2012,A19s_YY_01_PP.shp,離島振興対策実施地域統計情報（ポリゴン）,A19_011,人口・世帯数_調査年度,
A19s,2012年度版,2012,A19s_YY_01_PP.shp,離島振興対策実施地域統計情報（ポリゴン）,A19_012,人口・世帯数_概要_(name),
A19s,2012年度版,2012,A19s_YY_01_PP.shp,離島振興対策実施地域統計情報（ポリゴン）,A19_013,人口・世帯数_概要_指定回次,
A19s,2012年度版,2012,A19s_YY_01_PP.shp,離島振興対策実施地域統計情報（ポリゴン）,A19_014,人口・世帯数_概要_郡名,
A19s,2012年度版,2012,A19s_YY_01_PP.shp,離島振興対策実施地域統計情報（ポリゴン）,A19_015,人口・世帯数_概要_人口,
A19s,2012年度版,2012,A19s_YY_01_PP.shp,離島振興対策実施地域統計情報（ポリゴン）,A19_016,人口・世帯数_概要_世帯数,
A19s,2012年度版,2012,A19s_YY_01_PP.shp,離島振興対策実施地域統計情報（ポリゴン）,A19_017,人口・世帯数_概要_面積,
A19s,2012年度版,2012,A19s_YY_01_PP.shp,離島振興対策実施地域統計情報（ポリゴン）,A19_018,人口・世帯数_概要_海岸延長,
A19s,2012年度版,2012,A19s_YY_01_PP.shp,離島振興対策実施地域統計情報（ポリゴン）,A19_019,人口・世帯数_概要_備考,
A19s,2012年度版,2012,A19s_YY_01_PP.shp,離島振興対策実施地域統計情報（ポリゴン）,A19_020,人口・世帯数_前年_住民登録人口_男,
A19s,2012年度版,2012,A19s_YY_01_PP.shp,離島振興対策実施地域統計情報（ポリゴン）,A19_021,人口・世帯数_前年_住民登録人口_女,
A19s,2012年度版,2012,A19s_YY_01_PP.shp,離島振興対策実施地域統計情報（ポリゴン）,A19_022,人口・世帯数_前年_住民登録人口_計,
A19s,2012年度版,2012,A19s_YY_01_PP.shp,離島振興対策実施地域統計情報（ポリゴン）,A19_023,人口・世帯数_前年_世帯数,
A19s,2012年度版,2012,A19s_YY_01_PP.shp,離島振興対策実施地域統計情報（ポリゴン）,A19_024,人口・世帯数_人口移動_出生数,
A19s,2012年度版,2012,A19s_YY_01_PP.shp,離島振興対策実施地域統計情報（ポリゴン）,A19_025,人口・世帯数_人口移動_死亡数,
A19s,2012年度版,2012,A19s_YY_01_PP.shp,離島振興対策実施地域統計情報（ポリゴン）,A19_026,人口・世帯数_人口移動_自然増△減,
A19s,2012年度版,2012,A19s_YY_01_PP.shp,離島振興対策実施地域統計情報（ポリゴン）,A19_027,人口・世帯数_人口移動_転入数,
A19s,2012年度版,2012,A19s_YY_01_PP.shp,離島振興対策実施地域統計情報（ポリゴン）,A19_028,人口・世帯数_人口移動_転出数,
A19s,2012年度版,2012,A19s_YY_01_PP.shp,離島振興対策実施地域統計情報（ポリゴン）,A19_029,人口・世帯数_人口移動_社会増△減,
A19s,2012年度版,2012,A19s_YY_01_PP.shp,離島振興対策実施地域統計情報（ポリゴン）,A19_030,人口・世帯数_人口移動_増減計,
A19s,2012年度版,2012,A19s_YY_01_PP.shp,離島振興対策実施地域統計情報（ポリゴン）,A19_031,人口・世帯数_現年_住民登録人口_男,
A19s,2012年度版,2012,A19s_YY_01_PP.shp,離島振興対策実施地域統計情報（ポリゴン）,A19_032,人口・世帯数_現年_住民登録人口_女,
A19s,2012年度版,2012,A19s_YY_01_PP.shp,離島振興対策実施地域統計情報（ポリゴン）,A19_033,人口・世帯数_現年_住民登録人口_計,
A19s,2012年度版,2012,A19s_YY_01_PP.shp,離島振興対策実施地域統計情報（ポリゴン）,A19_034,人口・世帯数_現年_世帯数,
A19s,2012年度版,2012,A19s_YY_01_PP.shp,離島振興対策実施地域統計情報（ポリゴン）,A19_035,人口・世帯数_人口・世帯数・人口動態_備考,
A19s,2012年度版,2012,A19s_YY_01_PP.shp,離島振興対策実施地域統計情報（ポリゴン）,A19_036,人口・世帯数_男_国勢調査人口総数,
A19s,2012年度版,2012,A19s_YY_01_PP.shp,離島振興対策実施地域統計情報（ポリゴン）,A19_037,人口・世帯数_男_年少人口_0-4,
A19s,2012年度版,2012,A19s_YY_01_PP.shp,離島振興対策実施地域統計情報（ポリゴン）,A19_038,人口・世帯数_男_年少人口_5-9,
A19s,2012年度版,2012,A19s_YY_01_PP.shp,離島振興対策実施地域統計情報（ポリゴン）,A19_039,人口・世帯数_男_年少人口_10-14,
A19s,2012年度版,2012,A19s_YY_01_PP.shp,離島振興対策実施地域統計情報（ポリゴン）,A19_040,人口・世帯数_男_年少人口_小計,
A19s,2012年度版,2012,A19s_YY_01_PP.shp,離島振興対策実施地域統計情報（ポリゴン）,A19_041,人口・世帯数_男_生産年齢人口_15-19,
A19s,2012年度版,2012,A19s_YY_01_PP.shp,離島振興対策実施地域統計情報（ポリゴン）,A19_042,人口・世帯数_男_生産年齢人口_20-24,
A19s,2012年度版,2012,A19s_YY_01_PP.shp,離島振興対策実施地域統計情報（ポリゴン）,A19_043,人口・世帯数_男_生産年齢人口_25-29,
A19s,2012年度版,2012,A19s_YY_01_PP.shp,離島振興対策実施地域統計情報（ポリゴン）,A19_044,人口・世帯数_男_生産年齢人口_30-34,
A19s,2012年度版,2012,A19s_YY_01_PP.shp,離島振興対策実施地域統計情報（ポリゴン）,A19_045,人口・世帯数_男_生産年齢人口_35-39,
A19s,2012年度版,2012,A19s_YY_01_PP.shp,離島振興対策実施地域統計情報（ポリゴン）,A19_046,人口・世帯数_男_生産年齢人口_40-44,
A19s,2012年度版,2012,A19s_YY_01_PP.shp,離島振興対策実施地域統計情報（ポリゴン）,A19_047,人口・世帯数_男_生産年齢人口_45-49,
A19s,2012年度版,2012,A19s_YY_01_PP.shp,離島振興対策実施地域統計情報（ポリゴン）,A19_048,人口・世帯数_男_生産年齢人口_50-54,
A19s,2012年度版,2012,A19s_YY_01_PP.shp,離島振興対策実施地域統計情報（ポリゴン）,A19_049,人口・世帯数_男_生産年齢人口_55-59,
A19s,2012年度版,2012,A19s_YY_01_PP.shp,離島振興対策実施地域統計情報（ポリゴン）,A19_050,人口・世帯数_男_生産年齢人口_60-64,
A19s,2012年度版,2012,A19s_YY_01_PP.shp,離島振興対策実施地域統計情報（ポリゴン）,A19_051,人口・世帯数_男_生産年齢人口_小計,
A19s,2012年度版,2012,A19s_YY_01_PP.shp,離島振興対策実施地域統計情報（ポリゴン）,A19_052,人口・世帯数_男_老年人口_65-69,
A19s,2012年度版,2012,A19s_YY_01_PP.shp,離島振興対策実施地域統計情報（ポリゴン）,A19_053,人口・世帯数_男_老年人口_70-74,
A19s,2012年度版,2012,A19s_YY_01_PP.shp,離島振興対策実施地域統計情報（ポリゴン）,A19_054,人口・世帯数_男_老年人口_75-79,
A19s,2012年度版,2012,A19s_YY_01_PP.shp,離島振興対策実施地域統計情報（ポリゴン）,A19_055,人口・世帯数_男_老年人口_80-84,
A19s,2012年度版,2012,A19s_YY_01_PP.shp,離島振興対策実施地域統計情報（ポリゴン）,A19_056,人口・世帯数_男_老年人口_85歳以上,
A19s,2012年度版,2012,A19s_YY_01_PP.shp,離島振興対策実施地域統計情報（ポリゴン）,A19_057,人口・世帯数_男_老年人口_小計,
A19s,2012年度版,2012,A19s_YY_01_PP.shp,離島振興対策実施地域統計情報（ポリゴン）,A19_058,人口・世帯数_男_不詳,
A19s,2012年度版,2012,A19s_YY_01_PP.shp,離島振興対策実施地域統計情報（ポリゴン）,A19_059,人口・世帯数_男_生産年齢人口指数,
A19s,2012年度版,2012,A19s_YY_01_PP.shp,離島振興対策実施地域統計情報（ポリゴン）,A19_060,人口・世帯数_男_老齢化率,
A19s,2012年度版,2012,A19s_YY_01_PP.shp,離島振興対策実施地域統計情報（ポリゴン）,A19_061,人口・世帯数_女_国勢調査人口総数,
A19s,2012年度版,2012,A19s_YY_01_PP.shp,離島振興対策実施地域統計情報（ポリゴン）,A19_062,人口・世帯数_女_年少人口_0-4,
A19s,2012年度版,2012,A19s_YY_01_PP.shp,離島振興対策実施地域統計情報（ポリゴン）,A19_063,人口・世帯数_女_年少人口_5-9,
A19s,2012年度版,2012,A19s_YY_01_PP.shp,離島振興対策実施地域統計情報（ポリゴン）,A19_064,人口・世帯数_女_年少人口_10-14,
A19s,2012年度版,2012,A19s_YY_01_PP.shp,離島振興対策実施地域統計情報（ポリゴン）,A19_065,人口・世帯数_女_年少人口_小計,
A19s,2012年度版,2012,A19s_YY_01_PP.shp,離島振興対策実施地域統計情報（ポリゴン）,A19_066,人口・世帯数_女_生産年齢人口_15-19,
A19s,2012年度版,2012,A19s_YY_01_PP.shp,離島振興対策実施地域統計情報（ポリゴン）,A19_067,人口・世帯数_女_生産年齢人口_20-24,
A19s,2012年度版,2012,A19s_YY_01_PP.shp,離島振興対策実施地域統計情報（ポリゴン）,A19_068,人口・世帯数_女_生産年齢人口_25-29,
A19s,2012年度版,2012,A19s_YY_01_PP.shp,離島振興対策実施地域統計情報（ポリゴン）,A19_069,人口・世帯数_女_生産年齢人口_30-34,
A19s,2012年度版,2012,A19s_YY_01_PP.shp,離島振興対策実施地域統計情報（ポリゴン）,A19_070,人口・世帯数_女_生産年齢人口_35-39,
A19s,2012年度版,2012,A19s_YY_01_PP.shp,離島振興対策実施地域統計情報（ポリゴン）,A19_071,人口・世帯数_女_生産年齢人口_40-44,
A19s,2012年度版,2012,A19s_YY_01_PP.shp,離島振興対策実施地域統計情報（ポリゴン）,A19_072,人口・世帯数_女_生産年齢人口_45-49,
A19s,2012年度版,2012,A19s_YY_01_PP.shp,離島振興対策実施地域統計情報（ポリゴン）,A19_073,人口・世帯数_女_生産年齢人口_50-54,
A19s,2012年度版,2012,A19s_YY_01_PP.shp,離島振興対策実施地域統計情報（ポリゴン）,A19_074,人口・世帯数_女_生産年齢人口_55-59,
A19s,2012年度版,2012,A19s_YY_01_PP.shp,離島振興対策実施地域統計情報（ポリゴン）,A19_075,人口・世帯数_女_生産年齢人口_60-64,
A19s,2012年度版,2012,A19s_YY_01_PP.shp,離島振興対策実施地域統計情報（ポリゴン）,A19_076,人口・世帯数_女_生産年齢人口_小計,
A19s,2012年度版,2012,A19s_YY_01_PP.shp,離島振興対策実施地域統計情報（ポリゴン）,A19_077,人口・世帯数_女_老年人口_65-69,
A19s,2012年度版,2012,A19s_YY_01_PP.shp,離島振興対策実施地域統計情報（ポリゴン）,A19_078,人口・世帯数_女_老年人口_70-74,
A19s,2012年度版,2012,A19s_YY_01_PP.shp,離島振興対策実施地域統計情報（ポリゴン）,A19_079,人口・世帯数_女_老年人口_75-79,
A19s,2012年度版,2012,A19s_YY_01_PP.shp,離島振興対策実施地域統計情報（ポリゴン）,A19_080,人口・世帯数_女_老年人口_80-84,
A19s,2012年度版,2012,A19s_YY_01_PP.shp,離島振興対策実施地域統計情報（ポリゴン）,A19_081,人口・世帯数_女_老年人口_85歳以上,
A19s,2012年度版,2012,A19s_YY_01_PP.shp,離島振興対策実施地域統計情報（ポリゴン）,A19_082,人口・世帯数_女_老年人口_小計,
A19s,2012年度版,2012,A19s_YY_01_PP.shp,離島振興対策実施地域統計情報（ポリゴン）,A19_083,人口・世帯数_女_不詳,
A19s,2012年度版,2012,A19s_YY_01_PP.shp,離島振興対策実施地域統計情報（ポリゴン）,A19_084,人口・世帯数_女_生産年齢人口指数,
A19s,2012年度版,2012,A19s_YY_01_PP.shp,離島振興対策実施地域統計情報（ポリゴン）,A19_085,人口・世帯数_女_老齢化率,
A19s,2012年度版,2012,A19s_YY_01_PP.shp,離島振興対策実施地域統計情報（ポリゴン）,A19_086,人口・世帯数_男女計_国勢調査人口総数,
A19s,2012年度版,2012,A19s_YY_01_PP.shp,離島振興対策実施地域統計情報（ポリゴン）,A19_087,人口・世帯数_男女計_年少人口_0-4,
A19s,2012年度版,2012,A19s_YY_01_PP.shp,離島振興対策実施地域統計情報（ポリゴン）,A19_088,人口・世帯数_男女計_年少人口_5-9,
A19s,2012年度版,2012,A19s_YY_01_PP.shp,離島振興対策実施地域統計情報（ポリゴン）,A19_089,人口・世帯数_男女計_年少人口_10-14,
A19s,2012年度版,2012,A19s_YY_01_PP.shp,離島振興対策実施地域統計情報（ポリゴン）,A19_090,人口・世帯数_男女計_年少人口_小計,
A19s,2012年度版,2012,A19s_YY_01_PP.shp,離島振興対策実施地域統計情報（ポリゴン）,A19_091,人口・世帯数_男女計_生産年齢人口_15-19,
A19s,2012年度版,2012,A19s_YY_01_PP.shp,離島振興対策実施地域統計情報（ポリゴン）,A19_092,人口・世帯数_男女計_生産年齢人口_20-24,
A19s,2012年度版,2012,A19s_YY_01_PP.shp,離島振興対策実施地域統計情報（ポリゴン）,A19_093,人口・世帯数_男女計_生産年齢人口_25-29,
A19s,2012年度版,2012,A19s_YY_01_PP.shp,離島振興対策実施地域統計情報（ポリゴン）,A19_094,人口・世帯数_男女計_生産年齢人口_30-34,
A19s,2012年度版,2012,A19s_YY_01_PP.shp,離島振興対策実施地域統計情報（ポリゴン）,A19_095,人口・世帯数_男女計_生産年齢人口_35-39,
A19s,2012年度版,2012,A19s_YY_01_PP.shp,離島振興対策実施地域統計情報（ポリゴン）,A19_096,人口・世帯数_男女計_生産年齢人口_40-44,
A19s,2012年度版,2012,A19s_YY_01_PP.shp,離島振興対策実施地域統計情報（ポリゴン）,A19_097,人口・世帯数_男女計_生産年齢人口_45-49,
A19s,2012年度版,2012,A19s_YY_01_PP.shp,離島振興対策実施地域統計情報（ポリゴン）,A19_098,人口・世帯数_男女計_生産年齢人口_50-54,
A19s,2012年度版,2012,A19s_YY_01_PP.shp,離島振興対策実施地域統計情報（ポリゴン）,A19_099,人口・世帯数_男女計_生産年齢人口_55-59,
A19s,2012年度版,2012,A19s_YY_01_PP.shp,離島振興対策実施地域統計情報（ポリゴン）,A19_100,人口・世帯数_男女計_生産年齢人口_60-64,
A19s,2012年度版,2012,A19s_YY_01_PP.shp,離島振興対策実施地域統計情報（ポリゴン）,A19_101,人口・世帯数_男女計_生産年齢人口_小計,
A19s,2012年度版,2012,A19s_YY_01_PP.shp,離島振興対策実施地域統計情報（ポリゴン）,A19_102,人口・世帯数_男女計_老年人口_65-69,
A19s,2012年度版,2012,A19s_YY_01_PP.shp,離島振興対策実施地域統計情報（ポリゴン）,A19_103,人口・世帯数_男女計_老年人口_70-74,
A19s,2012年度版,2012,A19s_YY_01_PP.shp,離島振興対策実施地域統計情報（ポリゴン）,A19_104,人口・世帯数_男女計_老年人口_75-79,
A19s,2012年度版,2012,A19s_YY_01_PP.shp,離島振興対策実施地域統計情報（ポリゴン）,A19_105,人口・世帯数_男女計_老年人口_80-84,
A19s,2012年度版,2012,A19s_YY_01_PP.shp,離島振興対策実施地域統計情報（ポリゴン）,A19_106,人口・世帯数_男女計_老年人口_85歳以上,
A19s,2012年度版,2012,A19s_YY_01_PP.shp,離島振興対策実施地域統計情報（ポリゴン）,A19_107,人口・世帯数_男女計_老年人口_小計,
A19s,2012年度版,2012,A19s_YY_01_PP.shp,離島振興対策実施地域統計情報（ポリゴン）,A19_108,人口・世帯数_男女計_不詳,
A19s,2012年度版,2012,A19s_YY_01_PP.shp,離島振興対策実施地域統計情報（ポリゴン）,A19_109,人口・世帯数_男女計_生産年齢人口指数,
A19s,2012年度版,2012,A19s_YY_01_PP.shp,離島振興対策実施地域統計情報（ポリゴン）,A19_110,人口・世帯数_男女計_老齢化率,
A19s,2012年度版,2012,A19s_YY_01_PP.shp,離島振興対策実施地域統計情報（ポリゴン）,A19_111,人口・世帯数_年齢別･男女別人口_備考,
A19s,2012年度版,2012,A19s_YY_02_PP.shp,離島振興対策実施地域統計情報（ポリゴン）,A19_001,離島振興対策実施地域_離島振興対策実施地域ID,
A19s,2012年度版,2012,A19s_YY_02_PP.shp,離島振興対策実施地域統計情報（ポリゴン）,A19_002,離島振興対策実施地域_行政コード,
A19s,2012年度版,2012,A19s_YY_02_PP.shp,離島振興対策実施地域統計情報（ポリゴン）,A19_003,離島振興対策実施地域_都道府県名,
A19s,2012年度版,2012,A19s_YY_02_PP.shp,離島振興対策実施地域統計情報（ポリゴン）,A19_004,離島振興対策実施地域_支庁名,
A19s,2012年度版,2012,A19s_YY_02_PP.shp,離島振興対策実施地域統計情報（ポリゴン）,A19_005,離島振興対策実施地域_郡・政令市名,
A19s,2012年度版,2012,A19s_YY_02_PP.shp,離島振興対策実施地域統計情報（ポリゴン）,A19_006,離島振興対策実施地域_市区町村名,
A19s,2012年度版,2012,A19s_YY_02_PP.shp,離島振興対策実施地域統計情報（ポリゴン）,A19_007,離島振興対策実施地域_指定地域名,
A19s,2012年度版,2012,A19s_YY_02_PP.shp,離島振興対策実施地域統計情報（ポリゴン）,A19_008,離島振興対策実施地域_島嶼名,
A19s,2012年度版,2012,A19s_YY_02_PP.shp,離島振興対策実施地域統計情報（ポリゴン）,A19_009,離島振興対策実施地域_離島区分コード,
A19s,2012年度版,2012,A19s_YY_02_PP.shp,離島振興対策実施地域統計情報（ポリゴン）,A19_010,離島振興対策実施地域_指定状況コード,
A19s,2012年度版,2012,A19s_YY_02_PP.shp,離島振興対策実施地域統計情報（ポリゴン）,A19_112,都市基盤1_調査年度,
A19s,2012年度版,2012,A19s_YY_02_PP.shp,離島振興対策実施地域統計情報（ポリゴン）,A19_113,都市基盤1_土地利用_総面積,
A19s,2012年度版,2012,A19s_YY_02_PP.shp,離島振興対策実施地域統計情報（ポリゴン）,A19_114,都市基盤1_土地利用_農用地_農用地合計,
A19s,2012年度版,2012,A19s_YY_02_PP.shp,離島振興対策実施地域統計情報（ポリゴン）,A19_115,都市基盤1_土地利用_農用地_農地,
A19s,2012年度版,2012,A19s_YY_02_PP.shp,離島振興対策実施地域統計情報（ポリゴン）,A19_116,都市基盤1_土地利用_農用地_採草放牧地,
A19s,2012年度版,2012,A19s_YY_02_PP.shp,離島振興対策実施地域統計情報（ポリゴン）,A19_117,都市基盤1_土地利用_森林,
A19s,2012年度版,2012,A19s_YY_02_PP.shp,離島振興対策実施地域統計情報（ポリゴン）,A19_118,都市基盤1_土地利用_原野,
A19s,2012年度版,2012,A19s_YY_02_PP.shp,離島振興対策実施地域統計情報（ポリゴン）,A19_119,都市基盤1_土地利用_水面・河川・水路,
A19s,2012年度版,2012,A19s_YY_02_PP.shp,離島振興対策実施地域統計情報（ポリゴン）,A19_120,都市基盤1_土地利用_道路,
A19s,2012年度版,2012,A19s_YY_02_PP.shp,離島振興対策実施地域統計情報（ポリゴン）,A19_121,都市基盤1_土地利用_宅地,
A19s,2012年度版,2012,A19s_YY_02_PP.shp,離島振興対策実施地域統計情報（ポリゴン）,A19_122,都市基盤1_土地利用_その他,
A19s,2012年度版,2012,A19s_YY_02_PP.shp,離島振興対策実施地域統計情報（ポリゴン）,A19_123,都市基盤1_土地利用_備考,
A19s,2012年度版,2012,A19s_YY_02_PP.shp,離島振興対策実施地域統計情報（ポリゴン）,A19_124,都市基盤1_学校_保_保育所数_本所,
A19s,2012年度版,2012,A19s_YY_02_PP.shp,離島振興対策実施地域統計情報（ポリゴン）,A19_125,都市基盤1_学校_保_保育所数_分所,
A19s,2012年度版,2012,A19s_YY_02_PP.shp,離島振興対策実施地域統計情報（ポリゴン）,A19_126,都市基盤1_学校_保_乳幼児数_在所,
A19s,2012年度版,2012,A19s_YY_02_PP.shp,離島振興対策実施地域統計情報（ポリゴン）,A19_127,都市基盤1_学校_保_乳幼児数_通所,
A19s,2012年度版,2012,A19s_YY_02_PP.shp,離島振興対策実施地域統計情報（ポリゴン）,A19_128,都市基盤1_学校_幼_幼稚園数_本園,
A19s,2012年度版,2012,A19s_YY_02_PP.shp,離島振興対策実施地域統計情報（ポリゴン）,A19_129,都市基盤1_学校_幼_幼稚園数_分園,
A19s,2012年度版,2012,A19s_YY_02_PP.shp,離島振興対策実施地域統計情報（ポリゴン）,A19_130,都市基盤1_学校_幼_園児数_在園,
A19s,2012年度版,2012,A19s_YY_02_PP.shp,離島振興対策実施地域統計情報（ポリゴン）,A19_131,都市基盤1_学校_幼_園児数_通園,
A19s,2012年度版,2012,A19s_YY_02_PP.shp,離島振興対策実施地域統計情報（ポリゴン）,A19_132,都市基盤1_学校_小_学校数_本校,
A19s,2012年度版,2012,A19s_YY_02_PP.shp,離島振興対策実施地域統計情報（ポリゴン）,A19_133,都市基盤1_学校_小_学校数_分校,
A19s,2012年度版,2012,A19s_YY_02_PP.shp,離島振興対策実施地域統計情報（ポリゴン）,A19_134,都市基盤1_学校_小_教（職）員数_教員数,
A19s,2012年度版,2012,A19s_YY_02_PP.shp,離島振興対策実施地域統計情報（ポリゴン）,A19_135,都市基盤1_学校_小_教（職）員数_職員数,
A19s,2012年度版,2012,A19s_YY_02_PP.shp,離島振興対策実施地域統計情報（ポリゴン）,A19_136,都市基盤1_学校_小_学級数,
A19s,2012年度版,2012,A19s_YY_02_PP.shp,離島振興対策実施地域統計情報（ポリゴン）,A19_137,都市基盤1_学校_小_児童数_在校,
A19s,2012年度版,2012,A19s_YY_02_PP.shp,離島振興対策実施地域統計情報（ポリゴン）,A19_138,都市基盤1_学校_小_児童数_通学,
A19s,2012年度版,2012,A19s_YY_02_PP.shp,離島振興対策実施地域統計情報（ポリゴン）,A19_139,都市基盤1_学校_中_学校数_本校,
A19s,2012年度版,2012,A19s_YY_02_PP.shp,離島振興対策実施地域統計情報（ポリゴン）,A19_140,都市基盤1_学校_中_学校数_分校,
A19s,2012年度版,2012,A19s_YY_02_PP.shp,離島振興対策実施地域統計情報（ポリゴン）,A19_141,都市基盤1_学校_中_教（職）員数_教員数,
A19s,2012年度版,2012,A19s_YY_02_PP.shp,離島振興対策実施地域統計情報（ポリゴン）,A19_142,都市基盤1_学校_中_教（職）員数_職員数,
A19s,2012年度版,2012,A19s_YY_02_PP.shp,離島振興対策実施地域統計情報（ポリゴン）,A19_143,都市基盤1_学校_中_学級数,
A19s,2012年度版,2012,A19s_YY_02_PP.shp,離島振興対策実施地域統計情報（ポリゴン）,A19_144,都市基盤1_学校_中_生徒数_在校,
A19s,2012年度版,2012,A19s_YY_02_PP.shp,離島振興対策実施地域統計情報（ポリゴン）,A19_145,都市基盤1_学校_中_生徒数_通学,
A19s,2012年度版,2012,A19s_YY_02_PP.shp,離島振興対策実施地域統計情報（ポリゴン）,A19_146,都市基盤1_学校_高_学校数_本校,
A19s,2012年度版,2012,A19s_YY_02_PP.shp,離島振興対策実施地域統計情報（ポリゴン）,A19_147,都市基盤1_学校_高_学校数_分校,
A19s,2012年度版,2012,A19s_YY_02_PP.shp,離島振興対策実施地域統計情報（ポリゴン）,A19_148,都市基盤1_学校_高_教（職）員数_教員数,
A19s,2012年度版,2012,A19s_YY_02_PP.shp,離島振興対策実施地域統計情報（ポリゴン）,A19_149,都市基盤1_学校_高_教（職）員数_職員数,
A19s,2012年度版,2012,A19s_YY_02_PP.shp,離島振興対策実施地域統計情報（ポリゴン）,A19_150,都市基盤1_学校_高_学級数,
A19s,2012年度版,2012,A19s_YY_02_PP.shp,離島振興対策実施地域統計情報（ポリゴン）,A19_151,都市基盤1_学校_高_生徒数_在校,
A19s,2012年度版,2012,A19s_YY_02_PP.shp,離島振興対策実施地域統計情報（ポリゴン）,A19_152,都市基盤1_学校_高_生徒数_通学,
A19s,2012年度版,2012,A19s_YY_02_PP.shp,離島振興対策実施地域統計情報（ポリゴン）,A19_153,都市基盤1_学校_備考,
A19s,2012年度版,2012,A19s_YY_02_PP.shp,離島振興対策実施地域統計情報（ポリゴン）,A19_154,都市基盤1_卒業者状況_中_卒業生数,
A19s,2012年度版,2012,A19s_YY_02_PP.shp,離島振興対策実施地域統計情報（ポリゴン）,A19_155,都市基盤1_卒業者状況_中_就職_総数,
A19s,2012年度版,2012,A19s_YY_02_PP.shp,離島振興対策実施地域統計情報（ポリゴン）,A19_156,都市基盤1_卒業者状況_中_就職_島内_計,
A19s,2012年度版,2012,A19s_YY_02_PP.shp,離島振興対策実施地域統計情報（ポリゴン）,A19_157,都市基盤1_卒業者状況_中_就職_島内_農林業,
A19s,2012年度版,2012,A19s_YY_02_PP.shp,離島振興対策実施地域統計情報（ポリゴン）,A19_158,都市基盤1_卒業者状況_中_就職_島内_水産業,
A19s,2012年度版,2012,A19s_YY_02_PP.shp,離島振興対策実施地域統計情報（ポリゴン）,A19_159,都市基盤1_卒業者状況_中_就職_島内_2次産業,
A19s,2012年度版,2012,A19s_YY_02_PP.shp,離島振興対策実施地域統計情報（ポリゴン）,A19_160,都市基盤1_卒業者状況_中_就職_島内_3次産業,
A19s,2012年度版,2012,A19s_YY_02_PP.shp,離島振興対策実施地域統計情報（ポリゴン）,A19_161,都市基盤1_卒業者状況_中_就職_島外_計,
A19s,2012年度版,2012,A19s_YY_02_PP.shp,離島振興対策実施地域統計情報（ポリゴン）,A19_162,都市基盤1_卒業者状況_中_就職_島外_1次産業,
A19s,2012年度版,2012,A19s_YY_02_PP.shp,離島振興対策実施地域統計情報（ポリゴン）,A19_163,都市基盤1_卒業者状況_中_就職_島外_2次産業,
A19s,2012年度版,2012,A19s_YY_02_PP.shp,離島振興対策実施地域統計情報（ポリゴン）,A19_164,都市基盤1_卒業者状況_中_就職_島外_3次産業,
A19s,2012年度版,2012,A19s_YY_02_PP.shp,離島振興対策実施地域統計情報（ポリゴン）,A19_165,都市基盤1_卒業者状況_中_進学_総数,
A19s,2012年度版,2012,A19s_YY_02_PP.shp,離島振興対策実施地域統計情報（ポリゴン）,A19_166,都市基盤1_卒業者状況_中_進学_島内,
A19s,2012年度版,2012,A19s_YY_02_PP.shp,離島振興対策実施地域統計情報（ポリゴン）,A19_167,都市基盤1_卒業者状況_中_進学_島外,
A19s,2012年度版,2012,A19s_YY_02_PP.shp,離島振興対策実施地域統計情報（ポリゴン）,A19_168,都市基盤1_卒業者状況_中_進学_進学率,
A19s,2012年度版,2012,A19s_YY_02_PP.shp,離島振興対策実施地域統計情報（ポリゴン）,A19_169,都市基盤1_卒業者状況_中_未就職・その他_島内,
A19s,2012年度版,2012,A19s_YY_02_PP.shp,離島振興対策実施地域統計情報（ポリゴン）,A19_170,都市基盤1_卒業者状況_中_未就職・その他_島外,
A19s,2012年度版,2012,A19s_YY_02_PP.shp,離島振興対策実施地域統計情報（ポリゴン）,A19_171,都市基盤1_卒業者状況_高_卒業生数,
A19s,2012年度版,2012,A19s_YY_02_PP.shp,離島振興対策実施地域統計情報（ポリゴン）,A19_172,都市基盤1_卒業者状況_高_就職_総数,
A19s,2012年度版,2012,A19s_YY_02_PP.shp,離島振興対策実施地域統計情報（ポリゴン）,A19_173,都市基盤1_卒業者状況_高_就職_島内_計,
A19s,2012年度版,2012,A19s_YY_02_PP.shp,離島振興対策実施地域統計情報（ポリゴン）,A19_174,都市基盤1_卒業者状況_高_就職_島内_農林業,
A19s,2012年度版,2012,A19s_YY_02_PP.shp,離島振興対策実施地域統計情報（ポリゴン）,A19_175,都市基盤1_卒業者状況_高_就職_島内_水産業,
A19s,2012年度版,2012,A19s_YY_02_PP.shp,離島振興対策実施地域統計情報（ポリゴン）,A19_176,都市基盤1_卒業者状況_高_就職_島内_2次産業,
A19s,2012年度版,2012,A19s_YY_02_PP.shp,離島振興対策実施地域統計情報（ポリゴン）,A19_177,都市基盤1_卒業者状況_高_就職_島内_3次産業,
A19s,2012年度版,2012,A19s_YY_02_PP.shp,離島振興対策実施地域統計情報（ポリゴン）,A19_178,都市基盤1_卒業者状況_高_就職_島外_計,
A19s,2012年度版,2012,A19s_YY_02_PP.shp,離島振興対策実施地域統計情報（ポリゴン）,A19_179,都市基盤1_卒業者状況_高_就職_島外_1次産業,
A19s,2012年度版,2012,A19s_YY_02_PP.shp,離島振興対策実施地域統計情報（ポリゴン）,A19_180,都市基盤1_卒業者状況_高_就職_島外_2次産業,
A19s,2012年度版,2012,A19s_YY_02_PP.shp,離島振興対策実施地域統計情報（ポリゴン）,A19_181,都市基盤1_卒業者状況_高_就職_島外_3次産業,
A19s,2012年度版,2012,A19s_YY_02_PP.shp,離島振興対策実施地域統計情報（ポリゴン）,A19_182,都市基盤1_卒業者状況_高_進学_総数,
A19s,2012年度版,2012,A19s_YY_02_PP.shp,離島振興対策実施地域統計情報（ポリゴン）,A19_183,都市基盤1_卒業者状況_高_進学_島内,
A19s,2012年度版,2012,A19s_YY_02_PP.shp,離島振興対策実施地域統計情報（ポリゴン）,A19_184,都市基盤1_卒業者状況_高_進学_島外,
A19s,2012年度版,2012,A19s_YY_02_PP.shp,離島振興対策実施地域統計情報（ポリゴン）,A19_185,都市基盤1_卒業者状況_高_進学_進学率,
A19s,2012年度版,2012,A19s_YY_02_PP.shp,離島振興対策実施地域統計情報（ポリゴン）,A19_186,都市基盤1_卒業者状況_高_未就職・その他_島内,
A19s,2012年度版,2012,A19s_YY_02_PP.shp,離島振興対策実施地域統計情報（ポリゴン）,A19_187,都市基盤1_卒業者状況_高_未就職・その他_島外,
A19s,2012年度版,2012,A19s_YY_02_PP.shp,離島振興対策実施地域統計情報（ポリゴン）,A19_188,都市基盤1_公園等_国調人口,
A19s,2012年度版,2012,A19s_YY_02_PP.shp,離島振興対策実施地域統計情報（ポリゴン）,A19_189,都市基盤1_公園等_離島振興関係一括事業_都市公園_都市計画公園_カ所数,
A19s,2012年度版,2012,A19s_YY_02_PP.shp,離島振興対策実施地域統計情報（ポリゴン）,A19_190,都市基盤1_公園等_離島振興関係一括事業_都市公園_都市計画公園_面積,
A19s,2012年度版,2012,A19s_YY_02_PP.shp,離島振興対策実施地域統計情報（ポリゴン）,A19_191,都市基盤1_公園等_離島振興関係一括事業_都市公園_特定地区公園_カ所数,
A19s,2012年度版,2012,A19s_YY_02_PP.shp,離島振興対策実施地域統計情報（ポリゴン）,A19_192,都市基盤1_公園等_離島振興関係一括事業_都市公園_特定地区公園_面積,
A19s,2012年度版,2012,A19s_YY_02_PP.shp,離島振興対策実施地域統計情報（ポリゴン）,A19_193,都市基盤1_公園等_離島振興関係一括事業_都市公園_計_カ所数,
A19s,2012年度版,2012,A19s_YY_02_PP.shp,離島振興対策実施地域統計情報（ポリゴン）,A19_194,都市基盤1_公園等_離島振興関係一括事業_都市公園_計_面積,
A19s,2012年度版,2012,A19s_YY_02_PP.shp,離島振興対策実施地域統計情報（ポリゴン）,A19_195,都市基盤1_公園等_離島振興関係一括事業_港湾環境整備緑地_カ所数,
A19s,2012年度版,2012,A19s_YY_02_PP.shp,離島振興対策実施地域統計情報（ポリゴン）,A19_196,都市基盤1_公園等_離島振興関係一括事業_港湾環境整備緑地_面積,
A19s,2012年度版,2012,A19s_YY_02_PP.shp,離島振興対策実施地域統計情報（ポリゴン）,A19_197,都市基盤1_公園等_離島振興関係一括事業_漁港漁村環境整備_カ所数,
A19s,2012年度版,2012,A19s_YY_02_PP.shp,離島振興対策実施地域統計情報（ポリゴン）,A19_198,都市基盤1_公園等_離島振興関係一括事業_漁港漁村環境整備_面積,
A19s,2012年度版,2012,A19s_YY_02_PP.shp,離島振興対策実施地域統計情報（ポリゴン）,A19_199,都市基盤1_公園等_離島振興関係一括事業_海岸環境整備_カ所数,
A19s,2012年度版,2012,A19s_YY_02_PP.shp,離島振興対策実施地域統計情報（ポリゴン）,A19_200,都市基盤1_公園等_離島振興関係一括事業_海岸環境整備_面積,
A19s,2012年度版,2012,A19s_YY_02_PP.shp,離島振興対策実施地域統計情報（ポリゴン）,A19_201,都市基盤1_公園等_離島振興関係一括事業_農業集落環境整備_カ所数,
A19s,2012年度版,2012,A19s_YY_02_PP.shp,離島振興対策実施地域統計情報（ポリゴン）,A19_202,都市基盤1_公園等_離島振興関係一括事業_農業集落環境整備_面積,
A19s,2012年度版,2012,A19s_YY_02_PP.shp,離島振興対策実施地域統計情報（ポリゴン）,A19_203,都市基盤1_公園等_離島振興関係一括事業_コミュニティ・アイランド_カ所数,
A19s,2012年度版,2012,A19s_YY_02_PP.shp,離島振興対策実施地域統計情報（ポリゴン）,A19_204,都市基盤1_公園等_離島振興関係一括事業_コミュニティ・アイランド_面積,
A19s,2012年度版,2012,A19s_YY_02_PP.shp,離島振興対策実施地域統計情報（ポリゴン）,A19_205,都市基盤1_公園等_離島振興関係一括事業_自然公園施設設備（園地等）_カ所数,
A19s,2012年度版,2012,A19s_YY_02_PP.shp,離島振興対策実施地域統計情報（ポリゴン）,A19_206,都市基盤1_公園等_離島振興関係一括事業_自然公園施設設備（園地等）_面積,
A19s,2012年度版,2012,A19s_YY_02_PP.shp,離島振興対策実施地域統計情報（ポリゴン）,A19_207,都市基盤1_公園等_離島振興関係一括事業_その他_カ所数,
A19s,2012年度版,2012,A19s_YY_02_PP.shp,離島振興対策実施地域統計情報（ポリゴン）,A19_208,都市基盤1_公園等_離島振興関係一括事業_その他_面積,
A19s,2012年度版,2012,A19s_YY_02_PP.shp,離島振興対策実施地域統計情報（ポリゴン）,A19_209,都市基盤1_公園等_離島振興関係一括事業_小計_カ所数,
A19s,2012年度版,2012,A19s_YY_02_PP.shp,離島振興対策実施地域統計情報（ポリゴン）,A19_210,都市基盤1_公園等_離島振興関係一括事業_小計_面積,
A19s,2012年度版,2012,A19s_YY_02_PP.shp,離島振興対策実施地域統計情報（ポリゴン）,A19_211,都市基盤1_公園等_地方公共団体単独事業_カ所数,
A19s,2012年度版,2012,A19s_YY_02_PP.shp,離島振興対策実施地域統計情報（ポリゴン）,A19_212,都市基盤1_公園等_地方公共団体単独事業_面積,
A19s,2012年度版,2012,A19s_YY_02_PP.shp,離島振興対策実施地域統計情報（ポリゴン）,A19_213,都市基盤1_公園等_合計_カ所数,
A19s,2012年度版,2012,A19s_YY_02_PP.shp,離島振興対策実施地域統計情報（ポリゴン）,A19_214,都市基盤1_公園等_合計_面積,
A19s,2012年度版,2012,A19s_YY_02_PP.shp,離島振興対策実施地域統計情報（ポリゴン）,A19_215,都市基盤1_公園等_一人当たり公園・緑地面積,
A19s,2012年度版,2012,A19s_YY_02_PP.shp,離島振興対策実施地域統計情報（ポリゴン）,A19_216,都市基盤1_道路_国道_総延長,
A19s,2012年度版,2012,A19s_YY_02_PP.shp,離島振興対策実施地域統計情報（ポリゴン）,A19_217,都市基盤1_道路_国道_重用延長,
A19s,2012年度版,2012,A19s_YY_02_PP.shp,離島振興対策実施地域統計情報（ポリゴン）,A19_218,都市基盤1_道路_国道_未供用延長,
A19s,2012年度版,2012,A19s_YY_02_PP.shp,離島振興対策実施地域統計情報（ポリゴン）,A19_219,都市基盤1_道路_国道_実延長,
A19s,2012年度版,2012,A19s_YY_02_PP.shp,離島振興対策実施地域統計情報（ポリゴン）,A19_220,都市基盤1_道路_国道_実延長_規格改良済延長,
A19s,2012年度版,2012,A19s_YY_02_PP.shp,離島振興対策実施地域統計情報（ポリゴン）,A19_221,都市基盤1_道路_国道_実延長_規格改良済延長_内車道幅員55m以上,
A19s,2012年度版,2012,A19s_YY_02_PP.shp,離島振興対策実施地域統計情報（ポリゴン）,A19_222,都市基盤1_道路_国道_実延長_未改良延長,
A19s,2012年度版,2012,A19s_YY_02_PP.shp,離島振興対策実施地域統計情報（ポリゴン）,A19_223,都市基盤1_道路_国道_実延長_未改良延長_内自動車交通不能,
A19s,2012年度版,2012,A19s_YY_02_PP.shp,離島振興対策実施地域統計情報（ポリゴン）,A19_224,都市基盤1_道路_国道_実延長_舗装済延長,
A19s,2012年度版,2012,A19s_YY_02_PP.shp,離島振興対策実施地域統計情報（ポリゴン）,A19_225,都市基盤1_道路_国道_実延長_舗装済延長_内本舗装延長,
A19s,2012年度版,2012,A19s_YY_02_PP.shp,離島振興対策実施地域統計情報（ポリゴン）,A19_226,都市基盤1_道路_国道_実延長_未舗装延長,
A19s,2012年度版,2012,A19s_YY_02_PP.shp,離島振興対策実施地域統計情報（ポリゴン）,A19_227,都市基盤1_道路_国道_歩道設置道路実延長,
A19s,2012年度版,2012,A19s_YY_02_PP.shp,離島振興対策実施地域統計情報（ポリゴン）,A19_228,都市基盤1_道路_国道_道路面積_車道面積,
A19s,2012年度版,2012,A19s_YY_02_PP.shp,離島振興対策実施地域統計情報（ポリゴン）,A19_229,都市基盤1_道路_国道_道路面積_道路部面積,
A19s,2012年度版,2012,A19s_YY_02_PP.shp,離島振興対策実施地域統計情報（ポリゴン）,A19_230,都市基盤1_道路_国道_道路面積_道路敷面積,
A19s,2012年度版,2012,A19s_YY_02_PP.shp,離島振興対策実施地域統計情報（ポリゴン）,A19_231,都市基盤1_道路_主要地方道_総延長,
A19s,2012年度版,2012,A19s_YY_02_PP.shp,離島振興対策実施地域統計情報（ポリゴン）,A19_232,都市基盤1_道路_主要地方道_重用延長,
A19s,2012年度版,2012,A19s_YY_02_PP.shp,離島振興対策実施地域統計情報（ポリゴン）,A19_233,都市基盤1_道路_主要地方道_未供用延長,
A19s,2012年度版,2012,A19s_YY_02_PP.shp,離島振興対策実施地域統計情報（ポリゴン）,A19_234,都市基盤1_道路_主要地方道_実延長,
A19s,2012年度版,2012,A19s_YY_02_PP.shp,離島振興対策実施地域統計情報（ポリゴン）,A19_235,都市基盤1_道路_主要地方道_実延長_規格改良済延長,
A19s,2012年度版,2012,A19s_YY_02_PP.shp,離島振興対策実施地域統計情報（ポリゴン）,A19_236,都市基盤1_道路_主要地方道_実延長_規格改良済延長_内車道幅員55m以上,
A19s,2012年度版,2012,A19s_YY_02_PP.shp,離島振興対策実施地域統計情報（ポリゴン）,A19_237,都市基盤1_道路_主要地方道_実延長_未改良延長,
A19s,2012年度版,2012,A19s_YY_02_PP.shp,離島振興対策実施地域統計情報（ポリゴン）,A19_238,都市基盤1_道路_主要地方道_実延長_未改良延長_内自動車交通不能,
A19s,2012年度版,2012,A19s_YY_02_PP.shp,離島振興対策実施地域統計情報（ポリゴン）,A19_239,都市基盤1_道路_主要地方道_実延長_舗装済延長,
A19s,2012年度版,2012,A19s_YY_02_PP.shp,離島振興対策実施地域統計情報（ポリゴン）,A19_240,都市基盤1_道路_主要地方道_実延長_舗装済延長_内本舗装延長,
A19s,2012年度版,2012,A19s_YY_02_PP.shp,離島振興対策実施地域統計情報（ポリゴン）,A19_241,都市基盤1_道路_主要地方道_実延長_未舗装延長,
A19s,2012年度版,2012,A19s_YY_02_PP.shp,離島振興対策実施地域統計情報（ポリゴン）,A19_242,都市基盤1_道路_主要地方道_歩道設置道路実延長,
A19s,2012年度版,2012,A19s_YY_02_PP.shp,離島振興対策実施地域統計情報（ポリゴン）,A19_243,都市基盤1_道路_主要地方道_道路面積_車道面積,
A19s,2012年度版,2012,A19s_YY_02_PP.shp,離島振興対策実施地域統計情報（ポリゴン）,A19_244,都市基盤1_道路_主要地方道_道路面積_道路部面積,
A19s,2012年度版,2012,A19s_YY_02_PP.shp,離島振興対策実施地域統計情報（ポリゴン）,A19_245,都市基盤1_道路_主要地方道_道路面積_道路敷面積,
A19s,2012年度版,2012,A19s_YY_02_PP.shp,離島振興対策実施地域統計情報（ポリゴン）,A19_246,都市基盤1_道路_都道県道_総延長,
A19s,2012年度版,2012,A19s_YY_02_PP.shp,離島振興対策実施地域統計情報（ポリゴン）,A19_247,都市基盤1_道路_都道県道_重用延長,
A19s,2012年度版,2012,A19s_YY_02_PP.shp,離島振興対策実施地域統計情報（ポリゴン）,A19_248,都市基盤1_道路_都道県道_未供用延長,
A19s,2012年度版,2012,A19s_YY_02_PP.shp,離島振興対策実施地域統計情報（ポリゴン）,A19_249,都市基盤1_道路_都道県道_実延長,
A19s,2012年度版,2012,A19s_YY_02_PP.shp,離島振興対策実施地域統計情報（ポリゴン）,A19_250,都市基盤1_道路_都道県道_実延長_規格改良済延長,
A19s,2012年度版,2012,A19s_YY_02_PP.shp,離島振興対策実施地域統計情報（ポリゴン）,A19_251,都市基盤1_道路_都道県道_実延長_規格改良済延長_内車道幅員55m以上,
A19s,2012年度版,2012,A19s_YY_02_PP.shp,離島振興対策実施地域統計情報（ポリゴン）,A19_252,都市基盤1_道路_都道県道_実延長_未改良延長,
A19s,2012年度版,2012,A19s_YY_02_PP.shp,離島振興対策実施地域統計情報（ポリゴン）,A19_253,都市基盤1_道路_都道県道_実延長_未改良延長_内自動車交通不能,
A19s,2012年度版,2012,A19s_YY_02_PP.shp,離島振興対策実施地域統計情報（ポリゴン）,A19_254,都市基盤1_道路_都道県道_実延長_舗装済延長,
A19s,2012年度版,2012,A19s_YY_02_PP.shp,離島振興対策実施地域統計情報（ポリゴン）,A19_255,都市基盤1_道路_都道県道_実延長_舗装済延長_内本舗装延長,
A19s,2012年度版,2012,A19s_YY_02_PP.shp,離島振興対策実施地域統計情報（ポリゴン）,A19_256,都市基盤1_道路_都道県道_実延長_未舗装延長,
A19s,2012年度版,2012,A19s_YY_02_PP.shp,離島振興対策実施地域統計情報（ポリゴン）,A19_257,都市基盤1_道路_都道県道_歩道設置道路実延長,
A19s,2012年度版,2012,A19s_YY_02_PP.shp,離島振興対策実施地域統計情報（ポリゴン）,A19_258,都市基盤1_道路_都道県道_道路面積_車道面積,
A19s,2012年度版,2012,A19s_YY_02_PP.shp,離島振興対策実施地域統計情報（ポリゴン）,A19_259,都市基盤1_道路_都道県道_道路面積_道路部面積,
A19s,2012年度版,2012,A19s_YY_02_PP.shp,離島振興対策実施地域統計情報（ポリゴン）,A19_260,都市基盤1_道路_都道県道_道路面積_道路敷面積,
A19s,2012年度版,2012,A19s_YY_02_PP.shp,離島振興対策実施地域統計情報（ポリゴン）,A19_261,都市基盤1_道路_市町村道_総延長,
A19s,2012年度版,2012,A19s_YY_02_PP.shp,離島振興対策実施地域統計情報（ポリゴン）,A19_262,都市基盤1_道路_市町村道_重用延長,
A19s,2012年度版,2012,A19s_YY_02_PP.shp,離島振興対策実施地域統計情報（ポリゴン）,A19_263,都市基盤1_道路_市町村道_未供用延長,
A19s,2012年度版,2012,A19s_YY_02_PP.shp,離島振興対策実施地域統計情報（ポリゴン）,A19_264,都市基盤1_道路_市町村道_実延長,
A19s,2012年度版,2012,A19s_YY_02_PP.shp,離島振興対策実施地域統計情報（ポリゴン）,A19_265,都市基盤1_道路_市町村道_実延長_規格改良済延長,
A19s,2012年度版,2012,A19s_YY_02_PP.shp,離島振興対策実施地域統計情報（ポリゴン）,A19_266,都市基盤1_道路_市町村道_実延長_規格改良済延長_内車道幅員55m以上,
A19s,2012年度版,2012,A19s_YY_02_PP.shp,離島振興対策実施地域統計情報（ポリゴン）,A19_267,都市基盤1_道路_市町村道_実延長_未改良延長,
A19s,2012年度版,2012,A19s_YY_02_PP.shp,離島振興対策実施地域統計情報（ポリゴン）,A19_268,都市基盤1_道路_市町村道_実延長_未改良延長_内自動車交通不能,
A19s,2012年度版,2012,A19s_YY_02_PP.shp,離島振興対策実施地域統計情報（ポリゴン）,A19_269,都市基盤1_道路_市町村道_実延長_舗装済延長,
A19s,2012年度版,2012,A19s_YY_02_PP.shp,離島振興対策実施地域統計情報（ポリゴン）,A19_270,都市基盤1_道路_市町村道_実延長_舗装済延長_内本舗装延長,
A19s,2012年度版,2012,A19s_YY_02_PP.shp,離島振興対策実施地域統計情報（ポリゴン）,A19_271,都市基盤1_道路_市町村道_実延長_未舗装延長,
A19s,2012年度版,2012,A19s_YY_02_PP.shp,離島振興対策実施地域統計情報（ポリゴン）,A19_272,都市基盤1_道路_市町村道_歩道設置道路実延長,
A19s,2012年度版,2012,A19s_YY_02_PP.shp,離島振興対策実施地域統計情報（ポリゴン）,A19_273,都市基盤1_道路_市町村道_道路面積_車道面積,
A19s,2012年度版,2012,A19s_YY_02_PP.shp,離島振興対策実施地域統計情報（ポリゴン）,A19_274,都市基盤1_道路_市町村道_道路面積_道路部面積,
A19s,2012年度版,2012,A19s_YY_02_PP.shp,離島振興対策実施地域統計情報（ポリゴン）,A19_275,都市基盤1_道路_市町村道_道路面積_道路敷面積,
A19s,2012年度版,2012,A19s_YY_02_PP.shp,離島振興対策実施地域統計情報（ポリゴン）,A19_276,都市基盤1_道路_備考,
A19s,2012年度版,2012,A19s_YY_03_PP.shp,離島振興対策実施地域統計情報（ポリゴン）,A19_001,離島振興対策実施地域_離島振興対策実施地域ID,
A19s,2012年度版,2012,A19s_YY_03_PP.shp,離島振興対策実施地域統計情報（ポリゴン）,A19_002,離島振興対策実施地域_行政コード,
A19s,2012年度版,2012,A19s_YY_03_PP.shp,離島振興対策実施地域統計情報（ポリゴン）,A19_003,離島振興対策実施地域_都道府県名,
A19s,2012年度版,2012,A19s_YY_03_PP.shp,離島振興対策実施地域統計情報（ポリゴン）,A19_004,離島振興対策実施地域_支庁名,
A19s,2012年度版,2012,A19s_YY_03_PP.shp,離島振興対策実施地域統計情報（ポリゴン）,A19_005,離島振興対策実施地域_郡・政令市名,
A19s,2012年度版,2012,A19s_YY_03_PP.shp,離島振興対策実施地域統計情報（ポリゴン）,A19_006,離島振興対策実施地域_市区町村名,
A19s,2012年度版,2012,A19s_YY_03_PP.shp,離島振興対策実施地域統計情報（ポリゴン）,A19_007,離島振興対策実施地域_指定地域名,
A19s,2012年度版,2012,A19s_YY_03_PP.shp,離島振興対策実施地域統計情報（ポリゴン）,A19_008,離島振興対策実施地域_島嶼名,
A19s,2012年度版,2012,A19s_YY_03_PP.shp,離島振興対策実施地域統計情報（ポリゴン）,A19_009,離島振興対策実施地域_離島区分コード,
A19s,2012年度版,2012,A19s_YY_03_PP.shp,離島振興対策実施地域統計情報（ポリゴン）,A19_010,離島振興対策実施地域_指定状況コード,
A19s,2012年度版,2012,A19s_YY_03_PP.shp,離島振興対策実施地域統計情報（ポリゴン）,A19_277,都市基盤2_調査年度,
A19s,2012年度版,2012,A19s_YY_03_PP.shp,離島振興対策実施地域統計情報（ポリゴン）,A19_278,都市基盤2_車輌保有台数_保有車両合計,
A19s,2012年度版,2012,A19s_YY_03_PP.shp,離島振興対策実施地域統計情報（ポリゴン）,A19_279,都市基盤2_車輌保有台数_登録車両_小計,
A19s,2012年度版,2012,A19s_YY_03_PP.shp,離島振興対策実施地域統計情報（ポリゴン）,A19_280,都市基盤2_車輌保有台数_登録車両_トラック_計,
A19s,2012年度版,2012,A19s_YY_03_PP.shp,離島振興対策実施地域統計情報（ポリゴン）,A19_281,都市基盤2_車輌保有台数_登録車両_トラック_普通車,
A19s,2012年度版,2012,A19s_YY_03_PP.shp,離島振興対策実施地域統計情報（ポリゴン）,A19_282,都市基盤2_車輌保有台数_登録車両_トラック_小型車,
A19s,2012年度版,2012,A19s_YY_03_PP.shp,離島振興対策実施地域統計情報（ポリゴン）,A19_283,都市基盤2_車輌保有台数_登録車両_トラック_トレーラー,
A19s,2012年度版,2012,A19s_YY_03_PP.shp,離島振興対策実施地域統計情報（ポリゴン）,A19_284,都市基盤2_車輌保有台数_登録車両_バス,
A19s,2012年度版,2012,A19s_YY_03_PP.shp,離島振興対策実施地域統計情報（ポリゴン）,A19_285,都市基盤2_車輌保有台数_登録車両_乗用車_計,
A19s,2012年度版,2012,A19s_YY_03_PP.shp,離島振興対策実施地域統計情報（ポリゴン）,A19_286,都市基盤2_車輌保有台数_登録車両_乗用車_普通車,
A19s,2012年度版,2012,A19s_YY_03_PP.shp,離島振興対策実施地域統計情報（ポリゴン）,A19_287,都市基盤2_車輌保有台数_登録車両_乗用車_小型車,
A19s,2012年度版,2012,A19s_YY_03_PP.shp,離島振興対策実施地域統計情報（ポリゴン）,A19_288,都市基盤2_車輌保有台数_登録車両_特種用途車,
A19s,2012年度版,2012,A19s_YY_03_PP.shp,離島振興対策実施地域統計情報（ポリゴン）,A19_289,都市基盤2_車輌保有台数_登録車両_大型特殊車,
A19s,2012年度版,2012,A19s_YY_03_PP.shp,離島振興対策実施地域統計情報（ポリゴン）,A19_290,都市基盤2_車輌保有台数_軽自動車,
A19s,2012年度版,2012,A19s_YY_03_PP.shp,離島振興対策実施地域統計情報（ポリゴン）,A19_291,都市基盤2_車輌保有台数_二輪車,
A19s,2012年度版,2012,A19s_YY_03_PP.shp,離島振興対策実施地域統計情報（ポリゴン）,A19_292,都市基盤2_車輌保有台数_原動機付自転車,
A19s,2012年度版,2012,A19s_YY_03_PP.shp,離島振興対策実施地域統計情報（ポリゴン）,A19_293,都市基盤2_車輌保有台数_小型特殊車,
A19s,2012年度版,2012,A19s_YY_03_PP.shp,離島振興対策実施地域統計情報（ポリゴン）,A19_294,都市基盤2_車輌保有台数_備考,
A19s,2012年度版,2012,A19s_YY_03_PP.shp,離島振興対策実施地域統計情報（ポリゴン）,A19_295,都市基盤2_医療_住民登録人口,
A19s,2012年度版,2012,A19s_YY_03_PP.shp,離島振興対策実施地域統計情報（ポリゴン）,A19_296,都市基盤2_医療_施設_総数,
A19s,2012年度版,2012,A19s_YY_03_PP.shp,離島振興対策実施地域統計情報（ポリゴン）,A19_297,都市基盤2_医療_施設_病院,
A19s,2012年度版,2012,A19s_YY_03_PP.shp,離島振興対策実施地域統計情報（ポリゴン）,A19_298,都市基盤2_医療_施設_診療所,
A19s,2012年度版,2012,A19s_YY_03_PP.shp,離島振興対策実施地域統計情報（ポリゴン）,A19_299,都市基盤2_医療_施設_診療所_有床診療所,
A19s,2012年度版,2012,A19s_YY_03_PP.shp,離島振興対策実施地域統計情報（ポリゴン）,A19_300,都市基盤2_医療_施設_歯科診療所,
A19s,2012年度版,2012,A19s_YY_03_PP.shp,離島振興対策実施地域統計情報（ポリゴン）,A19_301,都市基盤2_医療_施設_一般診療所の歯科診療科目,
A19s,2012年度版,2012,A19s_YY_03_PP.shp,離島振興対策実施地域統計情報（ポリゴン）,A19_302,都市基盤2_医療_施設_開設者別_国,
A19s,2012年度版,2012,A19s_YY_03_PP.shp,離島振興対策実施地域統計情報（ポリゴン）,A19_303,都市基盤2_医療_施設_開設者別_都道県,
A19s,2012年度版,2012,A19s_YY_03_PP.shp,離島振興対策実施地域統計情報（ポリゴン）,A19_304,都市基盤2_医療_施設_開設者別_市町村,
A19s,2012年度版,2012,A19s_YY_03_PP.shp,離島振興対策実施地域統計情報（ポリゴン）,A19_305,都市基盤2_医療_施設_開設者別_個人,
A19s,2012年度版,2012,A19s_YY_03_PP.shp,離島振興対策実施地域統計情報（ポリゴン）,A19_306,都市基盤2_医療_施設_開設者別_その他,
A19s,2012年度版,2012,A19s_YY_03_PP.shp,離島振興対策実施地域統計情報（ポリゴン）,A19_307,都市基盤2_医療_病床数,
A19s,2012年度版,2012,A19s_YY_03_PP.shp,離島振興対策実施地域統計情報（ポリゴン）,A19_308,都市基盤2_医療_従事者_医師_常勤,
A19s,2012年度版,2012,A19s_YY_03_PP.shp,離島振興対策実施地域統計情報（ポリゴン）,A19_309,都市基盤2_医療_従事者_医師_非常勤,
A19s,2012年度版,2012,A19s_YY_03_PP.shp,離島振興対策実施地域統計情報（ポリゴン）,A19_310,都市基盤2_医療_従事者_歯科医師_常勤,
A19s,2012年度版,2012,A19s_YY_03_PP.shp,離島振興対策実施地域統計情報（ポリゴン）,A19_311,都市基盤2_医療_従事者_歯科医師_非常勤,
A19s,2012年度版,2012,A19s_YY_03_PP.shp,離島振興対策実施地域統計情報（ポリゴン）,A19_312,都市基盤2_医療_従事者_保健師_医療施設勤務,
A19s,2012年度版,2012,A19s_YY_03_PP.shp,離島振興対策実施地域統計情報（ポリゴン）,A19_313,都市基盤2_医療_従事者_保健師_医療施設外勤務,
A19s,2012年度版,2012,A19s_YY_03_PP.shp,離島振興対策実施地域統計情報（ポリゴン）,A19_314,都市基盤2_医療_従事者_助産師_医療施設勤務,
A19s,2012年度版,2012,A19s_YY_03_PP.shp,離島振興対策実施地域統計情報（ポリゴン）,A19_315,都市基盤2_医療_従事者_助産師_医療施設外勤務,
A19s,2012年度版,2012,A19s_YY_03_PP.shp,離島振興対策実施地域統計情報（ポリゴン）,A19_316,都市基盤2_医療_従事者_看護師_医療施設勤務,
A19s,2012年度版,2012,A19s_YY_03_PP.shp,離島振興対策実施地域統計情報（ポリゴン）,A19_317,都市基盤2_医療_従事者_看護師_医療施設外勤務,
A19s,2012年度版,2012,A19s_YY_03_PP.shp,離島振興対策実施地域統計情報（ポリゴン）,A19_318,都市基盤2_医療_従事者_歯科衛生士_医療施設勤務,
A19s,2012年度版,2012,A19s_YY_03_PP.shp,離島振興対策実施地域統計情報（ポリゴン）,A19_319,都市基盤2_医療_従事者_歯科衛生士_医療施設外勤務,
A19s,2012年度版,2012,A19s_YY_03_PP.shp,離島振興対策実施地域統計情報（ポリゴン）,A19_320,都市基盤2_医療_搬送設備等_巡回診療車,
A19s,2012年度版,2012,A19s_YY_03_PP.shp,離島振興対策実施地域統計情報（ポリゴン）,A19_321,都市基盤2_医療_搬送設備等_巡回診療船,
A19s,2012年度版,2012,A19s_YY_03_PP.shp,離島振興対策実施地域統計情報（ポリゴン）,A19_322,都市基盤2_医療_搬送設備等_患者輸送車,
A19s,2012年度版,2012,A19s_YY_03_PP.shp,離島振興対策実施地域統計情報（ポリゴン）,A19_323,都市基盤2_医療_搬送設備等_患者輸送船,
A19s,2012年度版,2012,A19s_YY_03_PP.shp,離島振興対策実施地域統計情報（ポリゴン）,A19_324,都市基盤2_医療_備考,
A19s,2012年度版,2012,A19s_YY_03_PP.shp,離島振興対策実施地域統計情報（ポリゴン）,A19_325,都市基盤2_水道_住民登録人口,
A19s,2012年度版,2012,A19s_YY_03_PP.shp,離島振興対策実施地域統計情報（ポリゴン）,A19_326,都市基盤2_水道_利用人口_上水道,
A19s,2012年度版,2012,A19s_YY_03_PP.shp,離島振興対策実施地域統計情報（ポリゴン）,A19_327,都市基盤2_水道_利用人口_専用水道,
A19s,2012年度版,2012,A19s_YY_03_PP.shp,離島振興対策実施地域統計情報（ポリゴン）,A19_328,都市基盤2_水道_利用人口_簡易水道,
A19s,2012年度版,2012,A19s_YY_03_PP.shp,離島振興対策実施地域統計情報（ポリゴン）,A19_329,都市基盤2_水道_利用人口_計,
A19s,2012年度版,2012,A19s_YY_03_PP.shp,離島振興対策実施地域統計情報（ポリゴン）,A19_330,都市基盤2_水道_普及率,
A19s,2012年度版,2012,A19s_YY_03_PP.shp,離島振興対策実施地域統計情報（ポリゴン）,A19_331,都市基盤2_水道_その他飲料水利用人口_井戸,
A19s,2012年度版,2012,A19s_YY_03_PP.shp,離島振興対策実施地域統計情報（ポリゴン）,A19_332,都市基盤2_水道_その他飲料水利用人口_流湧水,
A19s,2012年度版,2012,A19s_YY_03_PP.shp,離島振興対策実施地域統計情報（ポリゴン）,A19_333,都市基盤2_水道_その他飲料水利用人口_天水,
A19s,2012年度版,2012,A19s_YY_03_PP.shp,離島振興対策実施地域統計情報（ポリゴン）,A19_334,都市基盤2_水道_その他飲料水利用人口_計,
A19s,2012年度版,2012,A19s_YY_03_PP.shp,離島振興対策実施地域統計情報（ポリゴン）,A19_335,都市基盤2_水道_備考,
A19s,2012年度版,2012,A19s_YY_03_PP.shp,離島振興対策実施地域統計情報（ポリゴン）,A19_336,都市基盤2_し尿処理状況_住民登録人口,
A19s,2012年度版,2012,A19s_YY_03_PP.shp,離島振興対策実施地域統計情報（ポリゴン）,A19_337,都市基盤2_し尿処理状況_計画処理区域内人口_水洗化人口,
A19s,2012年度版,2012,A19s_YY_03_PP.shp,離島振興対策実施地域統計情報（ポリゴン）,A19_338,都市基盤2_し尿処理状況_計画処理区域内人口_非水洗化人口_収集人口,
A19s,2012年度版,2012,A19s_YY_03_PP.shp,離島振興対策実施地域統計情報（ポリゴン）,A19_339,都市基盤2_し尿処理状況_計画処理区域内人口_非水洗化人口_自家処理人口,
A19s,2012年度版,2012,A19s_YY_03_PP.shp,離島振興対策実施地域統計情報（ポリゴン）,A19_340,都市基盤2_し尿処理状況_計画処理区域内人口_計,
A19s,2012年度版,2012,A19s_YY_03_PP.shp,離島振興対策実施地域統計情報（ポリゴン）,A19_341,都市基盤2_し尿処理状況_計画処理区域内人口_計画収集率,
A19s,2012年度版,2012,A19s_YY_03_PP.shp,離島振興対策実施地域統計情報（ポリゴン）,A19_342,都市基盤2_し尿処理状況_区域内人口比率,
A19s,2012年度版,2012,A19s_YY_03_PP.shp,離島振興対策実施地域統計情報（ポリゴン）,A19_343,都市基盤2_し尿処理状況_収集し尿処理内訳_施設処理,
A19s,2012年度版,2012,A19s_YY_03_PP.shp,離島振興対策実施地域統計情報（ポリゴン）,A19_344,都市基盤2_し尿処理状況_収集し尿処理内訳_埋立て,
A19s,2012年度版,2012,A19s_YY_03_PP.shp,離島振興対策実施地域統計情報（ポリゴン）,A19_345,都市基盤2_し尿処理状況_収集し尿処理内訳_海洋投入,
A19s,2012年度版,2012,A19s_YY_03_PP.shp,離島振興対策実施地域統計情報（ポリゴン）,A19_346,都市基盤2_し尿処理状況_収集し尿処理内訳_その他,
A19s,2012年度版,2012,A19s_YY_03_PP.shp,離島振興対策実施地域統計情報（ポリゴン）,A19_347,都市基盤2_し尿処理状況_収集し尿処理内訳_計,
A19s,2012年度版,2012,A19s_YY_03_PP.shp,離島振興対策実施地域統計情報（ポリゴン）,A19_348,都市基盤2_し尿処理状況_収集し尿処理内訳_施設処理率,
A19s,2012年度版,2012,A19s_YY_03_PP.shp,離島振興対策実施地域統計情報（ポリゴン）,A19_349,都市基盤2_し尿処理状況_備考,
A19s,2012年度版,2012,A19s_YY_03_PP.shp,離島振興対策実施地域統計情報（ポリゴン）,A19_350,都市基盤2_ごみ処理状況_住民登録人口,
A19s,2012年度版,2012,A19s_YY_03_PP.shp,離島振興対策実施地域統計情報（ポリゴン）,A19_351,都市基盤2_ごみ処理状況_計画処理区域内人口_計画収集人口,
A19s,2012年度版,2012,A19s_YY_03_PP.shp,離島振興対策実施地域統計情報（ポリゴン）,A19_352,都市基盤2_ごみ処理状況_計画処理区域内人口_自家処理人口,
A19s,2012年度版,2012,A19s_YY_03_PP.shp,離島振興対策実施地域統計情報（ポリゴン）,A19_353,都市基盤2_ごみ処理状況_計画処理区域内人口_計,
A19s,2012年度版,2012,A19s_YY_03_PP.shp,離島振興対策実施地域統計情報（ポリゴン）,A19_354,都市基盤2_ごみ処理状況_計画処理区域内人口_計画収集率,
A19s,2012年度版,2012,A19s_YY_03_PP.shp,離島振興対策実施地域統計情報（ポリゴン）,A19_355,都市基盤2_ごみ処理状況_区域内人口比率,
A19s,2012年度版,2012,A19s_YY_03_PP.shp,離島振興対策実施地域統計情報（ポリゴン）,A19_356,都市基盤2_ごみ処理状況_収集ごみ処理内訳_施設処理,
A19s,2012年度版,2012,A19s_YY_03_PP.shp,離島振興対策実施地域統計情報（ポリゴン）,A19_357,都市基盤2_ごみ処理状況_収集ごみ処理内訳_埋立て,
A19s,2012年度版,2012,A19s_YY_03_PP.shp,離島振興対策実施地域統計情報（ポリゴン）,A19_358,都市基盤2_ごみ処理状況_収集ごみ処理内訳_その他,
A19s,2012年度版,2012,A19s_YY_03_PP.shp,離島振興対策実施地域統計情報（ポリゴン）,A19_359,都市基盤2_ごみ処理状況_収集ごみ処理内訳_計,
A19s,2012年度版,2012,A19s_YY_03_PP.shp,離島振興対策実施地域統計情報（ポリゴン）,A19_360,都市基盤2_ごみ処理状況_収集ごみ処理内訳_施設処理率,
A19s,2012年度版,2012,A19s_YY_03_PP.shp,離島振興対策実施地域統計情報（ポリゴン）,A19_361,都市基盤2_ごみ処理状況_備考,
A19s,2012年度版,2012,A19s_YY_03_PP.shp,離島振興対策実施地域統計情報（ポリゴン）,A19_362,都市基盤2_汚水処理状況_住民登録人口,
A19s,2012年度版,2012,A19s_YY_03_PP.shp,離島振興対策実施地域統計情報（ポリゴン）,A19_363,都市基盤2_汚水処理状況_計画処理区域内人口_公共・流域下水道,
A19s,2012年度版,2012,A19s_YY_03_PP.shp,離島振興対策実施地域統計情報（ポリゴン）,A19_364,都市基盤2_汚水処理状況_計画処理区域内人口_農業集落排水,
A19s,2012年度版,2012,A19s_YY_03_PP.shp,離島振興対策実施地域統計情報（ポリゴン）,A19_365,都市基盤2_汚水処理状況_計画処理区域内人口_漁業集落環境整備,
A19s,2012年度版,2012,A19s_YY_03_PP.shp,離島振興対策実施地域統計情報（ポリゴン）,A19_366,都市基盤2_汚水処理状況_計画処理区域内人口_コミュニティ・プラント,
A19s,2012年度版,2012,A19s_YY_03_PP.shp,離島振興対策実施地域統計情報（ポリゴン）,A19_367,都市基盤2_汚水処理状況_計画処理区域内人口_合併処理浄化槽,
A19s,2012年度版,2012,A19s_YY_03_PP.shp,離島振興対策実施地域統計情報（ポリゴン）,A19_368,都市基盤2_汚水処理状況_計画処理区域内人口_その他,
A19s,2012年度版,2012,A19s_YY_03_PP.shp,離島振興対策実施地域統計情報（ポリゴン）,A19_369,都市基盤2_汚水処理状況_計画処理区域内人口_計,
A19s,2012年度版,2012,A19s_YY_03_PP.shp,離島振興対策実施地域統計情報（ポリゴン）,A19_370,都市基盤2_汚水処理状況_区域内人口比率,
A19s,2012年度版,2012,A19s_YY_03_PP.shp,離島振興対策実施地域統計情報（ポリゴン）,A19_371,都市基盤2_汚水処理状況_処理人口_公共・流域下水道,
A19s,2012年度版,2012,A19s_YY_03_PP.shp,離島振興対策実施地域統計情報（ポリゴン）,A19_372,都市基盤2_汚水処理状況_処理人口_農業集落排水,
A19s,2012年度版,2012,A19s_YY_03_PP.shp,離島振興対策実施地域統計情報（ポリゴン）,A19_373,都市基盤2_汚水処理状況_処理人口_漁業集落環境整備,
A19s,2012年度版,2012,A19s_YY_03_PP.shp,離島振興対策実施地域統計情報（ポリゴン）,A19_374,都市基盤2_汚水処理状況_処理人口_コミュニティ・プラント,
A19s,2012年度版,2012,A19s_YY_03_PP.shp,離島振興対策実施地域統計情報（ポリゴン）,A19_375,都市基盤2_汚水処理状況_処理人口_合併処理浄化槽,
A19s,2012年度版,2012,A19s_YY_03_PP.shp,離島振興対策実施地域統計情報（ポリゴン）,A19_376,都市基盤2_汚水処理状況_処理人口_その他,
A19s,2012年度版,2012,A19s_YY_03_PP.shp,離島振興対策実施地域統計情報（ポリゴン）,A19_377,都市基盤2_汚水処理状況_処理人口_計,
A19s,2012年度版,2012,A19s_YY_03_PP.shp,離島振興対策実施地域統計情報（ポリゴン）,A19_378,都市基盤2_汚水処理状況_処理人口普及率,
A19s,2012年度版,2012,A19s_YY_03_PP.shp,離島振興対策実施地域統計情報（ポリゴン）,A19_379,都市基盤2_汚水処理状況_備考,
A19s,2012年度版,2012,A19s_YY_03_PP.shp,離島振興対策実施地域統計情報（ポリゴン）,A19_380,都市基盤2_財政1_決算_基準財政需要額,
A19s,2012年度版,2012,A19s_YY_03_PP.shp,離島振興対策実施地域統計情報（ポリゴン）,A19_381,都市基盤2_財政1_決算_基準財政収入額,
A19s,2012年度版,2012,A19s_YY_03_PP.shp,離島振興対策実施地域統計情報（ポリゴン）,A19_382,都市基盤2_財政1_決算_財政力指数,
A19s,2012年度版,2012,A19s_YY_03_PP.shp,離島振興対策実施地域統計情報（ポリゴン）,A19_383,都市基盤2_財政1_現在_積立金現在高,
A19s,2012年度版,2012,A19s_YY_03_PP.shp,離島振興対策実施地域統計情報（ポリゴン）,A19_384,都市基盤2_財政1_現在_地方債現在高,
A19s,2012年度版,2012,A19s_YY_03_PP.shp,離島振興対策実施地域統計情報（ポリゴン）,A19_385,都市基盤2_財政1_歳入_地方税収入,
A19s,2012年度版,2012,A19s_YY_03_PP.shp,離島振興対策実施地域統計情報（ポリゴン）,A19_386,都市基盤2_財政1_歳入_地方交付税,
A19s,2012年度版,2012,A19s_YY_03_PP.shp,離島振興対策実施地域統計情報（ポリゴン）,A19_387,都市基盤2_財政1_歳入_国庫支出金,
A19s,2012年度版,2012,A19s_YY_03_PP.shp,離島振興対策実施地域統計情報（ポリゴン）,A19_388,都市基盤2_財政1_歳入_都道県支出金,
A19s,2012年度版,2012,A19s_YY_03_PP.shp,離島振興対策実施地域統計情報（ポリゴン）,A19_389,都市基盤2_財政1_歳入_地方債,
A19s,2012年度版,2012,A19s_YY_03_PP.shp,離島振興対策実施地域統計情報（ポリゴン）,A19_390,都市基盤2_財政1_歳入_その他,
A19s,2012年度版,2012,A19s_YY_03_PP.shp,離島振興対策実施地域統計情報（ポリゴン）,A19_391,都市基盤2_財政1_歳入_計,
A19s,2012年度版,2012,A19s_YY_03_PP.shp,離島振興対策実施地域統計情報（ポリゴン）,A19_392,都市基盤2_財政2_歳出_議会費,
A19s,2012年度版,2012,A19s_YY_03_PP.shp,離島振興対策実施地域統計情報（ポリゴン）,A19_393,都市基盤2_財政2_歳出_総務費,
A19s,2012年度版,2012,A19s_YY_03_PP.shp,離島振興対策実施地域統計情報（ポリゴン）,A19_394,都市基盤2_財政2_歳出_民生費,
A19s,2012年度版,2012,A19s_YY_03_PP.shp,離島振興対策実施地域統計情報（ポリゴン）,A19_395,都市基盤2_財政2_歳出_衛生費,
A19s,2012年度版,2012,A19s_YY_03_PP.shp,離島振興対策実施地域統計情報（ポリゴン）,A19_396,都市基盤2_財政2_歳出_労働費,
A19s,2012年度版,2012,A19s_YY_03_PP.shp,離島振興対策実施地域統計情報（ポリゴン）,A19_397,都市基盤2_財政2_歳出_農林水産費,
A19s,2012年度版,2012,A19s_YY_03_PP.shp,離島振興対策実施地域統計情報（ポリゴン）,A19_398,都市基盤2_財政2_歳出_商工費,
A19s,2012年度版,2012,A19s_YY_03_PP.shp,離島振興対策実施地域統計情報（ポリゴン）,A19_399,都市基盤2_財政2_歳出_土木費,
A19s,2012年度版,2012,A19s_YY_03_PP.shp,離島振興対策実施地域統計情報（ポリゴン）,A19_400,都市基盤2_財政2_歳出_消防費,
A19s,2012年度版,2012,A19s_YY_03_PP.shp,離島振興対策実施地域統計情報（ポリゴン）,A19_401,都市基盤2_財政2_歳出_教育費,
A19s,2012年度版,2012,A19s_YY_03_PP.shp,離島振興対策実施地域統計情報（ポリゴン）,A19_402,都市基盤2_財政2_歳出_災害復旧費,
A19s,2012年度版,2012,A19s_YY_03_PP.shp,離島振興対策実施地域統計情報（ポリゴン）,A19_403,都市基盤2_財政2_歳出_公債費,
A19s,2012年度版,2012,A19s_YY_03_PP.shp,離島振興対策実施地域統計情報（ポリゴン）,A19_404,都市基盤2_財政2_歳出_諸支出金,
A19s,2012年度版,2012,A19s_YY_03_PP.shp,離島振興対策実施地域統計情報（ポリゴン）,A19_405,都市基盤2_財政2_歳出_計,
A19s,2012年度版,2012,A19s_YY_04_PP.shp,離島振興対策実施地域統計情報（ポリゴン）,A19_001,離島振興対策実施地域_離島振興対策実施地域ID,
A19s,2012年度版,2012,A19s_YY_04_PP.shp,離島振興対策実施地域統計情報（ポリゴン）,A19_002,離島振興対策実施地域_行政コード,
A19s,2012年度版,2012,A19s_YY_04_PP.shp,離島振興対策実施地域統計情報（ポリゴン）,A19_003,離島振興対策実施地域_都道府県名,
A19s,2012年度版,2012,A19s_YY_04_PP.shp,離島振興対策実施地域統計情報（ポリゴン）,A19_004,離島振興対策実施地域_支庁名,
A19s,2012年度版,2012,A19s_YY_04_PP.shp,離島振興対策実施地域統計情報（ポリゴン）,A19_005,離島振興対策実施地域_郡・政令市名,
A19s,2012年度版,2012,A19s_YY_04_PP.shp,離島振興対策実施地域統計情報（ポリゴン）,A19_006,離島振興対策実施地域_市区町村名,
A19s,2012年度版,2012,A19s_YY_04_PP.shp,離島振興対策実施地域統計情報（ポリゴン）,A19_007,離島振興対策実施地域_指定地域名,
A19s,2012年度版,2012,A19s_YY_04_PP.shp,離島振興対策実施地域統計情報（ポリゴン）,A19_008,離島振興対策実施地域_島嶼名,
A19s,2012年度版,2012,A19s_YY_04_PP.shp,離島振興対策実施地域統計情報（ポリゴン）,A19_009,離島振興対策実施地域_離島区分コード,
A19s,2012年度版,2012,A19s_YY_04_PP.shp,離島振興対策実施地域統計情報（ポリゴン）,A19_010,離島振興対策実施地域_指定状況コード,
A19s,2012年度版,2012,A19s_YY_04_PP.shp,離島振興対策実施地域統計情報（ポリゴン）,A19_406,産業_調査年度,
A19s,2012年度版,2012,A19s_YY_04_PP.shp,離島振興対策実施地域統計情報（ポリゴン）,A19_407,産業_就業者数_就業者総数,
A19s,2012年度版,2012,A19s_YY_04_PP.shp,離島振興対策実施地域統計情報（ポリゴン）,A19_408,産業_就業者数_第1次_農業,
A19s,2012年度版,2012,A19s_YY_04_PP.shp,離島振興対策実施地域統計情報（ポリゴン）,A19_409,産業_就業者数_第1次_農業、林業,
A19s,2012年度版,2012,A19s_YY_04_PP.shp,離島振興対策実施地域統計情報（ポリゴン）,A19_410,産業_就業者数_第1次_農業、林業（うち農業）,
A19s,2012年度版,2012,A19s_YY_04_PP.shp,離島振興対策実施地域統計情報（ポリゴン）,A19_411,産業_就業者数_第1次_林業,
A19s,2012年度版,2012,A19s_YY_04_PP.shp,離島振興対策実施地域統計情報（ポリゴン）,A19_412,産業_就業者数_第1次_漁業,
A19s,2012年度版,2012,A19s_YY_04_PP.shp,離島振興対策実施地域統計情報（ポリゴン）,A19_413,産業_就業者数_第1次_小計,
A19s,2012年度版,2012,A19s_YY_04_PP.shp,離島振興対策実施地域統計情報（ポリゴン）,A19_414,産業_就業者数_第2次_鉱業,
A19s,2012年度版,2012,A19s_YY_04_PP.shp,離島振興対策実施地域統計情報（ポリゴン）,A19_415,産業_就業者数_第2次_鉱業、採石業、砂利採取業,
A19s,2012年度版,2012,A19s_YY_04_PP.shp,離島振興対策実施地域統計情報（ポリゴン）,A19_416,産業_就業者数_第2次_建設業,
A19s,2012年度版,2012,A19s_YY_04_PP.shp,離島振興対策実施地域統計情報（ポリゴン）,A19_417,産業_就業者数_第2次_製造業,
A19s,2012年度版,2012,A19s_YY_04_PP.shp,離島振興対策実施地域統計情報（ポリゴン）,A19_418,産業_就業者数_第2次_小計,
A19s,2012年度版,2012,A19s_YY_04_PP.shp,離島振興対策実施地域統計情報（ポリゴン）,A19_419,産業_就業者数_第3次_電気・ガス・熱供給・水道業,
A19s,2012年度版,2012,A19s_YY_04_PP.shp,離島振興対策実施地域統計情報（ポリゴン）,A19_420,産業_就業者数_第3次_運輸・通信業,
A19s,2012年度版,2012,A19s_YY_04_PP.shp,離島振興対策実施地域統計情報（ポリゴン）,A19_421,産業_就業者数_第3次_情報・通信業,
A19s,2012年度版,2012,A19s_YY_04_PP.shp,離島振興対策実施地域統計情報（ポリゴン）,A19_422,産業_就業者数_第3次_運輸業,
A19s,2012年度版,2012,A19s_YY_04_PP.shp,離島振興対策実施地域統計情報（ポリゴン）,A19_423,産業_就業者数_第3次_運輸業、郵便業,
A19s,2012年度版,2012,A19s_YY_04_PP.shp,離島振興対策実施地域統計情報（ポリゴン）,A19_424,産業_就業者数_第3次_卸売・小売業・飲食業,
A19s,2012年度版,2012,A19s_YY_04_PP.shp,離島振興対策実施地域統計情報（ポリゴン）,A19_425,産業_就業者数_第3次_卸売・小売業,
A19s,2012年度版,2012,A19s_YY_04_PP.shp,離島振興対策実施地域統計情報（ポリゴン）,A19_426,産業_就業者数_第3次_金融・保険業,
A19s,2012年度版,2012,A19s_YY_04_PP.shp,離島振興対策実施地域統計情報（ポリゴン）,A19_427,産業_就業者数_第3次_不動産業,
A19s,2012年度版,2012,A19s_YY_04_PP.shp,離島振興対策実施地域統計情報（ポリゴン）,A19_428,産業_就業者数_第3次_不動産業、物品賃貸業,
A19s,2012年度版,2012,A19s_YY_04_PP.shp,離島振興対策実施地域統計情報（ポリゴン）,A19_429,産業_就業者数_第3次_学術研究、専門・技術サービス業,
A19s,2012年度版,2012,A19s_YY_04_PP.shp,離島振興対策実施地域統計情報（ポリゴン）,A19_430,産業_就業者数_第3次_飲食店・宿泊業,
A19s,2012年度版,2012,A19s_YY_04_PP.shp,離島振興対策実施地域統計情報（ポリゴン）,A19_431,産業_就業者数_第3次_宿泊業、飲食サービス業,
A19s,2012年度版,2012,A19s_YY_04_PP.shp,離島振興対策実施地域統計情報（ポリゴン）,A19_432,産業_就業者数_第3次_生活関連サービス業、娯楽業,
A19s,2012年度版,2012,A19s_YY_04_PP.shp,離島振興対策実施地域統計情報（ポリゴン）,A19_433,産業_就業者数_第3次_医療･福祉,
A19s,2012年度版,2012,A19s_YY_04_PP.shp,離島振興対策実施地域統計情報（ポリゴン）,A19_434,産業_就業者数_第3次_教育・学習支援業,
A19s,2012年度版,2012,A19s_YY_04_PP.shp,離島振興対策実施地域統計情報（ポリゴン）,A19_435,産業_就業者数_第3次_複合サービス事業,
A19s,2012年度版,2012,A19s_YY_04_PP.shp,離島振興対策実施地域統計情報（ポリゴン）,A19_436,産業_就業者数_第3次_サービス業,
A19s,2012年度版,2012,A19s_YY_04_PP.shp,離島振興対策実施地域統計情報（ポリゴン）,A19_437,産業_就業者数_第3次_公務,
A19s,2012年度版,2012,A19s_YY_04_PP.shp,離島振興対策実施地域統計情報（ポリゴン）,A19_438,産業_就業者数_第3次_小計,
A19s,2012年度版,2012,A19s_YY_04_PP.shp,離島振興対策実施地域統計情報（ポリゴン）,A19_439,産業_就業者数_分類不能,
A19s,2012年度版,2012,A19s_YY_04_PP.shp,離島振興対策実施地域統計情報（ポリゴン）,A19_440,産業_就業者数_備考,
A19s,2012年度版,2012,A19s_YY_04_PP.shp,離島振興対策実施地域統計情報（ポリゴン）,A19_441,産業_事業所数_総数,
A19s,2012年度版,2012,A19s_YY_04_PP.shp,離島振興対策実施地域統計情報（ポリゴン）,A19_442,産業_事業所数_第1次_農業,
A19s,2012年度版,2012,A19s_YY_04_PP.shp,離島振興対策実施地域統計情報（ポリゴン）,A19_443,産業_事業所数_第1次_林業,
A19s,2012年度版,2012,A19s_YY_04_PP.shp,離島振興対策実施地域統計情報（ポリゴン）,A19_444,産業_事業所数_第1次_漁業,
A19s,2012年度版,2012,A19s_YY_04_PP.shp,離島振興対策実施地域統計情報（ポリゴン）,A19_445,産業_事業所数_第1次_小計,
A19s,2012年度版,2012,A19s_YY_04_PP.shp,離島振興対策実施地域統計情報（ポリゴン）,A19_446,産業_事業所数_第2次_鉱業,
A19s,2012年度版,2012,A19s_YY_04_PP.shp,離島振興対策実施地域統計情報（ポリゴン）,A19_447,産業_事業所数_第2次_建設業,
A19s,2012年度版,2012,A19s_YY_04_PP.shp,離島振興対策実施地域統計情報（ポリゴン）,A19_448,産業_事業所数_第2次_製造業,
A19s,2012年度版,2012,A19s_YY_04_PP.shp,離島振興対策実施地域統計情報（ポリゴン）,A19_449,産業_事業所数_第2次_小計,
A19s,2012年度版,2012,A19s_YY_04_PP.shp,離島振興対策実施地域統計情報（ポリゴン）,A19_450,産業_事業所数_第3次_電気・ガス・熱供給・水道業,
A19s,2012年度版,2012,A19s_YY_04_PP.shp,離島振興対策実施地域統計情報（ポリゴン）,A19_451,産業_事業所数_第3次_運輸・通信業,
A19s,2012年度版,2012,A19s_YY_04_PP.shp,離島振興対策実施地域統計情報（ポリゴン）,A19_452,産業_事業所数_第3次_卸売・小売業・飲食業,
A19s,2012年度版,2012,A19s_YY_04_PP.shp,離島振興対策実施地域統計情報（ポリゴン）,A19_453,産業_事業所数_第3次_金融・保険業,
A19s,2012年度版,2012,A19s_YY_04_PP.shp,離島振興対策実施地域統計情報（ポリゴン）,A19_454,産業_事業所数_第3次_不動産業,
A19s,2012年度版,2012,A19s_YY_04_PP.shp,離島振興対策実施地域統計情報（ポリゴン）,A19_455,産業_事業所数_第3次_サービス業,
A19s,2012年度版,2012,A19s_YY_04_PP.shp,離島振興対策実施地域統計情報（ポリゴン）,A19_456,産業_事業所数_第3次_公務,
A19s,2012年度版,2012,A19s_YY_04_PP.shp,離島振興対策実施地域統計情報（ポリゴン）,A19_457,産業_事業所数_第3次_小計,
A19s,2012年度版,2012,A19s_YY_04_PP.shp,離島振興対策実施地域統計情報（ポリゴン）,A19_458,産業_事業所数_分類不能,
A19s,2012年度版,2012,A19s_YY_04_PP.shp,離島振興対策実施地域統計情報（ポリゴン）,A19_459,産業_従業者数_総数,
A19s,2012年度版,2012,A19s_YY_04_PP.shp,離島振興対策実施地域統計情報（ポリゴン）,A19_460,産業_従業者数_第1次_農業,
A19s,2012年度版,2012,A19s_YY_04_PP.shp,離島振興対策実施地域統計情報（ポリゴン）,A19_461,産業_従業者数_第1次_林業,
A19s,2012年度版,2012,A19s_YY_04_PP.shp,離島振興対策実施地域統計情報（ポリゴン）,A19_462,産業_従業者数_第1次_漁業,
A19s,2012年度版,2012,A19s_YY_04_PP.shp,離島振興対策実施地域統計情報（ポリゴン）,A19_463,産業_従業者数_第1次_小計,
A19s,2012年度版,2012,A19s_YY_04_PP.shp,離島振興対策実施地域統計情報（ポリゴン）,A19_464,産業_従業者数_第2次_鉱業,
A19s,2012年度版,2012,A19s_YY_04_PP.shp,離島振興対策実施地域統計情報（ポリゴン）,A19_465,産業_従業者数_第2次_建設業,
A19s,2012年度版,2012,A19s_YY_04_PP.shp,離島振興対策実施地域統計情報（ポリゴン）,A19_466,産業_従業者数_第2次_製造業,
A19s,2012年度版,2012,A19s_YY_04_PP.shp,離島振興対策実施地域統計情報（ポリゴン）,A19_467,産業_従業者数_第2次_小計,
A19s,2012年度版,2012,A19s_YY_04_PP.shp,離島振興対策実施地域統計情報（ポリゴン）,A19_468,産業_従業者数_第3次_電気・ガス・熱供給・水道業,
A19s,2012年度版,2012,A19s_YY_04_PP.shp,離島振興対策実施地域統計情報（ポリゴン）,A19_469,産業_従業者数_第3次_運輸・通信業,
A19s,2012年度版,2012,A19s_YY_04_PP.shp,離島振興対策実施地域統計情報（ポリゴン）,A19_470,産業_従業者数_第3次_卸売・小売業・飲食業,
A19s,2012年度版,2012,A19s_YY_04_PP.shp,離島振興対策実施地域統計情報（ポリゴン）,A19_471,産業_従業者数_第3次_金融・保険業,
A19s,2012年度版,2012,A19s_YY_04_PP.shp,離島振興対策実施地域統計情報（ポリゴン）,A19_472,産業_従業者数_第3次_不動産業,
A19s,2012年度版,2012,A19s_YY_04_PP.shp,離島振興対策実施地域統計情報（ポリゴン）,A19_473,産業_従業者数_第3次_サービス業,
A19s,2012年度版,2012,A19s_YY_04_PP.shp,離島振興対策実施地域統計情報（ポリゴン）,A19_474,産業_従業者数_第3次_公務,
A19s,2012年度版,2012,A19s_YY_04_PP.shp,離島振興対策実施地域統計情報（ポリゴン）,A19_475,産業_従業者数_第3次_小計,
A19s,2012年度版,2012,A19s_YY_04_PP.shp,離島振興対策実施地域統計情報（ポリゴン）,A19_476,産業_従業者数_分類不能,
A19s,2012年度版,2012,A19s_YY_04_PP.shp,離島振興対策実施地域統計情報（ポリゴン）,A19_477,産業_農林業_総面積,
A19s,2012年度版,2012,A19s_YY_04_PP.shp,離島振興対策実施地域統計情報（ポリゴン）,A19_478,産業_農林業_農振面積,
A19s,2012年度版,2012,A19s_YY_04_PP.shp,離島振興対策実施地域統計情報（ポリゴン）,A19_479,産業_農林業_耕地面積_総数,
A19s,2012年度版,2012,A19s_YY_04_PP.shp,離島振興対策実施地域統計情報（ポリゴン）,A19_480,産業_農林業_耕地面積_田,
A19s,2012年度版,2012,A19s_YY_04_PP.shp,離島振興対策実施地域統計情報（ポリゴン）,A19_481,産業_農林業_耕地面積_畑,
A19s,2012年度版,2012,A19s_YY_04_PP.shp,離島振興対策実施地域統計情報（ポリゴン）,A19_482,産業_農林業_耕地面積_樹園地,
A19s,2012年度版,2012,A19s_YY_04_PP.shp,離島振興対策実施地域統計情報（ポリゴン）,A19_483,産業_農林業_耕地面積_牧草地,
A19s,2012年度版,2012,A19s_YY_04_PP.shp,離島振興対策実施地域統計情報（ポリゴン）,A19_484,産業_農林業_耕地化率,
A19s,2012年度版,2012,A19s_YY_04_PP.shp,離島振興対策実施地域統計情報（ポリゴン）,A19_485,産業_農林業_家畜飼育数_乳用牛,
A19s,2012年度版,2012,A19s_YY_04_PP.shp,離島振興対策実施地域統計情報（ポリゴン）,A19_486,産業_農林業_家畜飼育数_肉用牛,
A19s,2012年度版,2012,A19s_YY_04_PP.shp,離島振興対策実施地域統計情報（ポリゴン）,A19_487,産業_農林業_家畜飼育数_豚,
A19s,2012年度版,2012,A19s_YY_04_PP.shp,離島振興対策実施地域統計情報（ポリゴン）,A19_488,産業_農林業_家畜飼育数_鶏,
A19s,2012年度版,2012,A19s_YY_04_PP.shp,離島振興対策実施地域統計情報（ポリゴン）,A19_489,産業_農林業_農道延長,
A19s,2012年度版,2012,A19s_YY_04_PP.shp,離島振興対策実施地域統計情報（ポリゴン）,A19_490,産業_農林業_林道延長,
A19s,2012年度版,2012,A19s_YY_04_PP.shp,離島振興対策実施地域統計情報（ポリゴン）,A19_491,産業_農林業_林道延長_内国有林道,
A19s,2012年度版,2012,A19s_YY_04_PP.shp,離島振興対策実施地域統計情報（ポリゴン）,A19_492,産業_農林業_森林面積_総数,
A19s,2012年度版,2012,A19s_YY_04_PP.shp,離島振興対策実施地域統計情報（ポリゴン）,A19_493,産業_農林業_森林面積_総数_うち人工林,
A19s,2012年度版,2012,A19s_YY_04_PP.shp,離島振興対策実施地域統計情報（ポリゴン）,A19_494,産業_農林業_森林面積_国有林,
A19s,2012年度版,2012,A19s_YY_04_PP.shp,離島振興対策実施地域統計情報（ポリゴン）,A19_495,産業_農林業_森林面積_国有林_うち人工林,
A19s,2012年度版,2012,A19s_YY_04_PP.shp,離島振興対策実施地域統計情報（ポリゴン）,A19_496,産業_農林業_森林面積_民有林,
A19s,2012年度版,2012,A19s_YY_04_PP.shp,離島振興対策実施地域統計情報（ポリゴン）,A19_497,産業_農林業_森林面積_民有林_うち人工林,
A19s,2012年度版,2012,A19s_YY_04_PP.shp,離島振興対策実施地域統計情報（ポリゴン）,A19_498,産業_農林業_森林蓄積量,
A19s,2012年度版,2012,A19s_YY_04_PP.shp,離島振興対策実施地域統計情報（ポリゴン）,A19_499,産業_農林業_備考,
A19s,2012年度版,2012,A19s_YY_04_PP.shp,離島振興対策実施地域統計情報（ポリゴン）,A19_500,産業_水産業現況_港湾_水揚高_属人水揚_計(水揚トン数),
A19s,2012年度版,2012,A19s_YY_04_PP.shp,離島振興対策実施地域統計情報（ポリゴン）,A19_501,産業_水産業現況_港湾_水揚高_属人水揚_計(水揚金額),
A19s,2012年度版,2012,A19s_YY_04_PP.shp,離島振興対策実施地域統計情報（ポリゴン）,A19_502,産業_水産業現況_港湾_水揚高_属人水揚_海面漁業(水揚トン数),
A19s,2012年度版,2012,A19s_YY_04_PP.shp,離島振興対策実施地域統計情報（ポリゴン）,A19_503,産業_水産業現況_港湾_水揚高_属人水揚_海面漁業(水揚金額),
A19s,2012年度版,2012,A19s_YY_04_PP.shp,離島振興対策実施地域統計情報（ポリゴン）,A19_504,産業_水産業現況_港湾_水揚高_属人水揚_海面養殖業(水揚トン数),
A19s,2012年度版,2012,A19s_YY_04_PP.shp,離島振興対策実施地域統計情報（ポリゴン）,A19_505,産業_水産業現況_港湾_水揚高_属人水揚_海面養殖業(水揚金額),
A19s,2012年度版,2012,A19s_YY_04_PP.shp,離島振興対策実施地域統計情報（ポリゴン）,A19_506,産業_水産業現況_港湾_水揚高_属地水揚_計(水揚トン数),
A19s,2012年度版,2012,A19s_YY_04_PP.shp,離島振興対策実施地域統計情報（ポリゴン）,A19_507,産業_水産業現況_港湾_水揚高_属地水揚_計(水揚金額),
A19s,2012年度版,2012,A19s_YY_04_PP.shp,離島振興対策実施地域統計情報（ポリゴン）,A19_508,産業_水産業現況_港湾_水揚高_属地水揚_海面漁業(水揚トン数),
A19s,2012年度版,2012,A19s_YY_04_PP.shp,離島振興対策実施地域統計情報（ポリゴン）,A19_509,産業_水産業現況_港湾_水揚高_属地水揚_海面漁業(水揚金額),
A19s,2012年度版,2012,A19s_YY_04_PP.shp,離島振興対策実施地域統計情報（ポリゴン）,A19_510,産業_水産業現況_港湾_水揚高_属地水揚_海面養殖業(水揚トン数),
A19s,2012年度版,2012,A19s_YY_04_PP.shp,離島振興対策実施地域統計情報（ポリゴン）,A19_511,産業_水産業現況_港湾_水揚高_属地水揚_海面養殖業(水揚金額),
A19s,2012年度版,2012,A19s_YY_04_PP.shp,離島振興対策実施地域統計情報（ポリゴン）,A19_512,産業_水産業現況_漁港_水揚高_属人水揚_計(水揚トン数),
A19s,2012年度版,2012,A19s_YY_04_PP.shp,離島振興対策実施地域統計情報（ポリゴン）,A19_513,産業_水産業現況_漁港_水揚高_属人水揚_計(水揚金額),
A19s,2012年度版,2012,A19s_YY_04_PP.shp,離島振興対策実施地域統計情報（ポリゴン）,A19_514,産業_水産業現況_漁港_水揚高_属人水揚_海面漁業(水揚トン数),
A19s,2012年度版,2012,A19s_YY_04_PP.shp,離島振興対策実施地域統計情報（ポリゴン）,A19_515,産業_水産業現況_漁港_水揚高_属人水揚_海面漁業(水揚金額),
A19s,2012年度版,2012,A19s_YY_04_PP.shp,離島振興対策実施地域統計情報（ポリゴン）,A19_516,産業_水産業現況_漁港_水揚高_属人水揚_海面養殖業(水揚トン数),
A19s,2012年度版,2012,A19s_YY_04_PP.shp,離島振興対策実施地域統計情報（ポリゴン）,A19_517,産業_水産業現況_漁港_水揚高_属人水揚_海面養殖業(水揚金額),
A19s,2012年度版,2012,A19s_YY_04_PP.shp,離島振興対策実施地域統計情報（ポリゴン）,A19_518,産業_水産業現況_漁港_水揚高_属地水揚_計(水揚トン数),
A19s,2012年度版,2012,A19s_YY_04_PP.shp,離島振興対策実施地域統計情報（ポリゴン）,A19_519,産業_水産業現況_漁港_水揚高_属地水揚_計(水揚金額),
A19s,2012年度版,2012,A19s_YY_04_PP.shp,離島振興対策実施地域統計情報（ポリゴン）,A19_520,産業_水産業現況_漁港_水揚高_属地水揚_海面漁業(水揚トン数),
A19s,2012年度版,2012,A19s_YY_04_PP.shp,離島振興対策実施地域統計情報（ポリゴン）,A19_521,産業_水産業現況_漁港_水揚高_属地水揚_海面漁業(水揚金額),
A19s,2012年度版,2012,A19s_YY_04_PP.shp,離島振興対策実施地域統計情報（ポリゴン）,A19_522,産業_水産業現況_漁港_水揚高_属地水揚_海面養殖業(水揚トン数),
A19s,2012年度版,2012,A19s_YY_04_PP.shp,離島振興対策実施地域統計情報（ポリゴン）,A19_523,産業_水産業現況_漁港_水揚高_属地水揚_海面養殖業(水揚金額),
A19s,2012年度版,2012,A19s_YY_04_PP.shp,離島振興対策実施地域統計情報（ポリゴン）,A19_524,産業_経営体_農家戸数_総数,
A19s,2012年度版,2012,A19s_YY_04_PP.shp,離島振興対策実施地域統計情報（ポリゴン）,A19_525,産業_経営体_農家戸数_販売農業_専業,
A19s,2012年度版,2012,A19s_YY_04_PP.shp,離島振興対策実施地域統計情報（ポリゴン）,A19_526,産業_経営体_農家戸数_販売農業_兼業_1種,
A19s,2012年度版,2012,A19s_YY_04_PP.shp,離島振興対策実施地域統計情報（ポリゴン）,A19_527,産業_経営体_農家戸数_販売農業_兼業_2種,
A19s,2012年度版,2012,A19s_YY_04_PP.shp,離島振興対策実施地域統計情報（ポリゴン）,A19_528,産業_経営体_農家戸数_自給的農家,
A19s,2012年度版,2012,A19s_YY_04_PP.shp,離島振興対策実施地域統計情報（ポリゴン）,A19_529,産業_経営体_漁家戸数_総数,
A19s,2012年度版,2012,A19s_YY_04_PP.shp,離島振興対策実施地域統計情報（ポリゴン）,A19_530,産業_経営体_漁家戸数_専業,
A19s,2012年度版,2012,A19s_YY_04_PP.shp,離島振興対策実施地域統計情報（ポリゴン）,A19_531,産業_経営体_漁家戸数_兼業_1種,
A19s,2012年度版,2012,A19s_YY_04_PP.shp,離島振興対策実施地域統計情報（ポリゴン）,A19_532,産業_経営体_漁家戸数_兼業_2種,
A19s,2012年度版,2012,A19s_YY_04_PP.shp,離島振興対策実施地域統計情報（ポリゴン）,A19_533,産業_経営体_林家戸数_総数,
A19s,2012年度版,2012,A19s_YY_04_PP.shp,離島振興対策実施地域統計情報（ポリゴン）,A19_534,産業_経営体_林家戸数_農家林家,
A19s,2012年度版,2012,A19s_YY_04_PP.shp,離島振興対策実施地域統計情報（ポリゴン）,A19_535,産業_経営体_林家戸数_非農家林家,
A19s,2012年度版,2012,A19s_YY_04_PP.shp,離島振興対策実施地域統計情報（ポリゴン）,A19_536,産業_経営体_組合数_農業協同組合_組合数（本部）,
A19s,2012年度版,2012,A19s_YY_04_PP.shp,離島振興対策実施地域統計情報（ポリゴン）,A19_537,産業_経営体_組合数_農業協同組合_組合数（支部・支所）,
A19s,2012年度版,2012,A19s_YY_04_PP.shp,離島振興対策実施地域統計情報（ポリゴン）,A19_538,産業_経営体_組合数_農業協同組合_組合員数,
A19s,2012年度版,2012,A19s_YY_04_PP.shp,離島振興対策実施地域統計情報（ポリゴン）,A19_539,産業_経営体_組合数_漁業協同組合_組合数（本部）,
A19s,2012年度版,2012,A19s_YY_04_PP.shp,離島振興対策実施地域統計情報（ポリゴン）,A19_540,産業_経営体_組合数_漁業協同組合_組合数（支部・支所）,
A19s,2012年度版,2012,A19s_YY_04_PP.shp,離島振興対策実施地域統計情報（ポリゴン）,A19_541,産業_経営体_組合数_漁業協同組合_組合員数,
A19s,2012年度版,2012,A19s_YY_04_PP.shp,離島振興対策実施地域統計情報（ポリゴン）,A19_542,産業_経営体_組合数_森林組合_組合数（本部）,
A19s,2012年度版,2012,A19s_YY_04_PP.shp,離島振興対策実施地域統計情報（ポリゴン）,A19_543,産業_経営体_組合数_森林組合_組合数（支部・支所）,
A19s,2012年度版,2012,A19s_YY_04_PP.shp,離島振興対策実施地域統計情報（ポリゴン）,A19_544,産業_経営体_組合数_森林組合_組合員数,
A19s,2012年度版,2012,A19s_YY_04_PP.shp,離島振興対策実施地域統計情報（ポリゴン）,A19_545,産業_生産額_農業_耕種_米,
A19s,2012年度版,2012,A19s_YY_04_PP.shp,離島振興対策実施地域統計情報（ポリゴン）,A19_546,産業_生産額_農業_耕種_麦,
A19s,2012年度版,2012,A19s_YY_04_PP.shp,離島振興対策実施地域統計情報（ポリゴン）,A19_547,産業_生産額_農業_耕種_いも,
A19s,2012年度版,2012,A19s_YY_04_PP.shp,離島振興対策実施地域統計情報（ポリゴン）,A19_548,産業_生産額_農業_耕種_豆･雑穀,
A19s,2012年度版,2012,A19s_YY_04_PP.shp,離島振興対策実施地域統計情報（ポリゴン）,A19_549,産業_生産額_農業_耕種_野菜,
A19s,2012年度版,2012,A19s_YY_04_PP.shp,離島振興対策実施地域統計情報（ポリゴン）,A19_550,産業_生産額_農業_耕種_果実,
A19s,2012年度版,2012,A19s_YY_04_PP.shp,離島振興対策実施地域統計情報（ポリゴン）,A19_551,産業_生産額_農業_耕種_花卉,
A19s,2012年度版,2012,A19s_YY_04_PP.shp,離島振興対策実施地域統計情報（ポリゴン）,A19_552,産業_生産額_農業_耕種_工芸作物,
A19s,2012年度版,2012,A19s_YY_04_PP.shp,離島振興対策実施地域統計情報（ポリゴン）,A19_553,産業_生産額_農業_耕種_その他,
A19s,2012年度版,2012,A19s_YY_04_PP.shp,離島振興対策実施地域統計情報（ポリゴン）,A19_554,産業_生産額_農業_耕種_小計,
A19s,2012年度版,2012,A19s_YY_04_PP.shp,離島振興対策実施地域統計情報（ポリゴン）,A19_555,産業_生産額_農業_養蚕,
A19s,2012年度版,2012,A19s_YY_04_PP.shp,離島振興対策実施地域統計情報（ポリゴン）,A19_556,産業_生産額_農業_畜産_牛肉,
A19s,2012年度版,2012,A19s_YY_04_PP.shp,離島振興対策実施地域統計情報（ポリゴン）,A19_557,産業_生産額_農業_畜産_豚肉,
A19s,2012年度版,2012,A19s_YY_04_PP.shp,離島振興対策実施地域統計情報（ポリゴン）,A19_558,産業_生産額_農業_畜産_牛乳,
A19s,2012年度版,2012,A19s_YY_04_PP.shp,離島振興対策実施地域統計情報（ポリゴン）,A19_559,産業_生産額_農業_畜産_鶏卵,
A19s,2012年度版,2012,A19s_YY_04_PP.shp,離島振興対策実施地域統計情報（ポリゴン）,A19_560,産業_生産額_農業_畜産_その他,
A19s,2012年度版,2012,A19s_YY_04_PP.shp,離島振興対策実施地域統計情報（ポリゴン）,A19_561,産業_生産額_農業_畜産_小計,
A19s,2012年度版,2012,A19s_YY_04_PP.shp,離島振興対策実施地域統計情報（ポリゴン）,A19_562,産業_生産額_農業_合計,
A19s,2012年度版,2012,A19s_YY_04_PP.shp,離島振興対策実施地域統計情報（ポリゴン）,A19_563,産業_生産額_林業_木材_用材,
A19s,2012年度版,2012,A19s_YY_04_PP.shp,離島振興対策実施地域統計情報（ポリゴン）,A19_564,産業_生産額_林業_木材_薪炭材,
A19s,2012年度版,2012,A19s_YY_04_PP.shp,離島振興対策実施地域統計情報（ポリゴン）,A19_565,産業_生産額_林業_木炭,
A19s,2012年度版,2012,A19s_YY_04_PP.shp,離島振興対策実施地域統計情報（ポリゴン）,A19_566,産業_生産額_林業_しいたけ,
A19s,2012年度版,2012,A19s_YY_04_PP.shp,離島振興対策実施地域統計情報（ポリゴン）,A19_567,産業_生産額_林業_その他,
A19s,2012年度版,2012,A19s_YY_04_PP.shp,離島振興対策実施地域統計情報（ポリゴン）,A19_568,産業_生産額_林業_合計,
A19s,2012年度版,2012,A19s_YY_04_PP.shp,離島振興対策実施地域統計情報（ポリゴン）,A19_569,産業_生産額_水産業_魚類,
A19s,2012年度版,2012,A19s_YY_04_PP.shp,離島振興対策実施地域統計情報（ポリゴン）,A19_570,産業_生産額_水産業_貝類,
A19s,2012年度版,2012,A19s_YY_04_PP.shp,離島振興対策実施地域統計情報（ポリゴン）,A19_571,産業_生産額_水産業_水産動物,
A19s,2012年度版,2012,A19s_YY_04_PP.shp,離島振興対策実施地域統計情報（ポリゴン）,A19_572,産業_生産額_水産業_海草類,
A19s,2012年度版,2012,A19s_YY_04_PP.shp,離島振興対策実施地域統計情報（ポリゴン）,A19_573,産業_生産額_水産業_その他,
A19s,2012年度版,2012,A19s_YY_04_PP.shp,離島振興対策実施地域統計情報（ポリゴン）,A19_574,産業_生産額_水産業_合計,
A19s,2012年度版,2012,A19s_YY_04_PP.shp,離島振興対策実施地域統計情報（ポリゴン）,A19_575,産業_生産額_農林水産業総計,
A19s,2012年度版,2012,A19s_YY_04_PP.shp,離島振興対策実施地域統計情報（ポリゴン）,A19_576,産業_生産額_備考,
A19s,2012年度版,2012,A19s_YY_04_PP.shp,離島振興対策実施地域統計情報（ポリゴン）,A19_577,産業_観光客数_春,
A19s,2012年度版,2012,A19s_YY_04_PP.shp,離島振興対策実施地域統計情報（ポリゴン）,A19_578,産業_観光客数_夏,
A19s,2012年度版,2012,A19s_YY_04_PP.shp,離島振興対策実施地域統計情報（ポリゴン）,A19_579,産業_観光客数_秋,
A19s,2012年度版,2012,A19s_YY_04_PP.shp,離島振興対策実施地域統計情報（ポリゴン）,A19_580,産業_観光客数_冬,
A19s,2012年度版,2012,A19s_YY_04_PP.shp,離島振興対策実施地域統計情報（ポリゴン）,A19_581,産業_観光客数_計,
A19s,2012年度版,2012,A19s_YY_04_PP.shp,離島振興対策実施地域統計情報（ポリゴン）,A19_582,産業_宿泊能力(最盛期)_旅館・ホテル_数,
A19s,2012年度版,2012,A19s_YY_04_PP.shp,離島振興対策実施地域統計情報（ポリゴン）,A19_583,産業_宿泊能力(最盛期)_旅館・ホテル_収容能力,
A19s,2012年度版,2012,A19s_YY_04_PP.shp,離島振興対策実施地域統計情報（ポリゴン）,A19_584,産業_宿泊能力(最盛期)_民宿_数,
A19s,2012年度版,2012,A19s_YY_04_PP.shp,離島振興対策実施地域統計情報（ポリゴン）,A19_585,産業_宿泊能力(最盛期)_民宿_収容能力,
A19s,2012年度版,2012,A19s_YY_04_PP.shp,離島振興対策実施地域統計情報（ポリゴン）,A19_586,産業_宿泊能力_年間宿泊者数,
A19s,2012年度版,2012,A19s_YY_04_PP.shp,離島振興対策実施地域統計情報（ポリゴン）,A19_587,産業_自然公園面積_国立公園,
A19s,2012年度版,2012,A19s_YY_04_PP.shp,離島振興対策実施地域統計情報（ポリゴン）,A19_588,産業_自然公園面積_国定公園,
A19s,2012年度版,2012,A19s_YY_04_PP.shp,離島振興対策実施地域統計情報（ポリゴン）,A19_589,産業_自然公園面積_県立公園,
A19s,2012年度版,2012,A19s_YY_04_PP.shp,離島振興対策実施地域統計情報（ポリゴン）,A19_590,産業_観光客数・宿泊能力・自然公園_備考,
A19s,2012年度版,2012,A19s_YY_04_PP.shp,離島振興対策実施地域統計情報（ポリゴン）,A19_591,産業_港湾・航路現況_港湾_港湾利用状況_入港船舶_隻数,
A19s,2012年度版,2012,A19s_YY_04_PP.shp,離島振興対策実施地域統計情報（ポリゴン）,A19_592,産業_港湾・航路現況_港湾_総屯数,
A19s,2012年度版,2012,A19s_YY_04_PP.shp,離島振興対策実施地域統計情報（ポリゴン）,A19_593,産業_港湾・航路現況_港湾_乗降人員,
A19s,2012年度版,2012,A19s_YY_04_PP.shp,離島振興対策実施地域統計情報（ポリゴン）,A19_594,産業_港湾・航路現況_港湾_海上出入貨物_出,
A19s,2012年度版,2012,A19s_YY_04_PP.shp,離島振興対策実施地域統計情報（ポリゴン）,A19_595,産業_港湾・航路現況_港湾_海上出入貨物_入,
A19s,2012年度版,2012,A19s_YY_04_PP.shp,離島振興対策実施地域統計情報（ポリゴン）,A19_596,産業_港湾・航路現況_港湾_海上出入貨物_計,
A19s,2012年度版,2012,A19s_YY_04_PP.shp,離島振興対策実施地域統計情報（ポリゴン）,A19_597,産業_港湾・航路現況_漁港_港湾利用状況_入港船舶_隻数,
A19s,2012年度版,2012,A19s_YY_04_PP.shp,離島振興対策実施地域統計情報（ポリゴン）,A19_598,産業_港湾・航路現況_漁港_総屯数,
A19s,2012年度版,2012,A19s_YY_04_PP.shp,離島振興対策実施地域統計情報（ポリゴン）,A19_599,産業_港湾・航路現況_漁港_乗降人員,
A19s,2012年度版,2012,A19s_YY_04_PP.shp,離島振興対策実施地域統計情報（ポリゴン）,A19_600,産業_港湾・航路現況_漁港_海上出入貨物_出,
A19s,2012年度版,2012,A19s_YY_04_PP.shp,離島振興対策実施地域統計情報（ポリゴン）,A19_601,産業_港湾・航路現況_漁港_海上出入貨物_入,
A19s,2012年度版,2012,A19s_YY_04_PP.shp,離島振興対策実施地域統計情報（ポリゴン）,A19_602,産業_港湾・航路現況_漁港_海上出入貨物_計,
A19s,2012年度版,2012,A19s_YY_04_PP.shp,離島振興対策実施地域統計情報（ポリゴン）,A19_603,産業_空港・航空路現況_都道県名_空港名,
A19s,2012年度版,2012,A19s_YY_04_PP.shp,離島振興対策実施地域統計情報（ポリゴン）,A19_604,産業_空港・航空路現況_運航実績_1日当たり運航回数_平常時,
A19s,2012年度版,2012,A19s_YY_04_PP.shp,離島振興対策実施地域統計情報（ポリゴン）,A19_605,産業_空港・航空路現況_1日当たり運航回数_最盛期,
A19s,2012年度版,2012,A19s_YY_04_PP.shp,離島振興対策実施地域統計情報（ポリゴン）,A19_606,産業_空港・航空路現況_年間乗降人員,
A20,2007年度版,2007,A20-070402_PP_AmamiIslands.shp,奄美群島（ポリゴン）,A20_001,奄美ID,
A20,2007年度版,2007,A20-070402_PP_AmamiIslands.shp,奄美群島（ポリゴン）,A20_002,行政区域コード,
A20,2007年度版,2007,A20-070402_PP_AmamiIslands.shp,奄美群島（ポリゴン）,A20_003,都道府県名,
A20,2007年度版,2007,A20-070402_PP_AmamiIslands.shp,奄美群島（ポリゴン）,A20_004,支庁名,
A20,2007年度版,2007,A20-070402_PP_AmamiIslands.shp,奄美群島（ポリゴン）,A20_005,郡・政令市名,
A20,2007年度版,2007,A20-070402_PP_AmamiIslands.shp,奄美群島（ポリゴン）,A20_006,市区町村名,
A20,2007年度版,2007,A20-070402_PP_AmamiIslands.shp,奄美群島（ポリゴン）,A20_007,島嶼名,
A20,2007年度版,2007,A20-070402_PP_AmamiIslands.shp,奄美群島（ポリゴン）,A20_008,指定日,
A20s,2012年度版,2012,A20s_YY_01_PP.shp,奄美群島統計情報（ポリゴン）,A20_001,奄美群島_奄美群島ID,
A20s,2012年度版,2012,A20s_YY_01_PP.shp,奄美群島統計情報（ポリゴン）,A20_002,奄美群島_行政コード,
A20s,2012年度版,2012,A20s_YY_01_PP.shp,奄美群島統計情報（ポリゴン）,A20_003,奄美群島_都道府県名,
A20s,2012年度版,2012,A20s_YY_01_PP.shp,奄美群島統計情報（ポリゴン）,A20_004,奄美群島_支庁名,
A20s,2012年度版,2012,A20s_YY_01_PP.shp,奄美群島統計情報（ポリゴン）,A20_005,奄美群島_郡・政令市名,
A20s,2012年度版,2012,A20s_YY_01_PP.shp,奄美群島統計情報（ポリゴン）,A20_006,奄美群島_市区町村名,
A20s,2012年度版,2012,A20s_YY_01_PP.shp,奄美群島統計情報（ポリゴン）,A20_007,奄美群島_島嶼名,
A20s,2012年度版,2012,A20s_YY_01_PP.shp,奄美群島統計情報（ポリゴン）,A20_008,奄美群島_指定状況コード,
A20s,2012年度版,2012,A20s_YY_01_PP.shp,奄美群島統計情報（ポリゴン）,A20_009,人口・世帯数_調査年度,
A20s,2012年度版,2012,A20s_YY_01_PP.shp,奄美群島統計情報（ポリゴン）,A20_010,人口・世帯数_概要_(name),
A20s,2012年度版,2012,A20s_YY_01_PP.shp,奄美群島統計情報（ポリゴン）,A20_011,人口・世帯数_概要_指定回次,
A20s,2012年度版,2012,A20s_YY_01_PP.shp,奄美群島統計情報（ポリゴン）,A20_012,人口・世帯数_概要_郡名,
A20s,2012年度版,2012,A20s_YY_01_PP.shp,奄美群島統計情報（ポリゴン）,A20_013,人口・世帯数_概要_人口,
A20s,2012年度版,2012,A20s_YY_01_PP.shp,奄美群島統計情報（ポリゴン）,A20_014,人口・世帯数_概要_世帯数,
A20s,2012年度版,2012,A20s_YY_01_PP.shp,奄美群島統計情報（ポリゴン）,A20_015,人口・世帯数_概要_面積,
A20s,2012年度版,2012,A20s_YY_01_PP.shp,奄美群島統計情報（ポリゴン）,A20_016,人口・世帯数_概要_海岸延長,
A20s,2012年度版,2012,A20s_YY_01_PP.shp,奄美群島統計情報（ポリゴン）,A20_017,人口・世帯数_概要_備考,
A20s,2012年度版,2012,A20s_YY_01_PP.shp,奄美群島統計情報（ポリゴン）,A20_018,人口・世帯数_前年_住民登録人口_男,
A20s,2012年度版,2012,A20s_YY_01_PP.shp,奄美群島統計情報（ポリゴン）,A20_019,人口・世帯数_前年_住民登録人口_女,
A20s,2012年度版,2012,A20s_YY_01_PP.shp,奄美群島統計情報（ポリゴン）,A20_020,人口・世帯数_前年_住民登録人口_計,
A20s,2012年度版,2012,A20s_YY_01_PP.shp,奄美群島統計情報（ポリゴン）,A20_021,人口・世帯数_前年_世帯数,
A20s,2012年度版,2012,A20s_YY_01_PP.shp,奄美群島統計情報（ポリゴン）,A20_022,人口・世帯数_人口移動_出生数,
A20s,2012年度版,2012,A20s_YY_01_PP.shp,奄美群島統計情報（ポリゴン）,A20_023,人口・世帯数_人口移動_死亡数,
A20s,2012年度版,2012,A20s_YY_01_PP.shp,奄美群島統計情報（ポリゴン）,A20_024,人口・世帯数_人口移動_自然増△減,
A20s,2012年度版,2012,A20s_YY_01_PP.shp,奄美群島統計情報（ポリゴン）,A20_025,人口・世帯数_人口移動_転入数,
A20s,2012年度版,2012,A20s_YY_01_PP.shp,奄美群島統計情報（ポリゴン）,A20_026,人口・世帯数_人口移動_転出数,
A20s,2012年度版,2012,A20s_YY_01_PP.shp,奄美群島統計情報（ポリゴン）,A20_027,人口・世帯数_人口移動_社会増△減,
A20s,2012年度版,2012,A20s_YY_01_PP.shp,奄美群島統計情報（ポリゴン）,A20_028,人口・世帯数_人口移動_増減計,
A20s,2012年度版,2012,A20s_YY_01_PP.shp,奄美群島統計情報（ポリゴン）,A20_029,人口・世帯数_現年_住民登録人口_男,
A20s,2012年度版,2012,A20s_YY_01_PP.shp,奄美群島統計情報（ポリゴン）,A20_030,人口・世帯数_現年_住民登録人口_女,
A20s,2012年度版,2012,A20s_YY_01_PP.shp,奄美群島統計情報（ポリゴン）,A20_031,人口・世帯数_現年_住民登録人口_計,
A20s,2012年度版,2012,A20s_YY_01_PP.shp,奄美群島統計情報（ポリゴン）,A20_032,人口・世帯数_現年_世帯数,
A20s,2012年度版,2012,A20s_YY_01_PP.shp,奄美群島統計情報（ポリゴン）,A20_033,人口・世帯数_人口・世帯数・人口動態_備考,
A20s,2012年度版,2012,A20s_YY_01_PP.shp,奄美群島統計情報（ポリゴン）,A20_034,人口・世帯数_男_国勢調査人口総数,
A20s,2012年度版,2012,A20s_YY_01_PP.shp,奄美群島統計情報（ポリゴン）,A20_035,人口・世帯数_男_年少人口_0-4,
A20s,2012年度版,2012,A20s_YY_01_PP.shp,奄美群島統計情報（ポリゴン）,A20_036,人口・世帯数_男_年少人口_5-9,
A20s,2012年度版,2012,A20s_YY_01_PP.shp,奄美群島統計情報（ポリゴン）,A20_037,人口・世帯数_男_年少人口_10-14,
A20s,2012年度版,2012,A20s_YY_01_PP.shp,奄美群島統計情報（ポリゴン）,A20_038,人口・世帯数_男_年少人口_小計,
A20s,2012年度版,2012,A20s_YY_01_PP.shp,奄美群島統計情報（ポリゴン）,A20_039,人口・世帯数_男_生産年齢人口_15-19,
A20s,2012年度版,2012,A20s_YY_01_PP.shp,奄美群島統計情報（ポリゴン）,A20_040,人口・世帯数_男_生産年齢人口_20-24,
A20s,2012年度版,2012,A20s_YY_01_PP.shp,奄美群島統計情報（ポリゴン）,A20_041,人口・世帯数_男_生産年齢人口_25-29,
A20s,2012年度版,2012,A20s_YY_01_PP.shp,奄美群島統計情報（ポリゴン）,A20_042,人口・世帯数_男_生産年齢人口_30-34,
A20s,2012年度版,2012,A20s_YY_01_PP.shp,奄美群島統計情報（ポリゴン）,A20_043,人口・世帯数_男_生産年齢人口_35-39,
A20s,2012年度版,2012,A20s_YY_01_PP.shp,奄美群島統計情報（ポリゴン）,A20_044,人口・世帯数_男_生産年齢人口_40-44,
A20s,2012年度版,2012,A20s_YY_01_PP.shp,奄美群島統計情報（ポリゴン）,A20_045,人口・世帯数_男_生産年齢人口_45-49,
A20s,2012年度版,2012,A20s_YY_01_PP.shp,奄美群島統計情報（ポリゴン）,A20_046,人口・世帯数_男_生産年齢人口_50-54,
A20s,2012年度版,2012,A20s_YY_01_PP.shp,奄美群島統計情報（ポリゴン）,A20_047,人口・世帯数_男_生産年齢人口_55-59,
A20s,2012年度版,2012,A20s_YY_01_PP.shp,奄美群島統計情報（ポリゴン）,A20_048,人口・世帯数_男_生産年齢人口_60-64,
A20s,2012年度版,2012,A20s_YY_01_PP.shp,奄美群島統計情報（ポリゴン）,A20_049,人口・世帯数_男_生産年齢人口_小計,
A20s,2012年度版,2012,A20s_YY_01_PP.shp,奄美群島統計情報（ポリゴン）,A20_050,人口・世帯数_男_老年人口_65-69,
A20s,2012年度版,2012,A20s_YY_01_PP.shp,奄美群島統計情報（ポリゴン）,A20_051,人口・世帯数_男_老年人口_70-74,
A20s,2012年度版,2012,A20s_YY_01_PP.shp,奄美群島統計情報（ポリゴン）,A20_052,人口・世帯数_男_老年人口_75-79,
A20s,2012年度版,2012,A20s_YY_01_PP.shp,奄美群島統計情報（ポリゴン）,A20_053,人口・世帯数_男_老年人口_80-84,
A20s,2012年度版,2012,A20s_YY_01_PP.shp,奄美群島統計情報（ポリゴン）,A20_054,人口・世帯数_男_老年人口_85歳以上,
A20s,2012年度版,2012,A20s_YY_01_PP.shp,奄美群島統計情報（ポリゴン）,A20_055,人口・世帯数_男_老年人口_小計,
A20s,2012年度版,2012,A20s_YY_01_PP.shp,奄美群島統計情報（ポリゴン）,A20_056,人口・世帯数_男_不詳,
A20s,2012年度版,2012,A20s_YY_01_PP.shp,奄美群島統計情報（ポリゴン）,A20_057,人口・世帯数_男_生産年齢人口指数,
A20s,2012年度版,2012,A20s_YY_01_PP.shp,奄美群島統計情報（ポリゴン）,A20_058,人口・世帯数_男_老齢化率,
A20s,2012年度版,2012,A20s_YY_01_PP.shp,奄美群島統計情報（ポリゴン）,A20_059,人口・世帯数_女_国勢調査人口総数,
A20s,2012年度版,2012,A20s_YY_01_PP.shp,奄美群島統計情報（ポリゴン）,A20_060,人口・世帯数_女_年少人口_0-4,
A20s,2012年度版,2012,A20s_YY_01_PP.shp,奄美群島統計情報（ポリゴン）,A20_061,人口・世帯数_女_年少人口_5-9,
A20s,2012年度版,2012,A20s_YY_01_PP.shp,奄美群島統計情報（ポリゴン）,A20_062,人口・世帯数_女_年少人口_10-14,
A20s,2012年度版,2012,A20s_YY_01_PP.shp,奄美群島統計情報（ポリゴン）,A20_063,人口・世帯数_女_年少人口_小計,
A20s,2012年度版,2012,A20s_YY_01_PP.shp,奄美群島統計情報（ポリゴン）,A20_064,人口・世帯数_女_生産年齢人口_15-19,
A20s,2012年度版,2012,A20s_YY_01_PP.shp,奄美群島統計情報（ポリゴン）,A20_065,人口・世帯数_女_生産年齢人口_20-24,
A20s,2012年度版,2012,A20s_YY_01_PP.shp,奄美群島統計情報（ポリゴン）,A20_066,人口・世帯数_女_生産年齢人口_25-29,
A20s,2012年度版,2012,A20s_YY_01_PP.shp,奄美群島統計情報（ポリゴン）,A20_067,人口・世帯数_女_生産年齢人口_30-34,
A20s,2012年度版,2012,A20s_YY_01_PP.shp,奄美群島統計情報（ポリゴン）,A20_068,人口・世帯数_女_生産年齢人口_35-39,
A20s,2012年度版,2012,A20s_YY_01_PP.shp,奄美群島統計情報（ポリゴン）,A20_069,人口・世帯数_女_生産年齢人口_40-44,
A20s,2012年度版,2012,A20s_YY_01_PP.shp,奄美群島統計情報（ポリゴン）,A20_070,人口・世帯数_女_生産年齢人口_45-49,
A20s,2012年度版,2012,A20s_YY_01_PP.shp,奄美群島統計情報（ポリゴン）,A20_071,人口・世帯数_女_生産年齢人口_50-54,
A20s,2012年度版,2012,A20s_YY_01_PP.shp,奄美群島統計情報（ポリゴン）,A20_072,人口・世帯数_女_生産年齢人口_55-59,
A20s,2012年度版,2012,A20s_YY_01_PP.shp,奄美群島統計情報（ポリゴン）,A20_073,人口・世帯数_女_生産年齢人口_60-64,
A20s,2012年度版,2012,A20s_YY_01_PP.shp,奄美群島統計情報（ポリゴン）,A20_074,人口・世帯数_女_生産年齢人口_小計,
A20s,2012年度版,2012,A20s_YY_01_PP.shp,奄美群島統計情報（ポリゴン）,A20_075,人口・世帯数_女_老年人口_65-69,
A20s,2012年度版,2012,A20s_YY_01_PP.shp,奄美群島統計情報（ポリゴン）,A20_076,人口・世帯数_女_老年人口_70-74,
A20s,2012年度版,2012,A20s_YY_01_PP.shp,奄美群島統計情報（ポリゴン）,A20_077,人口・世帯数_女_老年人口_75-79,
A20s,2012年度版,2012,A20s_YY_01_PP.shp,奄美群島統計情報（ポリゴン）,A20_078,人口・世帯数_女_老年人口_80-84,
A20s,2012年度版,2012,A20s_YY_01_PP.shp,奄美群島統計情報（ポリゴン）,A20_079,人口・世帯数_女_老年人口_85歳以上,
A20s,2012年度版,2012,A20s_YY_01_PP.shp,奄美群島統計情報（ポリゴン）,A20_080,人口・世帯数_女_老年人口_小計,
A20s,2012年度版,2012,A20s_YY_01_PP.shp,奄美群島統計情報（ポリゴン）,A20_081,人口・世帯数_女_不詳,
A20s,2012年度版,2012,A20s_YY_01_PP.shp,奄美群島統計情報（ポリゴン）,A20_082,人口・世帯数_女_生産年齢人口指数,
A20s,2012年度版,2012,A20s_YY_01_PP.shp,奄美群島統計情報（ポリゴン）,A20_083,人口・世帯数_女_老齢化率,
A20s,2012年度版,2012,A20s_YY_01_PP.shp,奄美群島統計情報（ポリゴン）,A20_084,人口・世帯数_男女計_国勢調査人口総数,
A20s,2012年度版,2012,A20s_YY_01_PP.shp,奄美群島統計情報（ポリゴン）,A20_085,人口・世帯数_男女計_年少人口_0-4,
A20s,2012年度版,2012,A20s_YY_01_PP.shp,奄美群島統計情報（ポリゴン）,A20_086,人口・世帯数_男女計_年少人口_5-9,
A20s,2012年度版,2012,A20s_YY_01_PP.shp,奄美群島統計情報（ポリゴン）,A20_087,人口・世帯数_男女計_年少人口_10-14,
A20s,2012年度版,2012,A20s_YY_01_PP.shp,奄美群島統計情報（ポリゴン）,A20_088,人口・世帯数_男女計_年少人口_小計,
A20s,2012年度版,2012,A20s_YY_01_PP.shp,奄美群島統計情報（ポリゴン）,A20_089,人口・世帯数_男女計_生産年齢人口_15-19,
A20s,2012年度版,2012,A20s_YY_01_PP.shp,奄美群島統計情報（ポリゴン）,A20_090,人口・世帯数_男女計_生産年齢人口_20-24,
A20s,2012年度版,2012,A20s_YY_01_PP.shp,奄美群島統計情報（ポリゴン）,A20_091,人口・世帯数_男女計_生産年齢人口_25-29,
A20s,2012年度版,2012,A20s_YY_01_PP.shp,奄美群島統計情報（ポリゴン）,A20_092,人口・世帯数_男女計_生産年齢人口_30-34,
A20s,2012年度版,2012,A20s_YY_01_PP.shp,奄美群島統計情報（ポリゴン）,A20_093,人口・世帯数_男女計_生産年齢人口_35-39,
A20s,2012年度版,2012,A20s_YY_01_PP.shp,奄美群島統計情報（ポリゴン）,A20_094,人口・世帯数_男女計_生産年齢人口_40-44,
A20s,2012年度版,2012,A20s_YY_01_PP.shp,奄美群島統計情報（ポリゴン）,A20_095,人口・世帯数_男女計_生産年齢人口_45-49,
A20s,2012年度版,2012,A20s_YY_01_PP.shp,奄美群島統計情報（ポリゴン）,A20_096,人口・世帯数_男女計_生産年齢人口_50-54,
A20s,2012年度版,2012,A20s_YY_01_PP.shp,奄美群島統計情報（ポリゴン）,A20_097,人口・世帯数_男女計_生産年齢人口_55-59,
A20s,2012年度版,2012,A20s_YY_01_PP.shp,奄美群島統計情報（ポリゴン）,A20_098,人口・世帯数_男女計_生産年齢人口_60-64,
A20s,2012年度版,2012,A20s_YY_01_PP.shp,奄美群島統計情報（ポリゴン）,A20_099,人口・世帯数_男女計_生産年齢人口_小計,
A20s,2012年度版,2012,A20s_YY_01_PP.shp,奄美群島統計情報（ポリゴン）,A20_100,人口・世帯数_男女計_老年人口_65-69,
A20s,2012年度版,2012,A20s_YY_01_PP.shp,奄美群島統計情報（ポリゴン）,A20_101,人口・世帯数_男女計_老年人口_70-74,
A20s,2012年度版,2012,A20s_YY_01_PP.shp,奄美群島統計情報（ポリゴン）,A20_102,人口・世帯数_男女計_老年人口_75-79,
A20s,2012年度版,2012,A20s_YY_01_PP.shp,奄美群島統計情報（ポリゴン）,A20_103,人口・世帯数_男女計_老年人口_80-84,
A20s,2012年度版,2012,A20s_YY_01_PP.shp,奄美群島統計情報（ポリゴン）,A20_104,人口・世帯数_男女計_老年人口_85歳以上,
A20s,2012年度版,2012,A20s_YY_01_PP.shp,奄美群島統計情報（ポリゴン）,A20_105,人口・世帯数_男女計_老年人口_小計,
A20s,2012年度版,2012,A20s_YY_01_PP.shp,奄美群島統計情報（ポリゴン）,A20_106,人口・世帯数_男女計_不詳,
A20s,2012年度版,2012,A20s_YY_01_PP.shp,奄美群島統計情報（ポリゴン）,A20_107,人口・世帯数_男女計_生産年齢人口指数,
A20s,2012年度版,2012,A20s_YY_01_PP.shp,奄美群島統計情報（ポリゴン）,A20_108,人口・世帯数_男女計_老齢化率,
A20s,2012年度版,2012,A20s_YY_01_PP.shp,奄美群島統計情報（ポリゴン）,A20_109,人口・世帯数_年齢別･男女別人口_備考,
A20s,2012年度版,2012,A20s_YY_02_PP.shp,奄美群島統計情報（ポリゴン）,A20_001,奄美群島_奄美群島ID,
A20s,2012年度版,2012,A20s_YY_02_PP.shp,奄美群島統計情報（ポリゴン）,A20_002,奄美群島_行政コード,
A20s,2012年度版,2012,A20s_YY_02_PP.shp,奄美群島統計情報（ポリゴン）,A20_003,奄美群島_都道府県名,
A20s,2012年度版,2012,A20s_YY_02_PP.shp,奄美群島統計情報（ポリゴン）,A20_004,奄美群島_支庁名,
A20s,2012年度版,2012,A20s_YY_02_PP.shp,奄美群島統計情報（ポリゴン）,A20_005,奄美群島_郡・政令市名,
A20s,2012年度版,2012,A20s_YY_02_PP.shp,奄美群島統計情報（ポリゴン）,A20_006,奄美群島_市区町村名,
A20s,2012年度版,2012,A20s_YY_02_PP.shp,奄美群島統計情報（ポリゴン）,A20_007,奄美群島_島嶼名,
A20s,2012年度版,2012,A20s_YY_02_PP.shp,奄美群島統計情報（ポリゴン）,A20_008,奄美群島_指定状況コード,
A20s,2012年度版,2012,A20s_YY_02_PP.shp,奄美群島統計情報（ポリゴン）,A20_110,都市基盤1_調査年度,
A20s,2012年度版,2012,A20s_YY_02_PP.shp,奄美群島統計情報（ポリゴン）,A20_111,都市基盤1_土地利用_総面積,
A20s,2012年度版,2012,A20s_YY_02_PP.shp,奄美群島統計情報（ポリゴン）,A20_112,都市基盤1_土地利用_農用地_農用地合計,
A20s,2012年度版,2012,A20s_YY_02_PP.shp,奄美群島統計情報（ポリゴン）,A20_113,都市基盤1_土地利用_農用地_農地,
A20s,2012年度版,2012,A20s_YY_02_PP.shp,奄美群島統計情報（ポリゴン）,A20_114,都市基盤1_土地利用_農用地_採草放牧地,
A20s,2012年度版,2012,A20s_YY_02_PP.shp,奄美群島統計情報（ポリゴン）,A20_115,都市基盤1_土地利用_森林,
A20s,2012年度版,2012,A20s_YY_02_PP.shp,奄美群島統計情報（ポリゴン）,A20_116,都市基盤1_土地利用_原野,
A20s,2012年度版,2012,A20s_YY_02_PP.shp,奄美群島統計情報（ポリゴン）,A20_117,都市基盤1_土地利用_水面・河川・水路,
A20s,2012年度版,2012,A20s_YY_02_PP.shp,奄美群島統計情報（ポリゴン）,A20_118,都市基盤1_土地利用_道路,
A20s,2012年度版,2012,A20s_YY_02_PP.shp,奄美群島統計情報（ポリゴン）,A20_119,都市基盤1_土地利用_宅地,
A20s,2012年度版,2012,A20s_YY_02_PP.shp,奄美群島統計情報（ポリゴン）,A20_120,都市基盤1_土地利用_その他,
A20s,2012年度版,2012,A20s_YY_02_PP.shp,奄美群島統計情報（ポリゴン）,A20_121,都市基盤1_土地利用_備考,
A20s,2012年度版,2012,A20s_YY_02_PP.shp,奄美群島統計情報（ポリゴン）,A20_122,都市基盤1_学校_保_保育所数_本所,
A20s,2012年度版,2012,A20s_YY_02_PP.shp,奄美群島統計情報（ポリゴン）,A20_123,都市基盤1_学校_保_保育所数_分所,
A20s,2012年度版,2012,A20s_YY_02_PP.shp,奄美群島統計情報（ポリゴン）,A20_124,都市基盤1_学校_保_乳幼児数_在所,
A20s,2012年度版,2012,A20s_YY_02_PP.shp,奄美群島統計情報（ポリゴン）,A20_125,都市基盤1_学校_保_乳幼児数_通所,
A20s,2012年度版,2012,A20s_YY_02_PP.shp,奄美群島統計情報（ポリゴン）,A20_126,都市基盤1_学校_幼_幼稚園数_本園,
A20s,2012年度版,2012,A20s_YY_02_PP.shp,奄美群島統計情報（ポリゴン）,A20_127,都市基盤1_学校_幼_幼稚園数_分園,
A20s,2012年度版,2012,A20s_YY_02_PP.shp,奄美群島統計情報（ポリゴン）,A20_128,都市基盤1_学校_幼_園児数_在園,
A20s,2012年度版,2012,A20s_YY_02_PP.shp,奄美群島統計情報（ポリゴン）,A20_129,都市基盤1_学校_幼_園児数_通園,
A20s,2012年度版,2012,A20s_YY_02_PP.shp,奄美群島統計情報（ポリゴン）,A20_130,都市基盤1_学校_小_学校数_本校,
A20s,2012年度版,2012,A20s_YY_02_PP.shp,奄美群島統計情報（ポリゴン）,A20_131,都市基盤1_学校_小_学校数_分校,
A20s,2012年度版,2012,A20s_YY_02_PP.shp,奄美群島統計情報（ポリゴン）,A20_132,都市基盤1_学校_小_教（職）員数_教員数,
A20s,2012年度版,2012,A20s_YY_02_PP.shp,奄美群島統計情報（ポリゴン）,A20_133,都市基盤1_学校_小_教（職）員数_職員数,
A20s,2012年度版,2012,A20s_YY_02_PP.shp,奄美群島統計情報（ポリゴン）,A20_134,都市基盤1_学校_小_学級数,
A20s,2012年度版,2012,A20s_YY_02_PP.shp,奄美群島統計情報（ポリゴン）,A20_135,都市基盤1_学校_小_児童数_在校,
A20s,2012年度版,2012,A20s_YY_02_PP.shp,奄美群島統計情報（ポリゴン）,A20_136,都市基盤1_学校_小_児童数_通学,
A20s,2012年度版,2012,A20s_YY_02_PP.shp,奄美群島統計情報（ポリゴン）,A20_137,都市基盤1_学校_中_学校数_本校,
A20s,2012年度版,2012,A20s_YY_02_PP.shp,奄美群島統計情報（ポリゴン）,A20_138,都市基盤1_学校_中_学校数_分校,
A20s,2012年度版,2012,A20s_YY_02_PP.shp,奄美群島統計情報（ポリゴン）,A20_139,都市基盤1_学校_中_教（職）員数_教員数,
A20s,2012年度版,2012,A20s_YY_02_PP.shp,奄美群島統計情報（ポリゴン）,A20_140,都市基盤1_学校_中_教（職）員数_職員数,
A20s,2012年度版,2012,A20s_YY_02_PP.shp,奄美群島統計情報（ポリゴン）,A20_141,都市基盤1_学校_中_学級数,
A20s,2012年度版,2012,A20s_YY_02_PP.shp,奄美群島統計情報（ポリゴン）,A20_142,都市基盤1_学校_中_生徒数_在校,
A20s,2012年度版,2012,A20s_YY_02_PP.shp,奄美群島統計情報（ポリゴン）,A20_143,都市基盤1_学校_中_生徒数_通学,
A20s,2012年度版,2012,A20s_YY_02_PP.shp,奄美群島統計情報（ポリゴン）,A20_144,都市基盤1_学校_高_学校数_本校,
A20s,2012年度版,2012,A20s_YY_02_PP.shp,奄美群島統計情報（ポリゴン）,A20_145,都市基盤1_学校_高_学校数_分校,
A20s,2012年度版,2012,A20s_YY_02_PP.shp,奄美群島統計情報（ポリゴン）,A20_146,都市基盤1_学校_高_教（職）員数_教員数,
A20s,2012年度版,2012,A20s_YY_02_PP.shp,奄美群島統計情報（ポリゴン）,A20_147,都市基盤1_学校_高_教（職）員数_職員数,
A20s,2012年度版,2012,A20s_YY_02_PP.shp,奄美群島統計情報（ポリゴン）,A20_148,都市基盤1_学校_高_学級数,
A20s,2012年度版,2012,A20s_YY_02_PP.shp,奄美群島統計情報（ポリゴン）,A20_149,都市基盤1_学校_高_生徒数_在校,
A20s,2012年度版,2012,A20s_YY_02_PP.shp,奄美群島統計情報（ポリゴン）,A20_150,都市基盤1_学校_高_生徒数_通学,
A20s,2012年度版,2012,A20s_YY_02_PP.shp,奄美群島統計情報（ポリゴン）,A20_151,都市基盤1_学校_備考,
A20s,2012年度版,2012,A20s_YY_02_PP.shp,奄美群島統計情報（ポリゴン）,A20_152,都市基盤1_卒業者状況_中_卒業生数,
A20s,2012年度版,2012,A20s_YY_02_PP.shp,奄美群島統計情報（ポリゴン）,A20_153,都市基盤1_卒業者状況_中_就職_総数,
A20s,2012年度版,2012,A20s_YY_02_PP.shp,奄美群島統計情報（ポリゴン）,A20_154,都市基盤1_卒業者状況_中_就職_島内_計,
A20s,2012年度版,2012,A20s_YY_02_PP.shp,奄美群島統計情報（ポリゴン）,A20_155,都市基盤1_卒業者状況_中_就職_島内_農林業,
A20s,2012年度版,2012,A20s_YY_02_PP.shp,奄美群島統計情報（ポリゴン）,A20_156,都市基盤1_卒業者状況_中_就職_島内_水産業,
A20s,2012年度版,2012,A20s_YY_02_PP.shp,奄美群島統計情報（ポリゴン）,A20_157,都市基盤1_卒業者状況_中_就職_島内_2次産業,
A20s,2012年度版,2012,A20s_YY_02_PP.shp,奄美群島統計情報（ポリゴン）,A20_158,都市基盤1_卒業者状況_中_就職_島内_3次産業,
A20s,2012年度版,2012,A20s_YY_02_PP.shp,奄美群島統計情報（ポリゴン）,A20_159,都市基盤1_卒業者状況_中_就職_島外_計,
A20s,2012年度版,2012,A20s_YY_02_PP.shp,奄美群島統計情報（ポリゴン）,A20_160,都市基盤1_卒業者状況_中_就職_島外_1次産業,
A20s,2012年度版,2012,A20s_YY_02_PP.shp,奄美群島統計情報（ポリゴン）,A20_161,都市基盤1_卒業者状況_中_就職_島外_2次産業,
A20s,2012年度版,2012,A20s_YY_02_PP.shp,奄美群島統計情報（ポリゴン）,A20_162,都市基盤1_卒業者状況_中_就職_島外_3次産業,
A20s,2012年度版,2012,A20s_YY_02_PP.shp,奄美群島統計情報（ポリゴン）,A20_163,都市基盤1_卒業者状況_中_進学_総数,
A20s,2012年度版,2012,A20s_YY_02_PP.shp,奄美群島統計情報（ポリゴン）,A20_164,都市基盤1_卒業者状況_中_進学_島内,
A20s,2012年度版,2012,A20s_YY_02_PP.shp,奄美群島統計情報（ポリゴン）,A20_165,都市基盤1_卒業者状況_中_進学_島外,
A20s,2012年度版,2012,A20s_YY_02_PP.shp,奄美群島統計情報（ポリゴン）,A20_166,都市基盤1_卒業者状況_中_進学_進学率,
A20s,2012年度版,2012,A20s_YY_02_PP.shp,奄美群島統計情報（ポリゴン）,A20_167,都市基盤1_卒業者状況_中_未就職・その他_島内,
A20s,2012年度版,2012,A20s_YY_02_PP.shp,奄美群島統計情報（ポリゴン）,A20_168,都市基盤1_卒業者状況_中_未就職・その他_島外,
A20s,2012年度版,2012,A20s_YY_02_PP.shp,奄美群島統計情報（ポリゴン）,A20_169,都市基盤1_卒業者状況_高_卒業生数,
A20s,2012年度版,2012,A20s_YY_02_PP.shp,奄美群島統計情報（ポリゴン）,A20_170,都市基盤1_卒業者状況_高_就職_総数,
A20s,2012年度版,2012,A20s_YY_02_PP.shp,奄美群島統計情報（ポリゴン）,A20_171,都市基盤1_卒業者状況_高_就職_島内_計,
A20s,2012年度版,2012,A20s_YY_02_PP.shp,奄美群島統計情報（ポリゴン）,A20_172,都市基盤1_卒業者状況_高_就職_島内_農林業,
A20s,2012年度版,2012,A20s_YY_02_PP.shp,奄美群島統計情報（ポリゴン）,A20_173,都市基盤1_卒業者状況_高_就職_島内_水産業,
A20s,2012年度版,2012,A20s_YY_02_PP.shp,奄美群島統計情報（ポリゴン）,A20_174,都市基盤1_卒業者状況_高_就職_島内_2次産業,
A20s,2012年度版,2012,A20s_YY_02_PP.shp,奄美群島統計情報（ポリゴン）,A20_175,都市基盤1_卒業者状況_高_就職_島内_3次産業,
A20s,2012年度版,2012,A20s_YY_02_PP.shp,奄美群島統計情報（ポリゴン）,A20_176,都市基盤1_卒業者状況_高_就職_島外_計,
A20s,2012年度版,2012,A20s_YY_02_PP.shp,奄美群島統計情報（ポリゴン）,A20_177,都市基盤1_卒業者状況_高_就職_島外_1次産業,
A20s,2012年度版,2012,A20s_YY_02_PP.shp,奄美群島統計情報（ポリゴン）,A20_178,都市基盤1_卒業者状況_高_就職_島外_2次産業,
A20s,2012年度版,2012,A20s_YY_02_PP.shp,奄美群島統計情報（ポリゴン）,A20_179,都市基盤1_卒業者状況_高_就職_島外_3次産業,
A20s,2012年度版,2012,A20s_YY_02_PP.shp,奄美群島統計情報（ポリゴン）,A20_180,都市基盤1_卒業者状況_高_進学_総数,
A20s,2012年度版,2012,A20s_YY_02_PP.shp,奄美群島統計情報（ポリゴン）,A20_181,都市基盤1_卒業者状況_高_進学_島内,
A20s,2012年度版,2012,A20s_YY_02_PP.shp,奄美群島統計情報（ポリゴン）,A20_182,都市基盤1_卒業者状況_高_進学_島外,
A20s,2012年度版,2012,A20s_YY_02_PP.shp,奄美群島統計情報（ポリゴン）,A20_183,都市基盤1_卒業者状況_高_進学_進学率,
A20s,2012年度版,2012,A20s_YY_02_PP.shp,奄美群島統計情報（ポリゴン）,A20_184,都市基盤1_卒業者状況_高_未就職・その他_島内,
A20s,2012年度版,2012,A20s_YY_02_PP.shp,奄美群島統計情報（ポリゴン）,A20_185,都市基盤1_卒業者状況_高_未就職・その他_島外,
A20s,2012年度版,2012,A20s_YY_02_PP.shp,奄美群島統計情報（ポリゴン）,A20_186,都市基盤1_公園等_国調人口,
A20s,2012年度版,2012,A20s_YY_02_PP.shp,奄美群島統計情報（ポリゴン）,A20_187,都市基盤1_公園等_離島振興関係一括事業_都市公園_都市計画公園_カ所数,
A20s,2012年度版,2012,A20s_YY_02_PP.shp,奄美群島統計情報（ポリゴン）,A20_188,都市基盤1_公園等_離島振興関係一括事業_都市公園_都市計画公園_面積,
A20s,2012年度版,2012,A20s_YY_02_PP.shp,奄美群島統計情報（ポリゴン）,A20_189,都市基盤1_公園等_離島振興関係一括事業_都市公園_特定地区公園_カ所数,
A20s,2012年度版,2012,A20s_YY_02_PP.shp,奄美群島統計情報（ポリゴン）,A20_190,都市基盤1_公園等_離島振興関係一括事業_都市公園_特定地区公園_面積,
A20s,2012年度版,2012,A20s_YY_02_PP.shp,奄美群島統計情報（ポリゴン）,A20_191,都市基盤1_公園等_離島振興関係一括事業_都市公園_計_カ所数,
A20s,2012年度版,2012,A20s_YY_02_PP.shp,奄美群島統計情報（ポリゴン）,A20_192,都市基盤1_公園等_離島振興関係一括事業_都市公園_計_面積,
A20s,2012年度版,2012,A20s_YY_02_PP.shp,奄美群島統計情報（ポリゴン）,A20_193,都市基盤1_公園等_離島振興関係一括事業_港湾環境整備緑地_カ所数,
A20s,2012年度版,2012,A20s_YY_02_PP.shp,奄美群島統計情報（ポリゴン）,A20_194,都市基盤1_公園等_離島振興関係一括事業_港湾環境整備緑地_面積,
A20s,2012年度版,2012,A20s_YY_02_PP.shp,奄美群島統計情報（ポリゴン）,A20_195,都市基盤1_公園等_離島振興関係一括事業_漁港漁村環境整備_カ所数,
A20s,2012年度版,2012,A20s_YY_02_PP.shp,奄美群島統計情報（ポリゴン）,A20_196,都市基盤1_公園等_離島振興関係一括事業_漁港漁村環境整備_面積,
A20s,2012年度版,2012,A20s_YY_02_PP.shp,奄美群島統計情報（ポリゴン）,A20_197,都市基盤1_公園等_離島振興関係一括事業_海岸環境整備_カ所数,
A20s,2012年度版,2012,A20s_YY_02_PP.shp,奄美群島統計情報（ポリゴン）,A20_198,都市基盤1_公園等_離島振興関係一括事業_海岸環境整備_面積,
A20s,2012年度版,2012,A20s_YY_02_PP.shp,奄美群島統計情報（ポリゴン）,A20_199,都市基盤1_公園等_離島振興関係一括事業_農業集落環境整備_カ所数,
A20s,2012年度版,2012,A20s_YY_02_PP.shp,奄美群島統計情報（ポリゴン）,A20_200,都市基盤1_公園等_離島振興関係一括事業_農業集落環境整備_面積,
A20s,2012年度版,2012,A20s_YY_02_PP.shp,奄美群島統計情報（ポリゴン）,A20_201,都市基盤1_公園等_離島振興関係一括事業_コミュニティ・アイランド_カ所数,
A20s,2012年度版,2012,A20s_YY_02_PP.shp,奄美群島統計情報（ポリゴン）,A20_202,都市基盤1_公園等_離島振興関係一括事業_コミュニティ・アイランド_面積,
A20s,2012年度版,2012,A20s_YY_02_PP.shp,奄美群島統計情報（ポリゴン）,A20_203,都市基盤1_公園等_離島振興関係一括事業_自然公園施設設備（園地等）_カ所数,
A20s,2012年度版,2012,A20s_YY_02_PP.shp,奄美群島統計情報（ポリゴン）,A20_204,都市基盤1_公園等_離島振興関係一括事業_自然公園施設設備（園地等）_面積,
A20s,2012年度版,2012,A20s_YY_02_PP.shp,奄美群島統計情報（ポリゴン）,A20_205,都市基盤1_公園等_離島振興関係一括事業_その他_カ所数,
A20s,2012年度版,2012,A20s_YY_02_PP.shp,奄美群島統計情報（ポリゴン）,A20_206,都市基盤1_公園等_離島振興関係一括事業_その他_面積,
A20s,2012年度版,2012,A20s_YY_02_PP.shp,奄美群島統計情報（ポリゴン）,A20_207,都市基盤1_公園等_離島振興関係一括事業_小計_カ所数,
A20s,2012年度版,2012,A20s_YY_02_PP.shp,奄美群島統計情報（ポリゴン）,A20_208,都市基盤1_公園等_離島振興関係一括事業_小計_面積,
A20s,2012年度版,2012,A20s_YY_02_PP.shp,奄美群島統計情報（ポリゴン）,A20_209,都市基盤1_公園等_地方公共団体単独事業_カ所数,
A20s,2012年度版,2012,A20s_YY_02_PP.shp,奄美群島統計情報（ポリゴン）,A20_210,都市基盤1_公園等_地方公共団体単独事業_面積,
A20s,2012年度版,2012,A20s_YY_02_PP.shp,奄美群島統計情報（ポリゴン）,A20_211,都市基盤1_公園等_合計_カ所数,
A20s,2012年度版,2012,A20s_YY_02_PP.shp,奄美群島統計情報（ポリゴン）,A20_212,都市基盤1_公園等_合計_面積,
A20s,2012年度版,2012,A20s_YY_02_PP.shp,奄美群島統計情報（ポリゴン）,A20_213,都市基盤1_公園等_一人当たり公園・緑地面積,
A20s,2012年度版,2012,A20s_YY_02_PP.shp,奄美群島統計情報（ポリゴン）,A20_214,都市基盤1_道路_国道_総延長,
A20s,2012年度版,2012,A20s_YY_02_PP.shp,奄美群島統計情報（ポリゴン）,A20_215,都市基盤1_道路_国道_重用延長,
A20s,2012年度版,2012,A20s_YY_02_PP.shp,奄美群島統計情報（ポリゴン）,A20_216,都市基盤1_道路_国道_未供用延長,
A20s,2012年度版,2012,A20s_YY_02_PP.shp,奄美群島統計情報（ポリゴン）,A20_217,都市基盤1_道路_国道_実延長,
A20s,2012年度版,2012,A20s_YY_02_PP.shp,奄美群島統計情報（ポリゴン）,A20_218,都市基盤1_道路_国道_実延長_規格改良済延長,
A20s,2012年度版,2012,A20s_YY_02_PP.shp,奄美群島統計情報（ポリゴン）,A20_219,都市基盤1_道路_国道_実延長_規格改良済延長_内車道幅員55m以上,
A20s,2012年度版,2012,A20s_YY_02_PP.shp,奄美群島統計情報（ポリゴン）,A20_220,都市基盤1_道路_国道_実延長_未改良延長,
A20s,2012年度版,2012,A20s_YY_02_PP.shp,奄美群島統計情報（ポリゴン）,A20_221,都市基盤1_道路_国道_実延長_未改良延長_内自動車交通不能,
A20s,2012年度版,2012,A20s_YY_02_PP.shp,奄美群島統計情報（ポリゴン）,A20_222,都市基盤1_道路_国道_実延長_舗装済延長,
A20s,2012年度版,2012,A20s_YY_02_PP.shp,奄美群島統計情報（ポリゴン）,A20_223,都市基盤1_道路_国道_実延長_舗装済延長_内本舗装延長,
A20s,2012年度版,2012,A20s_YY_02_PP.shp,奄美群島統計情報（ポリゴン）,A20_224,都市基盤1_道路_国道_実延長_未舗装延長,
A20s,2012年度版,2012,A20s_YY_02_PP.shp,奄美群島統計情報（ポリゴン）,A20_225,都市基盤1_道路_国道_歩道設置道路実延長,
A20s,2012年度版,2012,A20s_YY_02_PP.shp,奄美群島統計情報（ポリゴン）,A20_226,都市基盤1_道路_国道_道路面積_車道面積,
A20s,2012年度版,2012,A20s_YY_02_PP.shp,奄美群島統計情報（ポリゴン）,A20_227,都市基盤1_道路_国道_道路面積_道路部面積,
A20s,2012年度版,2012,A20s_YY_02_PP.shp,奄美群島統計情報（ポリゴン）,A20_228,都市基盤1_道路_国道_道路面積_道路敷面積,
A20s,2012年度版,2012,A20s_YY_02_PP.shp,奄美群島統計情報（ポリゴン）,A20_229,都市基盤1_道路_主要地方道_総延長,
A20s,2012年度版,2012,A20s_YY_02_PP.shp,奄美群島統計情報（ポリゴン）,A20_230,都市基盤1_道路_主要地方道_重用延長,
A20s,2012年度版,2012,A20s_YY_02_PP.shp,奄美群島統計情報（ポリゴン）,A20_231,都市基盤1_道路_主要地方道_未供用延長,
A20s,2012年度版,2012,A20s_YY_02_PP.shp,奄美群島統計情報（ポリゴン）,A20_232,都市基盤1_道路_主要地方道_実延長,
A20s,2012年度版,2012,A20s_YY_02_PP.shp,奄美群島統計情報（ポリゴン）,A20_233,都市基盤1_道路_主要地方道_実延長_規格改良済延長,
A20s,2012年度版,2012,A20s_YY_02_PP.shp,奄美群島統計情報（ポリゴン）,A20_234,都市基盤1_道路_主要地方道_実延長_規格改良済延長_内車道幅員55m以上,
A20s,2012年度版,2012,A20s_YY_02_PP.shp,奄美群島統計情報（ポリゴン）,A20_235,都市基盤1_道路_主要地方道_実延長_未改良延長,
A20s,2012年度版,2012,A20s_YY_02_PP.shp,奄美群島統計情報（ポリゴン）,A20_236,都市基盤1_道路_主要地方道_実延長_未改良延長_内自動車交通不能,
A20s,2012年度版,2012,A20s_YY_02_PP.shp,奄美群島統計情報（ポリゴン）,A20_237,都市基盤1_道路_主要地方道_実延長_舗装済延長,
A20s,2012年度版,2012,A20s_YY_02_PP.shp,奄美群島統計情報（ポリゴン）,A20_238,都市基盤1_道路_主要地方道_実延長_舗装済延長_内本舗装延長,
A20s,2012年度版,2012,A20s_YY_02_PP.shp,奄美群島統計情報（ポリゴン）,A20_239,都市基盤1_道路_主要地方道_実延長_未舗装延長,
A20s,2012年度版,2012,A20s_YY_02_PP.shp,奄美群島統計情報（ポリゴン）,A20_240,都市基盤1_道路_主要地方道_歩道設置道路実延長,
A20s,2012年度版,2012,A20s_YY_02_PP.shp,奄美群島統計情報（ポリゴン）,A20_241,都市基盤1_道路_主要地方道_道路面積_車道面積,
A20s,2012年度版,2012,A20s_YY_02_PP.shp,奄美群島統計情報（ポリゴン）,A20_242,都市基盤1_道路_主要地方道_道路面積_道路部面積,
A20s,2012年度版,2012,A20s_YY_02_PP.shp,奄美群島統計情報（ポリゴン）,A20_243,都市基盤1_道路_主要地方道_道路面積_道路敷面積,
A20s,2012年度版,2012,A20s_YY_02_PP.shp,奄美群島統計情報（ポリゴン）,A20_244,都市基盤1_道路_都道県道_総延長,
A20s,2012年度版,2012,A20s_YY_02_PP.shp,奄美群島統計情報（ポリゴン）,A20_245,都市基盤1_道路_都道県道_重用延長,
A20s,2012年度版,2012,A20s_YY_02_PP.shp,奄美群島統計情報（ポリゴン）,A20_246,都市基盤1_道路_都道県道_未供用延長,
A20s,2012年度版,2012,A20s_YY_02_PP.shp,奄美群島統計情報（ポリゴン）,A20_247,都市基盤1_道路_都道県道_実延長,
A20s,2012年度版,2012,A20s_YY_02_PP.shp,奄美群島統計情報（ポリゴン）,A20_248,都市基盤1_道路_都道県道_実延長_規格改良済延長,
A20s,2012年度版,2012,A20s_YY_02_PP.shp,奄美群島統計情報（ポリゴン）,A20_249,都市基盤1_道路_都道県道_実延長_規格改良済延長_内車道幅員55m以上,
A20s,2012年度版,2012,A20s_YY_02_PP.shp,奄美群島統計情報（ポリゴン）,A20_250,都市基盤1_道路_都道県道_実延長_未改良延長,
A20s,2012年度版,2012,A20s_YY_02_PP.shp,奄美群島統計情報（ポリゴン）,A20_251,都市基盤1_道路_都道県道_実延長_未改良延長_内自動車交通不能,
A20s,2012年度版,2012,A20s_YY_02_PP.shp,奄美群島統計情報（ポリゴン）,A20_252,都市基盤1_道路_都道県道_実延長_舗装済延長,
A20s,2012年度版,2012,A20s_YY_02_PP.shp,奄美群島統計情報（ポリゴン）,A20_253,都市基盤1_道路_都道県道_実延長_舗装済延長_内本舗装延長,
A20s,2012年度版,2012,A20s_YY_02_PP.shp,奄美群島統計情報（ポリゴン）,A20_254,都市基盤1_道路_都道県道_実延長_未舗装延長,
A20s,2012年度版,2012,A20s_YY_02_PP.shp,奄美群島統計情報（ポリゴン）,A20_255,都市基盤1_道路_都道県道_歩道設置道路実延長,
A20s,2012年度版,2012,A20s_YY_02_PP.shp,奄美群島統計情報（ポリゴン）,A20_256,都市基盤1_道路_都道県道_道路面積_車道面積,
A20s,2012年度版,2012,A20s_YY_02_PP.shp,奄美群島統計情報（ポリゴン）,A20_257,都市基盤1_道路_都道県道_道路面積_道路部面積,
A20s,2012年度版,2012,A20s_YY_02_PP.shp,奄美群島統計情報（ポリゴン）,A20_258,都市基盤1_道路_都道県道_道路面積_道路敷面積,
A20s,2012年度版,2012,A20s_YY_02_PP.shp,奄美群島統計情報（ポリゴン）,A20_259,都市基盤1_道路_市町村道_総延長,
A20s,2012年度版,2012,A20s_YY_02_PP.shp,奄美群島統計情報（ポリゴン）,A20_260,都市基盤1_道路_市町村道_重用延長,
A20s,2012年度版,2012,A20s_YY_02_PP.shp,奄美群島統計情報（ポリゴン）,A20_261,都市基盤1_道路_市町村道_未供用延長,
A20s,2012年度版,2012,A20s_YY_02_PP.shp,奄美群島統計情報（ポリゴン）,A20_262,都市基盤1_道路_市町村道_実延長,
A20s,2012年度版,2012,A20s_YY_02_PP.shp,奄美群島統計情報（ポリゴン）,A20_263,都市基盤1_道路_市町村道_実延長_規格改良済延長,
A20s,2012年度版,2012,A20s_YY_02_PP.shp,奄美群島統計情報（ポリゴン）,A20_264,都市基盤1_道路_市町村道_実延長_規格改良済延長_内車道幅員55m以上,
A20s,2012年度版,2012,A20s_YY_02_PP.shp,奄美群島統計情報（ポリゴン）,A20_265,都市基盤1_道路_市町村道_実延長_未改良延長,
A20s,2012年度版,2012,A20s_YY_02_PP.shp,奄美群島統計情報（ポリゴン）,A20_266,都市基盤1_道路_市町村道_実延長_未改良延長_内自動車交通不能,
A20s,2012年度版,2012,A20s_YY_02_PP.shp,奄美群島統計情報（ポリゴン）,A20_267,都市基盤1_道路_市町村道_実延長_舗装済延長,
A20s,2012年度版,2012,A20s_YY_02_PP.shp,奄美群島統計情報（ポリゴン）,A20_268,都市基盤1_道路_市町村道_実延長_舗装済延長_内本舗装延長,
A20s,2012年度版,2012,A20s_YY_02_PP.shp,奄美群島統計情報（ポリゴン）,A20_269,都市基盤1_道路_市町村道_実延長_未舗装延長,
A20s,2012年度版,2012,A20s_YY_02_PP.shp,奄美群島統計情報（ポリゴン）,A20_270,都市基盤1_道路_市町村道_歩道設置道路実延長,
A20s,2012年度版,2012,A20s_YY_02_PP.shp,奄美群島統計情報（ポリゴン）,A20_271,都市基盤1_道路_市町村道_道路面積_車道面積,
A20s,2012年度版,2012,A20s_YY_02_PP.shp,奄美群島統計情報（ポリゴン）,A20_272,都市基盤1_道路_市町村道_道路面積_道路部面積,
A20s,2012年度版,2012,A20s_YY_02_PP.shp,奄美群島統計情報（ポリゴン）,A20_273,都市基盤1_道路_市町村道_道路面積_道路敷面積,
A20s,2012年度版,2012,A20s_YY_02_PP.shp,奄美群島統計情報（ポリゴン）,A20_274,都市基盤1_道路_備考,
A20s,2012年度版,2012,A20s_YY_03_PP.shp,奄美群島統計情報（ポリゴン）,A20_001,奄美群島_奄美群島ID,
A20s,2012年度版,2012,A20s_YY_03_PP.shp,奄美群島統計情報（ポリゴン）,A20_002,奄美群島_行政コード,
A20s,2012年度版,2012,A20s_YY_03_PP.shp,奄美群島統計情報（ポリゴン）,A20_003,奄美群島_都道府県名,
A20s,2012年度版,2012,A20s_YY_03_PP.shp,奄美群島統計情報（ポリゴン）,A20_004,奄美群島_支庁名,
A20s,2012年度版,2012,A20s_YY_03_PP.shp,奄美群島統計情報（ポリゴン）,A20_005,奄美群島_郡・政令市名,
A20s,2012年度版,2012,A20s_YY_03_PP.shp,奄美群島統計情報（ポリゴン）,A20_006,奄美群島_市区町村名,
A20s,2012年度版,2012,A20s_YY_03_PP.shp,奄美群島統計情報（ポリゴン）,A20_007,奄美群島_島嶼名,
A20s,2012年度版,2012,A20s_YY_03_PP.shp,奄美群島統計情報（ポリゴン）,A20_008,奄美群島_指定状況コード,
A20s,2012年度版,2012,A20s_YY_03_PP.shp,奄美群島統計情報（ポリゴン）,A20_275,都市基盤2_調査年度,
A20s,2012年度版,2012,A20s_YY_03_PP.shp,奄美群島統計情報（ポリゴン）,A20_276,都市基盤2_車輌保有台数_保有車両合計,
A20s,2012年度版,2012,A20s_YY_03_PP.shp,奄美群島統計情報（ポリゴン）,A20_277,都市基盤2_車輌保有台数_登録車両_小計,
A20s,2012年度版,2012,A20s_YY_03_PP.shp,奄美群島統計情報（ポリゴン）,A20_278,都市基盤2_車輌保有台数_登録車両_トラック_計,
A20s,2012年度版,2012,A20s_YY_03_PP.shp,奄美群島統計情報（ポリゴン）,A20_279,都市基盤2_車輌保有台数_登録車両_トラック_普通車,
A20s,2012年度版,2012,A20s_YY_03_PP.shp,奄美群島統計情報（ポリゴン）,A20_280,都市基盤2_車輌保有台数_登録車両_トラック_小型車,
A20s,2012年度版,2012,A20s_YY_03_PP.shp,奄美群島統計情報（ポリゴン）,A20_281,都市基盤2_車輌保有台数_登録車両_トラック_トレーラー,
A20s,2012年度版,2012,A20s_YY_03_PP.shp,奄美群島統計情報（ポリゴン）,A20_282,都市基盤2_車輌保有台数_登録車両_バス,
A20s,2012年度版,2012,A20s_YY_03_PP.shp,奄美群島統計情報（ポリゴン）,A20_283,都市基盤2_車輌保有台数_登録車両_乗用車_計,
A20s,2012年度版,2012,A20s_YY_03_PP.shp,奄美群島統計情報（ポリゴン）,A20_284,都市基盤2_車輌保有台数_登録車両_乗用車_普通車,
A20s,2012年度版,2012,A20s_YY_03_PP.shp,奄美群島統計情報（ポリゴン）,A20_285,都市基盤2_車輌保有台数_登録車両_乗用車_小型車,
A20s,2012年度版,2012,A20s_YY_03_PP.shp,奄美群島統計情報（ポリゴン）,A20_286,都市基盤2_車輌保有台数_登録車両_特種用途車,
A20s,2012年度版,2012,A20s_YY_03_PP.shp,奄美群島統計情報（ポリゴン）,A20_287,都市基盤2_車輌保有台数_登録車両_大型特殊車,
A20s,2012年度版,2012,A20s_YY_03_PP.shp,奄美群島統計情報（ポリゴン）,A20_288,都市基盤2_車輌保有台数_軽自動車,
A20s,2012年度版,2012,A20s_YY_03_PP.shp,奄美群島統計情報（ポリゴン）,A20_289,都市基盤2_車輌保有台数_二輪車,
A20s,2012年度版,2012,A20s_YY_03_PP.shp,奄美群島統計情報（ポリゴン）,A20_290,都市基盤2_車輌保有台数_原動機付自転車,
A20s,2012年度版,2012,A20s_YY_03_PP.shp,奄美群島統計情報（ポリゴン）,A20_291,都市基盤2_車輌保有台数_小型特殊車,
A20s,2012年度版,2012,A20s_YY_03_PP.shp,奄美群島統計情報（ポリゴン）,A20_292,都市基盤2_車輌保有台数_備考,
A20s,2012年度版,2012,A20s_YY_03_PP.shp,奄美群島統計情報（ポリゴン）,A20_293,都市基盤2_医療_住民登録人口,
A20s,2012年度版,2012,A20s_YY_03_PP.shp,奄美群島統計情報（ポリゴン）,A20_294,都市基盤2_医療_施設_総数,
A20s,2012年度版,2012,A20s_YY_03_PP.shp,奄美群島統計情報（ポリゴン）,A20_295,都市基盤2_医療_施設_病院,
A20s,2012年度版,2012,A20s_YY_03_PP.shp,奄美群島統計情報（ポリゴン）,A20_296,都市基盤2_医療_施設_診療所,
A20s,2012年度版,2012,A20s_YY_03_PP.shp,奄美群島統計情報（ポリゴン）,A20_297,都市基盤2_医療_施設_診療所_有床診療所,
A20s,2012年度版,2012,A20s_YY_03_PP.shp,奄美群島統計情報（ポリゴン）,A20_298,都市基盤2_医療_施設_歯科診療所,
A20s,2012年度版,2012,A20s_YY_03_PP.shp,奄美群島統計情報（ポリゴン）,A20_299,都市基盤2_医療_施設_一般診療所の歯科診療科目,
A20s,2012年度版,2012,A20s_YY_03_PP.shp,奄美群島統計情報（ポリゴン）,A20_300,都市基盤2_医療_施設_開設者別_国,
A20s,2012年度版,2012,A20s_YY_03_PP.shp,奄美群島統計情報（ポリゴン）,A20_301,都市基盤2_医療_施設_開設者別_都道県,
A20s,2012年度版,2012,A20s_YY_03_PP.shp,奄美群島統計情報（ポリゴン）,A20_302,都市基盤2_医療_施設_開設者別_市町村,
A20s,2012年度版,2012,A20s_YY_03_PP.shp,奄美群島統計情報（ポリゴン）,A20_303,都市基盤2_医療_施設_開設者別_個人,
A20s,2012年度版,2012,A20s_YY_03_PP.shp,奄美群島統計情報（ポリゴン）,A20_304,都市基盤2_医療_施設_開設者別_その他,
A20s,2012年度版,2012,A20s_YY_03_PP.shp,奄美群島統計情報（ポリゴン）,A20_305,都市基盤2_医療_病床数,
A20s,2012年度版,2012,A20s_YY_03_PP.shp,奄美群島統計情報（ポリゴン）,A20_306,都市基盤2_医療_従事者_医師_常勤,
A20s,2012年度版,2012,A20s_YY_03_PP.shp,奄美群島統計情報（ポリゴン）,A20_307,都市基盤2_医療_従事者_医師_非常勤,
A20s,2012年度版,2012,A20s_YY_03_PP.shp,奄美群島統計情報（ポリゴン）,A20_308,都市基盤2_医療_従事者_歯科医師_常勤,
A20s,2012年度版,2012,A20s_YY_03_PP.shp,奄美群島統計情報（ポリゴン）,A20_309,都市基盤2_医療_従事者_歯科医師_非常勤,
A20s,2012年度版,2012,A20s_YY_03_PP.shp,奄美群島統計情報（ポリゴン）,A20_310,都市基盤2_医療_従事者_保健師_医療施設勤務,
A20s,2012年度版,2012,A20s_YY_03_PP.shp,奄美群島統計情報（ポリゴン）,A20_311,都市基盤2_医療_従事者_保健師_医療施設外勤務,
A20s,2012年度版,2012,A20s_YY_03_PP.shp,奄美群島統計情報（ポリゴン）,A20_312,都市基盤2_医療_従事者_助産師_医療施設勤務,
A20s,2012年度版,2012,A20s_YY_03_PP.shp,奄美群島統計情報（ポリゴン）,A20_313,都市基盤2_医療_従事者_助産師_医療施設外勤務,
A20s,2012年度版,2012,A20s_YY_03_PP.shp,奄美群島統計情報（ポリゴン）,A20_314,都市基盤2_医療_従事者_看護師_医療施設勤務,
A20s,2012年度版,2012,A20s_YY_03_PP.shp,奄美群島統計情報（ポリゴン）,A20_315,都市基盤2_医療_従事者_看護師_医療施設外勤務,
A20s,2012年度版,2012,A20s_YY_03_PP.shp,奄美群島統計情報（ポリゴン）,A20_316,都市基盤2_医療_従事者_歯科衛生士_医療施設勤務,
A20s,2012年度版,2012,A20s_YY_03_PP.shp,奄美群島統計情報（ポリゴン）,A20_317,都市基盤2_医療_従事者_歯科衛生士_医療施設外勤務,
A20s,2012年度版,2012,A20s_YY_03_PP.shp,奄美群島統計情報（ポリゴン）,A20_318,都市基盤2_医療_搬送設備等_巡回診療車,
A20s,2012年度版,2012,A20s_YY_03_PP.shp,奄美群島統計情報（ポリゴン）,A20_319,都市基盤2_医療_搬送設備等_巡回診療船,
A20s,2012年度版,2012,A20s_YY_03_PP.shp,奄美群島統計情報（ポリゴン）,A20_320,都市基盤2_医療_搬送設備等_患者輸送車,
A20s,2012年度版,2012,A20s_YY_03_PP.shp,奄美群島統計情報（ポリゴン）,A20_321,都市基盤2_医療_搬送設備等_患者輸送船,
A20s,2012年度版,2012,A20s_YY_03_PP.shp,奄美群島統計情報（ポリゴン）,A20_322,都市基盤2_医療_備考,
A20s,2012年度版,2012,A20s_YY_03_PP.shp,奄美群島統計情報（ポリゴン）,A20_323,都市基盤2_水道_住民登録人口,
A20s,2012年度版,2012,A20s_YY_03_PP.shp,奄美群島統計情報（ポリゴン）,A20_324,都市基盤2_水道_利用人口_上水道,
A20s,2012年度版,2012,A20s_YY_03_PP.shp,奄美群島統計情報（ポリゴン）,A20_325,都市基盤2_水道_利用人口_専用水道,
A20s,2012年度版,2012,A20s_YY_03_PP.shp,奄美群島統計情報（ポリゴン）,A20_326,都市基盤2_水道_利用人口_簡易水道,
A20s,2012年度版,2012,A20s_YY_03_PP.shp,奄美群島統計情報（ポリゴン）,A20_327,都市基盤2_水道_利用人口_計,
A20s,2012年度版,2012,A20s_YY_03_PP.shp,奄美群島統計情報（ポリゴン）,A20_328,都市基盤2_水道_普及率,
A20s,2012年度版,2012,A20s_YY_03_PP.shp,奄美群島統計情報（ポリゴン）,A20_329,都市基盤2_水道_その他飲料水利用人口_井戸,
A20s,2012年度版,2012,A20s_YY_03_PP.shp,奄美群島統計情報（ポリゴン）,A20_330,都市基盤2_水道_その他飲料水利用人口_流湧水,
A20s,2012年度版,2012,A20s_YY_03_PP.shp,奄美群島統計情報（ポリゴン）,A20_331,都市基盤2_水道_その他飲料水利用人口_天水,
A20s,2012年度版,2012,A20s_YY_03_PP.shp,奄美群島統計情報（ポリゴン）,A20_332,都市基盤2_水道_その他飲料水利用人口_計,
A20s,2012年度版,2012,A20s_YY_03_PP.shp,奄美群島統計情報（ポリゴン）,A20_333,都市基盤2_水道_備考,
A20s,2012年度版,2012,A20s_YY_03_PP.shp,奄美群島統計情報（ポリゴン）,A20_334,都市基盤2_し尿処理状況_住民登録人口,
A20s,2012年度版,2012,A20s_YY_03_PP.shp,奄美群島統計情報（ポリゴン）,A20_335,都市基盤2_し尿処理状況_計画処理区域内人口_水洗化人口,
A20s,2012年度版,2012,A20s_YY_03_PP.shp,奄美群島統計情報（ポリゴン）,A20_336,都市基盤2_し尿処理状況_計画処理区域内人口_非水洗化人口_収集人口,
A20s,2012年度版,2012,A20s_YY_03_PP.shp,奄美群島統計情報（ポリゴン）,A20_337,都市基盤2_し尿処理状況_計画処理区域内人口_非水洗化人口_自家処理人口,
A20s,2012年度版,2012,A20s_YY_03_PP.shp,奄美群島統計情報（ポリゴン）,A20_338,都市基盤2_し尿処理状況_計画処理区域内人口_計,
A20s,2012年度版,2012,A20s_YY_03_PP.shp,奄美群島統計情報（ポリゴン）,A20_339,都市基盤2_し尿処理状況_計画処理区域内人口_計画収集率,
A20s,2012年度版,2012,A20s_YY_03_PP.shp,奄美群島統計情報（ポリゴン）,A20_340,都市基盤2_し尿処理状況_区域内人口比率,
A20s,2012年度版,2012,A20s_YY_03_PP.shp,奄美群島統計情報（ポリゴン）,A20_341,都市基盤2_し尿処理状況_収集し尿処理内訳_施設処理,
A20s,2012年度版,2012,A20s_YY_03_PP.shp,奄美群島統計情報（ポリゴン）,A20_342,都市基盤2_し尿処理状況_収集し尿処理内訳_埋立て,
A20s,2012年度版,2012,A20s_YY_03_PP.shp,奄美群島統計情報（ポリゴン）,A20_343,都市基盤2_し尿処理状況_収集し尿処理内訳_海洋投入,
A20s,2012年度版,2012,A20s_YY_03_PP.shp,奄美群島統計情報（ポリゴン）,A20_344,都市基盤2_し尿処理状況_収集し尿処理内訳_その他,
A20s,2012年度版,2012,A20s_YY_03_PP.shp,奄美群島統計情報（ポリゴン）,A20_345,都市基盤2_し尿処理状況_収集し尿処理内訳_計,
A20s,2012年度版,2012,A20s_YY_03_PP.shp,奄美群島統計情報（ポリゴン）,A20_346,都市基盤2_し尿処理状況_収集し尿処理内訳_施設処理率,
A20s,2012年度版,2012,A20s_YY_03_PP.shp,奄美群島統計情報（ポリゴン）,A20_347,都市基盤2_し尿処理状況_備考,
A20s,2012年度版,2012,A20s_YY_03_PP.shp,奄美群島統計情報（ポリゴン）,A20_348,都市基盤2_ごみ処理状況_住民登録人口,
A20s,2012年度版,2012,A20s_YY_03_PP.shp,奄美群島統計情報（ポリゴン）,A20_349,都市基盤2_ごみ処理状況_計画処理区域内人口_計画収集人口,
A20s,2012年度版,2012,A20s_YY_03_PP.shp,奄美群島統計情報（ポリゴン）,A20_350,都市基盤2_ごみ処理状況_計画処理区域内人口_自家処理人口,
A20s,2012年度版,2012,A20s_YY_03_PP.shp,奄美群島統計情報（ポリゴン）,A20_351,都市基盤2_ごみ処理状況_計画処理区域内人口_計,
A20s,2012年度版,2012,A20s_YY_03_PP.shp,奄美群島統計情報（ポリゴン）,A20_352,都市基盤2_ごみ処理状況_計画処理区域内人口_計画収集率,
A20s,2012年度版,2012,A20s_YY_03_PP.shp,奄美群島統計情報（ポリゴン）,A20_353,都市基盤2_ごみ処理状況_区域内人口比率,
A20s,2012年度版,2012,A20s_YY_03_PP.shp,奄美群島統計情報（ポリゴン）,A20_354,都市基盤2_ごみ処理状況_収集ごみ処理内訳_施設処理,
A20s,2012年度版,2012,A20s_YY_03_PP.shp,奄美群島統計情報（ポリゴン）,A20_355,都市基盤2_ごみ処理状況_収集ごみ処理内訳_埋立て,
A20s,2012年度版,2012,A20s_YY_03_PP.shp,奄美群島統計情報（ポリゴン）,A20_356,都市基盤2_ごみ処理状況_収集ごみ処理内訳_その他,
A20s,2012年度版,2012,A20s_YY_03_PP.shp,奄美群島統計情報（ポリゴン）,A20_357,都市基盤2_ごみ処理状況_収集ごみ処理内訳_計,
A20s,2012年度版,2012,A20s_YY_03_PP.shp,奄美群島統計情報（ポリゴン）,A20_358,都市基盤2_ごみ処理状況_収集ごみ処理内訳_施設処理率,
A20s,2012年度版,2012,A20s_YY_03_PP.shp,奄美群島統計情報（ポリゴン）,A20_359,都市基盤2_ごみ処理状況_備考,
A20s,2012年度版,2012,A20s_YY_03_PP.shp,奄美群島統計情報（ポリゴン）,A20_360,都市基盤2_汚水処理状況_住民登録人口,
A20s,2012年度版,2012,A20s_YY_03_PP.shp,奄美群島統計情報（ポリゴン）,A20_361,都市基盤2_汚水処理状況_計画処理区域内人口_公共・流域下水道,
A20s,2012年度版,2012,A20s_YY_03_PP.shp,奄美群島統計情報（ポリゴン）,A20_362,都市基盤2_汚水処理状況_計画処理区域内人口_農業集落排水,
A20s,2012年度版,2012,A20s_YY_03_PP.shp,奄美群島統計情報（ポリゴン）,A20_363,都市基盤2_汚水処理状況_計画処理区域内人口_漁業集落環境整備,
A20s,2012年度版,2012,A20s_YY_03_PP.shp,奄美群島統計情報（ポリゴン）,A20_364,都市基盤2_汚水処理状況_計画処理区域内人口_コミュニティ・プラント,
A20s,2012年度版,2012,A20s_YY_03_PP.shp,奄美群島統計情報（ポリゴン）,A20_365,都市基盤2_汚水処理状況_計画処理区域内人口_合併処理浄化槽,
A20s,2012年度版,2012,A20s_YY_03_PP.shp,奄美群島統計情報（ポリゴン）,A20_366,都市基盤2_汚水処理状況_計画処理区域内人口_その他,
A20s,2012年度版,2012,A20s_YY_03_PP.shp,奄美群島統計情報（ポリゴン）,A20_367,都市基盤2_汚水処理状況_計画処理区域内人口_計,
A20s,2012年度版,2012,A20s_YY_03_PP.shp,奄美群島統計情報（ポリゴン）,A20_368,都市基盤2_汚水処理状況_区域内人口比率,
A20s,2012年度版,2012,A20s_YY_03_PP.shp,奄美群島統計情報（ポリゴン）,A20_369,都市基盤2_汚水処理状況_処理人口_公共・流域下水道,
A20s,2012年度版,2012,A20s_YY_03_PP.shp,奄美群島統計情報（ポリゴン）,A20_370,都市基盤2_汚水処理状況_処理人口_農業集落排水,
A20s,2012年度版,2012,A20s_YY_03_PP.shp,奄美群島統計情報（ポリゴン）,A20_371,都市基盤2_汚水処理状況_処理人口_漁業集落環境整備,
A20s,2012年度版,2012,A20s_YY_03_PP.shp,奄美群島統計情報（ポリゴン）,A20_372,都市基盤2_汚水処理状況_処理人口_コミュニティ・プラント,
A20s,2012年度版,2012,A20s_YY_03_PP.shp,奄美群島統計情報（ポリゴン）,A20_373,都市基盤2_汚水処理状況_処理人口_合併処理浄化槽,
A20s,2012年度版,2012,A20s_YY_03_PP.shp,奄美群島統計情報（ポリゴン）,A20_374,都市基盤2_汚水処理状況_処理人口_その他,
A20s,2012年度版,2012,A20s_YY_03_PP.shp,奄美群島統計情報（ポリゴン）,A20_375,都市基盤2_汚水処理状況_処理人口_計,
A20s,2012年度版,2012,A20s_YY_03_PP.shp,奄美群島統計情報（ポリゴン）,A20_376,都市基盤2_汚水処理状況_処理人口普及率,
A20s,2012年度版,2012,A20s_YY_03_PP.shp,奄美群島統計情報（ポリゴン）,A20_377,都市基盤2_汚水処理状況_備考,
A20s,2012年度版,2012,A20s_YY_03_PP.shp,奄美群島統計情報（ポリゴン）,A20_378,都市基盤2_財政1_決算_基準財政需要額,
A20s,2012年度版,2012,A20s_YY_03_PP.shp,奄美群島統計情報（ポリゴン）,A20_379,都市基盤2_財政1_決算_基準財政収入額,
A20s,2012年度版,2012,A20s_YY_03_PP.shp,奄美群島統計情報（ポリゴン）,A20_380,都市基盤2_財政1_決算_財政力指数,
A20s,2012年度版,2012,A20s_YY_03_PP.shp,奄美群島統計情報（ポリゴン）,A20_381,都市基盤2_財政1_現在_積立金現在高,
A20s,2012年度版,2012,A20s_YY_03_PP.shp,奄美群島統計情報（ポリゴン）,A20_382,都市基盤2_財政1_現在_地方債現在高,
A20s,2012年度版,2012,A20s_YY_03_PP.shp,奄美群島統計情報（ポリゴン）,A20_383,都市基盤2_財政1_歳入_地方税収入,
A20s,2012年度版,2012,A20s_YY_03_PP.shp,奄美群島統計情報（ポリゴン）,A20_384,都市基盤2_財政1_歳入_地方交付税,
A20s,2012年度版,2012,A20s_YY_03_PP.shp,奄美群島統計情報（ポリゴン）,A20_385,都市基盤2_財政1_歳入_国庫支出金,
A20s,2012年度版,2012,A20s_YY_03_PP.shp,奄美群島統計情報（ポリゴン）,A20_386,都市基盤2_財政1_歳入_都道県支出金,
A20s,2012年度版,2012,A20s_YY_03_PP.shp,奄美群島統計情報（ポリゴン）,A20_387,都市基盤2_財政1_歳入_地方債,
A20s,2012年度版,2012,A20s_YY_03_PP.shp,奄美群島統計情報（ポリゴン）,A20_388,都市基盤2_財政1_歳入_その他,
A20s,2012年度版,2012,A20s_YY_03_PP.shp,奄美群島統計情報（ポリゴン）,A20_389,都市基盤2_財政1_歳入_計,
A20s,2012年度版,2012,A20s_YY_03_PP.shp,奄美群島統計情報（ポリゴン）,A20_390,都市基盤2_財政2_歳出_議会費,
A20s,2012年度版,2012,A20s_YY_03_PP.shp,奄美群島統計情報（ポリゴン）,A20_391,都市基盤2_財政2_歳出_総務費,
A20s,2012年度版,2012,A20s_YY_03_PP.shp,奄美群島統計情報（ポリゴン）,A20_392,都市基盤2_財政2_歳出_民生費,
A20s,2012年度版,2012,A20s_YY_03_PP.shp,奄美群島統計情報（ポリゴン）,A20_393,都市基盤2_財政2_歳出_衛生費,
A20s,2012年度版,2012,A20s_YY_03_PP.shp,奄美群島統計情報（ポリゴン）,A20_394,都市基盤2_財政2_歳出_労働費,
A20s,2012年度版,2012,A20s_YY_03_PP.shp,奄美群島統計情報（ポリゴン）,A20_395,都市基盤2_財政2_歳出_農林水産費,
A20s,2012年度版,2012,A20s_YY_03_PP.shp,奄美群島統計情報（ポリゴン）,A20_396,都市基盤2_財政2_歳出_商工費,
A20s,2012年度版,2012,A20s_YY_03_PP.shp,奄美群島統計情報（ポリゴン）,A20_397,都市基盤2_財政2_歳出_土木費,
A20s,2012年度版,2012,A20s_YY_03_PP.shp,奄美群島統計情報（ポリゴン）,A20_398,都市基盤2_財政2_歳出_消防費,
A20s,2012年度版,2012,A20s_YY_03_PP.shp,奄美群島統計情報（ポリゴン）,A20_399,都市基盤2_財政2_歳出_教育費,
A20s,2012年度版,2012,A20s_YY_03_PP.shp,奄美群島統計情報（ポリゴン）,A20_400,都市基盤2_財政2_歳出_災害復旧費,
A20s,2012年度版,2012,A20s_YY_03_PP.shp,奄美群島統計情報（ポリゴン）,A20_401,都市基盤2_財政2_歳出_公債費,
A20s,2012年度版,2012,A20s_YY_03_PP.shp,奄美群島統計情報（ポリゴン）,A20_402,都市基盤2_財政2_歳出_諸支出金,
A20s,2012年度版,2012,A20s_YY_03_PP.shp,奄美群島統計情報（ポリゴン）,A20_403,都市基盤2_財政2_歳出_計,
A20s,2012年度版,2012,A20s_YY_04_PP.shp,奄美群島統計情報（ポリゴン）,A20_001,奄美群島_奄美群島ID,
A20s,2012年度版,2012,A20s_YY_04_PP.shp,奄美群島統計情報（ポリゴン）,A20_002,奄美群島_行政コード,
A20s,2012年度版,2012,A20s_YY_04_PP.shp,奄美群島統計情報（ポリゴン）,A20_003,奄美群島_都道府県名,
A20s,2012年度版,2012,A20s_YY_04_PP.shp,奄美群島統計情報（ポリゴン）,A20_004,奄美群島_支庁名,
A20s,2012年度版,2012,A20s_YY_04_PP.shp,奄美群島統計情報（ポリゴン）,A20_005,奄美群島_郡・政令市名,
A20s,2012年度版,2012,A20s_YY_04_PP.shp,奄美群島統計情報（ポリゴン）,A20_006,奄美群島_市区町村名,
A20s,2012年度版,2012,A20s_YY_04_PP.shp,奄美群島統計情報（ポリゴン）,A20_007,奄美群島_島嶼名,
A20s,2012年度版,2012,A20s_YY_04_PP.shp,奄美群島統計情報（ポリゴン）,A20_008,奄美群島_指定状況コード,
A20s,2012年度版,2012,A20s_YY_04_PP.shp,奄美群島統計情報（ポリゴン）,A20_404,産業_調査年度,
A20s,2012年度版,2012,A20s_YY_04_PP.shp,奄美群島統計情報（ポリゴン）,A20_405,産業_就業者数_就業者総数,
A20s,2012年度版,2012,A20s_YY_04_PP.shp,奄美群島統計情報（ポリゴン）,A20_406,産業_就業者数_第1次_農業,
A20s,2012年度版,2012,A20s_YY_04_PP.shp,奄美群島統計情報（ポリゴン）,A20_407,産業_就業者数_第1次_農業、林業,
A20s,2012年度版,2012,A20s_YY_04_PP.shp,奄美群島統計情報（ポリゴン）,A20_408,産業_就業者数_第1次_農業、林業（うち農業）,
A20s,2012年度版,2012,A20s_YY_04_PP.shp,奄美群島統計情報（ポリゴン）,A20_409,産業_就業者数_第1次_林業,
A20s,2012年度版,2012,A20s_YY_04_PP.shp,奄美群島統計情報（ポリゴン）,A20_410,産業_就業者数_第1次_漁業,
A20s,2012年度版,2012,A20s_YY_04_PP.shp,奄美群島統計情報（ポリゴン）,A20_411,産業_就業者数_第1次_小計,
A20s,2012年度版,2012,A20s_YY_04_PP.shp,奄美群島統計情報（ポリゴン）,A20_412,産業_就業者数_第2次_鉱業,
A20s,2012年度版,2012,A20s_YY_04_PP.shp,奄美群島統計情報（ポリゴン）,A20_413,産業_就業者数_第2次_鉱業、採石業、砂利採取業,
A20s,2012年度版,2012,A20s_YY_04_PP.shp,奄美群島統計情報（ポリゴン）,A20_414,産業_就業者数_第2次_建設業,
A20s,2012年度版,2012,A20s_YY_04_PP.shp,奄美群島統計情報（ポリゴン）,A20_415,産業_就業者数_第2次_製造業,
A20s,2012年度版,2012,A20s_YY_04_PP.shp,奄美群島統計情報（ポリゴン）,A20_416,産業_就業者数_第2次_小計,
A20s,2012年度版,2012,A20s_YY_04_PP.shp,奄美群島統計情報（ポリゴン）,A20_417,産業_就業者数_第3次_電気・ガス・熱供給・水道業,
A20s,2012年度版,2012,A20s_YY_04_PP.shp,奄美群島統計情報（ポリゴン）,A20_418,産業_就業者数_第3次_運輸・通信業,
A20s,2012年度版,2012,A20s_YY_04_PP.shp,奄美群島統計情報（ポリゴン）,A20_419,産業_就業者数_第3次_情報・通信業,
A20s,2012年度版,2012,A20s_YY_04_PP.shp,奄美群島統計情報（ポリゴン）,A20_420,産業_就業者数_第3次_運輸業,
A20s,2012年度版,2012,A20s_YY_04_PP.shp,奄美群島統計情報（ポリゴン）,A20_421,産業_就業者数_第3次_運輸業、郵便業,
A20s,2012年度版,2012,A20s_YY_04_PP.shp,奄美群島統計情報（ポリゴン）,A20_422,産業_就業者数_第3次_卸売・小売業・飲食業,
A20s,2012年度版,2012,A20s_YY_04_PP.shp,奄美群島統計情報（ポリゴン）,A20_423,産業_就業者数_第3次_卸売・小売業,
A20s,2012年度版,2012,A20s_YY_04_PP.shp,奄美群島統計情報（ポリゴン）,A20_424,産業_就業者数_第3次_金融・保険業,
A20s,2012年度版,2012,A20s_YY_04_PP.shp,奄美群島統計情報（ポリゴン）,A20_425,産業_就業者数_第3次_不動産業,
A20s,2012年度版,2012,A20s_YY_04_PP.shp,奄美群島統計情報（ポリゴン）,A20_426,産業_就業者数_第3次_不動産業、物品賃貸業,
A20s,2012年度版,2012,A20s_YY_04_PP.shp,奄美群島統計情報（ポリゴン）,A20_427,産業_就業者数_第3次_学術研究、専門・技術サービス業,
A20s,2012年度版,2012,A20s_YY_04_PP.shp,奄美群島統計情報（ポリゴン）,A20_428,産業_就業者数_第3次_飲食店・宿泊業,
A20s,2012年度版,2012,A20s_YY_04_PP.shp,奄美群島統計情報（ポリゴン）,A20_429,産業_就業者数_第3次_宿泊業、飲食サービス業,
A20s,2012年度版,2012,A20s_YY_04_PP.shp,奄美群島統計情報（ポリゴン）,A20_430,産業_就業者数_第3次_生活関連サービス業、娯楽業,
A20s,2012年度版,2012,A20s_YY_04_PP.shp,奄美群島統計情報（ポリゴン）,A20_431,産業_就業者数_第3次_医療･福祉,
A20s,2012年度版,2012,A20s_YY_04_PP.shp,奄美群島統計情報（ポリゴン）,A20_432,産業_就業者数_第3次_教育・学習支援業,
A20s,2012年度版,2012,A20s_YY_04_PP.shp,奄美群島統計情報（ポリゴン）,A20_433,産業_就業者数_第3次_複合サービス事業,
A20s,2012年度版,2012,A20s_YY_04_PP.shp,奄美群島統計情報（ポリゴン）,A20_434,産業_就業者数_第3次_サービス業,
A20s,2012年度版,2012,A20s_YY_04_PP.shp,奄美群島統計情報（ポリゴン）,A20_435,産業_就業者数_第3次_公務,
A20s,2012年度版,2012,A20s_YY_04_PP.shp,奄美群島統計情報（ポリゴン）,A20_436,産業_就業者数_第3次_小計,
A20s,2012年度版,2012,A20s_YY_04_PP.shp,奄美群島統計情報（ポリゴン）,A20_437,産業_就業者数_分類不能,
A20s,2012年度版,2012,A20s_YY_04_PP.shp,奄美群島統計情報（ポリゴン）,A20_438,産業_就業者数_備考,
A20s,2012年度版,2012,A20s_YY_04_PP.shp,奄美群島統計情報（ポリゴン）,A20_439,産業_事業所数_総数,
A20s,2012年度版,2012,A20s_YY_04_PP.shp,奄美群島統計情報（ポリゴン）,A20_440,産業_事業所数_第1次_農業,
A20s,2012年度版,2012,A20s_YY_04_PP.shp,奄美群島統計情報（ポリゴン）,A20_441,産業_事業所数_第1次_林業,
A20s,2012年度版,2012,A20s_YY_04_PP.shp,奄美群島統計情報（ポリゴン）,A20_442,産業_事業所数_第1次_漁業,
A20s,2012年度版,2012,A20s_YY_04_PP.shp,奄美群島統計情報（ポリゴン）,A20_443,産業_事業所数_第1次_小計,
A20s,2012年度版,2012,A20s_YY_04_PP.shp,奄美群島統計情報（ポリゴン）,A20_444,産業_事業所数_第2次_鉱業,
A20s,2012年度版,2012,A20s_YY_04_PP.shp,奄美群島統計情報（ポリゴン）,A20_445,産業_事業所数_第2次_建設業,
A20s,2012年度版,2012,A20s_YY_04_PP.shp,奄美群島統計情報（ポリゴン）,A20_446,産業_事業所数_第2次_製造業,
A20s,2012年度版,2012,A20s_YY_04_PP.shp,奄美群島統計情報（ポリゴン）,A20_447,産業_事業所数_第2次_小計,
A20s,2012年度版,2012,A20s_YY_04_PP.shp,奄美群島統計情報（ポリゴン）,A20_448,産業_事業所数_第3次_電気・ガス・熱供給・水道業,
A20s,2012年度版,2012,A20s_YY_04_PP.shp,奄美群島統計情報（ポリゴン）,A20_449,産業_事業所数_第3次_運輸・通信業,
A20s,2012年度版,2012,A20s_YY_04_PP.shp,奄美群島統計情報（ポリゴン）,A20_450,産業_事業所数_第3次_卸売・小売業・飲食業,
A20s,2012年度版,2012,A20s_YY_04_PP.shp,奄美群島統計情報（ポリゴン）,A20_451,産業_事業所数_第3次_金融・保険業,
A20s,2012年度版,2012,A20s_YY_04_PP.shp,奄美群島統計情報（ポリゴン）,A20_452,産業_事業所数_第3次_不動産業,
A20s,2012年度版,2012,A20s_YY_04_PP.shp,奄美群島統計情報（ポリゴン）,A20_453,産業_事業所数_第3次_サービス業,
A20s,2012年度版,2012,A20s_YY_04_PP.shp,奄美群島統計情報（ポリゴン）,A20_454,産業_事業所数_第3次_公務,
A20s,2012年度版,2012,A20s_YY_04_PP.shp,奄美群島統計情報（ポリゴン）,A20_455,産業_事業所数_第3次_小計,
A20s,2012年度版,2012,A20s_YY_04_PP.shp,奄美群島統計情報（ポリゴン）,A20_456,産業_事業所数_分類不能,
A20s,2012年度版,2012,A20s_YY_04_PP.shp,奄美群島統計情報（ポリゴン）,A20_457,産業_従業者数_総数,
A20s,2012年度版,2012,A20s_YY_04_PP.shp,奄美群島統計情報（ポリゴン）,A20_458,産業_従業者数_第1次_農業,
A20s,2012年度版,2012,A20s_YY_04_PP.shp,奄美群島統計情報（ポリゴン）,A20_459,産業_従業者数_第1次_林業,
A20s,2012年度版,2012,A20s_YY_04_PP.shp,奄美群島統計情報（ポリゴン）,A20_460,産業_従業者数_第1次_漁業,
A20s,2012年度版,2012,A20s_YY_04_PP.shp,奄美群島統計情報（ポリゴン）,A20_461,産業_従業者数_第1次_小計,
A20s,2012年度版,2012,A20s_YY_04_PP.shp,奄美群島統計情報（ポリゴン）,A20_462,産業_従業者数_第2次_鉱業,
A20s,2012年度版,2012,A20s_YY_04_PP.shp,奄美群島統計情報（ポリゴン）,A20_463,産業_従業者数_第2次_建設業,
A20s,2012年度版,2012,A20s_YY_04_PP.shp,奄美群島統計情報（ポリゴン）,A20_464,産業_従業者数_第2次_製造業,
A20s,2012年度版,2012,A20s_YY_04_PP.shp,奄美群島統計情報（ポリゴン）,A20_465,産業_従業者数_第2次_小計,
A20s,2012年度版,2012,A20s_YY_04_PP.shp,奄美群島統計情報（ポリゴン）,A20_466,産業_従業者数_第3次_電気・ガス・熱供給・水道業,
A20s,2012年度版,2012,A20s_YY_04_PP.shp,奄美群島統計情報（ポリゴン）,A20_467,産業_従業者数_第3次_運輸・通信業,
A20s,2012年度版,2012,A20s_YY_04_PP.shp,奄美群島統計情報（ポリゴン）,A20_468,産業_従業者数_第3次_卸売・小売業・飲食業,
A20s,2012年度版,2012,A20s_YY_04_PP.shp,奄美群島統計情報（ポリゴン）,A20_469,産業_従業者数_第3次_金融・保険業,
A20s,2012年度版,2012,A20s_YY_04_PP.shp,奄美群島統計情報（ポリゴン）,A20_470,産業_従業者数_第3次_不動産業,
A20s,2012年度版,2012,A20s_YY_04_PP.shp,奄美群島統計情報（ポリゴン）,A20_471,産業_従業者数_第3次_サービス業,
A20s,2012年度版,2012,A20s_YY_04_PP.shp,奄美群島統計情報（ポリゴン）,A20_472,産業_従業者数_第3次_公務,
A20s,2012年度版,2012,A20s_YY_04_PP.shp,奄美群島統計情報（ポリゴン）,A20_473,産業_従業者数_第3次_小計,
A20s,2012年度版,2012,A20s_YY_04_PP.shp,奄美群島統計情報（ポリゴン）,A20_474,産業_従業者数_分類不能,
A20s,2012年度版,2012,A20s_YY_04_PP.shp,奄美群島統計情報（ポリゴン）,A20_475,産業_農林業_総面積,
A20s,2012年度版,2012,A20s_YY_04_PP.shp,奄美群島統計情報（ポリゴン）,A20_476,産業_農林業_農振面積,
A20s,2012年度版,2012,A20s_YY_04_PP.shp,奄美群島統計情報（ポリゴン）,A20_477,産業_農林業_耕地面積_総数,
A20s,2012年度版,2012,A20s_YY_04_PP.shp,奄美群島統計情報（ポリゴン）,A20_478,産業_農林業_耕地面積_田,
A20s,2012年度版,2012,A20s_YY_04_PP.shp,奄美群島統計情報（ポリゴン）,A20_479,産業_農林業_耕地面積_畑,
A20s,2012年度版,2012,A20s_YY_04_PP.shp,奄美群島統計情報（ポリゴン）,A20_480,産業_農林業_耕地面積_樹園地,
A20s,2012年度版,2012,A20s_YY_04_PP.shp,奄美群島統計情報（ポリゴン）,A20_481,産業_農林業_耕地面積_牧草地,
A20s,2012年度版,2012,A20s_YY_04_PP.shp,奄美群島統計情報（ポリゴン）,A20_482,産業_農林業_耕地化率,
A20s,2012年度版,2012,A20s_YY_04_PP.shp,奄美群島統計情報（ポリゴン）,A20_483,産業_農林業_家畜飼育数_乳用牛,
A20s,2012年度版,2012,A20s_YY_04_PP.shp,奄美群島統計情報（ポリゴン）,A20_484,産業_農林業_家畜飼育数_肉用牛,
A20s,2012年度版,2012,A20s_YY_04_PP.shp,奄美群島統計情報（ポリゴン）,A20_485,産業_農林業_家畜飼育数_豚,
A20s,2012年度版,2012,A20s_YY_04_PP.shp,奄美群島統計情報（ポリゴン）,A20_486,産業_農林業_家畜飼育数_鶏,
A20s,2012年度版,2012,A20s_YY_04_PP.shp,奄美群島統計情報（ポリゴン）,A20_487,産業_農林業_農道延長,
A20s,2012年度版,2012,A20s_YY_04_PP.shp,奄美群島統計情報（ポリゴン）,A20_488,産業_農林業_林道延長,
A20s,2012年度版,2012,A20s_YY_04_PP.shp,奄美群島統計情報（ポリゴン）,A20_489,産業_農林業_林道延長_内国有林道,
A20s,2012年度版,2012,A20s_YY_04_PP.shp,奄美群島統計情報（ポリゴン）,A20_490,産業_農林業_森林面積_総数,
A20s,2012年度版,2012,A20s_YY_04_PP.shp,奄美群島統計情報（ポリゴン）,A20_491,産業_農林業_森林面積_総数_うち人工林,
A20s,2012年度版,2012,A20s_YY_04_PP.shp,奄美群島統計情報（ポリゴン）,A20_492,産業_農林業_森林面積_国有林,
A20s,2012年度版,2012,A20s_YY_04_PP.shp,奄美群島統計情報（ポリゴン）,A20_493,産業_農林業_森林面積_国有林_うち人工林,
A20s,2012年度版,2012,A20s_YY_04_PP.shp,奄美群島統計情報（ポリゴン）,A20_494,産業_農林業_森林面積_民有林,
A20s,2012年度版,2012,A20s_YY_04_PP.shp,奄美群島統計情報（ポリゴン）,A20_495,産業_農林業_森林面積_民有林_うち人工林,
A20s,2012年度版,2012,A20s_YY_04_PP.shp,奄美群島統計情報（ポリゴン）,A20_496,産業_農林業_森林蓄積量,
A20s,2012年度版,2012,A20s_YY_04_PP.shp,奄美群島統計情報（ポリゴン）,A20_497,産業_農林業_備考,
A20s,2012年度版,2012,A20s_YY_04_PP.shp,奄美群島統計情報（ポリゴン）,A20_498,産業_水産業現況_港湾_水揚高_属人水揚_計(水揚トン数),
A20s,2012年度版,2012,A20s_YY_04_PP.shp,奄美群島統計情報（ポリゴン）,A20_499,産業_水産業現況_港湾_水揚高_属人水揚_計(水揚金額),
A20s,2012年度版,2012,A20s_YY_04_PP.shp,奄美群島統計情報（ポリゴン）,A20_500,産業_水産業現況_港湾_水揚高_属人水揚_海面漁業(水揚トン数),
A20s,2012年度版,2012,A20s_YY_04_PP.shp,奄美群島統計情報（ポリゴン）,A20_501,産業_水産業現況_港湾_水揚高_属人水揚_海面漁業(水揚金額),
A20s,2012年度版,2012,A20s_YY_04_PP.shp,奄美群島統計情報（ポリゴン）,A20_502,産業_水産業現況_港湾_水揚高_属人水揚_海面養殖業(水揚トン数),
A20s,2012年度版,2012,A20s_YY_04_PP.shp,奄美群島統計情報（ポリゴン）,A20_503,産業_水産業現況_港湾_水揚高_属人水揚_海面養殖業(水揚金額),
A20s,2012年度版,2012,A20s_YY_04_PP.shp,奄美群島統計情報（ポリゴン）,A20_504,産業_水産業現況_港湾_水揚高_属地水揚_計(水揚トン数),
A20s,2012年度版,2012,A20s_YY_04_PP.shp,奄美群島統計情報（ポリゴン）,A20_505,産業_水産業現況_港湾_水揚高_属地水揚_計(水揚金額),
A20s,2012年度版,2012,A20s_YY_04_PP.shp,奄美群島統計情報（ポリゴン）,A20_506,産業_水産業現況_港湾_水揚高_属地水揚_海面漁業(水揚トン数),
A20s,2012年度版,2012,A20s_YY_04_PP.shp,奄美群島統計情報（ポリゴン）,A20_507,産業_水産業現況_港湾_水揚高_属地水揚_海面漁業(水揚金額),
A20s,2012年度版,2012,A20s_YY_04_PP.shp,奄美群島統計情報（ポリゴン）,A20_508,産業_水産業現況_港湾_水揚高_属地水揚_海面養殖業(水揚トン数),
A20s,2012年度版,2012,A20s_YY_04_PP.shp,奄美群島統計情報（ポリゴン）,A20_509,産業_水産業現況_港湾_水揚高_属地水揚_海面養殖業(水揚金額),
A20s,2012年度版,2012,A20s_YY_04_PP.shp,奄美群島統計情報（ポリゴン）,A20_510,産業_水産業現況_漁港_水揚高_属人水揚_計(水揚トン数),
A20s,2012年度版,2012,A20s_YY_04_PP.shp,奄美群島統計情報（ポリゴン）,A20_511,産業_水産業現況_漁港_水揚高_属人水揚_計(水揚金額),
A20s,2012年度版,2012,A20s_YY_04_PP.shp,奄美群島統計情報（ポリゴン）,A20_512,産業_水産業現況_漁港_水揚高_属人水揚_海面漁業(水揚トン数),
A20s,2012年度版,2012,A20s_YY_04_PP.shp,奄美群島統計情報（ポリゴン）,A20_513,産業_水産業現況_漁港_水揚高_属人水揚_海面漁業(水揚金額),
A20s,2012年度版,2012,A20s_YY_04_PP.shp,奄美群島統計情報（ポリゴン）,A20_514,産業_水産業現況_漁港_水揚高_属人水揚_海面養殖業(水揚トン数),
A20s,2012年度版,2012,A20s_YY_04_PP.shp,奄美群島統計情報（ポリゴン）,A20_515,産業_水産業現況_漁港_水揚高_属人水揚_海面養殖業(水揚金額),
A20s,2012年度版,2012,A20s_YY_04_PP.shp,奄美群島統計情報（ポリゴン）,A20_516,産業_水産業現況_漁港_水揚高_属地水揚_計(水揚トン数),
A20s,2012年度版,2012,A20s_YY_04_PP.shp,奄美群島統計情報（ポリゴン）,A20_517,産業_水産業現況_漁港_水揚高_属地水揚_計(水揚金額),
A20s,2012年度版,2012,A20s_YY_04_PP.shp,奄美群島統計情報（ポリゴン）,A20_518,産業_水産業現況_漁港_水揚高_属地水揚_海面漁業(水揚トン数),
A20s,2012年度版,2012,A20s_YY_04_PP.shp,奄美群島統計情報（ポリゴン）,A20_519,産業_水産業現況_漁港_水揚高_属地水揚_海面漁業(水揚金額),
A20s,2012年度版,2012,A20s_YY_04_PP.shp,奄美群島統計情報（ポリゴン）,A20_520,産業_水産業現況_漁港_水揚高_属地水揚_海面養殖業(水揚トン数),
A20s,2012年度版,2012,A20s_YY_04_PP.shp,奄美群島統計情報（ポリゴン）,A20_521,産業_水産業現況_漁港_水揚高_属地水揚_海面養殖業(水揚金額),
A20s,2012年度版,2012,A20s_YY_04_PP.shp,奄美群島統計情報（ポリゴン）,A20_522,産業_経営体_農家戸数_総数,
A20s,2012年度版,2012,A20s_YY_04_PP.shp,奄美群島統計情報（ポリゴン）,A20_523,産業_経営体_農家戸数_販売農業_専業,
A20s,2012年度版,2012,A20s_YY_04_PP.shp,奄美群島統計情報（ポリゴン）,A20_524,産業_経営体_農家戸数_販売農業_兼業_1種,
A20s,2012年度版,2012,A20s_YY_04_PP.shp,奄美群島統計情報（ポリゴン）,A20_525,産業_経営体_農家戸数_販売農業_兼業_2種,
A20s,2012年度版,2012,A20s_YY_04_PP.shp,奄美群島統計情報（ポリゴン）,A20_526,産業_経営体_農家戸数_自給的農家,
A20s,2012年度版,2012,A20s_YY_04_PP.shp,奄美群島統計情報（ポリゴン）,A20_527,産業_経営体_漁家戸数_総数,
A20s,2012年度版,2012,A20s_YY_04_PP.shp,奄美群島統計情報（ポリゴン）,A20_528,産業_経営体_漁家戸数_専業,
A20s,2012年度版,2012,A20s_YY_04_PP.shp,奄美群島統計情報（ポリゴン）,A20_529,産業_経営体_漁家戸数_兼業_1種,
A20s,2012年度版,2012,A20s_YY_04_PP.shp,奄美群島統計情報（ポリゴン）,A20_530,産業_経営体_漁家戸数_兼業_2種,
A20s,2012年度版,2012,A20s_YY_04_PP.shp,奄美群島統計情報（ポリゴン）,A20_531,産業_経営体_林家戸数_総数,
A20s,2012年度版,2012,A20s_YY_04_PP.shp,奄美群島統計情報（ポリゴン）,A20_532,産業_経営体_林家戸数_農家林家,
A20s,2012年度版,2012,A20s_YY_04_PP.shp,奄美群島統計情報（ポリゴン）,A20_533,産業_経営体_林家戸数_非農家林家,
A20s,2012年度版,2012,A20s_YY_04_PP.shp,奄美群島統計情報（ポリゴン）,A20_534,産業_経営体_組合数_農業協同組合_組合数（本部）,
A20s,2012年度版,2012,A20s_YY_04_PP.shp,奄美群島統計情報（ポリゴン）,A20_535,産業_経営体_組合数_農業協同組合_組合数（支部・支所）,
A20s,2012年度版,2012,A20s_YY_04_PP.shp,奄美群島統計情報（ポリゴン）,A20_536,産業_経営体_組合数_農業協同組合_組合員数,
A20s,2012年度版,2012,A20s_YY_04_PP.shp,奄美群島統計情報（ポリゴン）,A20_537,産業_経営体_組合数_漁業協同組合_組合数（本部）,
A20s,2012年度版,2012,A20s_YY_04_PP.shp,奄美群島統計情報（ポリゴン）,A20_538,産業_経営体_組合数_漁業協同組合_組合数（支部・支所）,
A20s,2012年度版,2012,A20s_YY_04_PP.shp,奄美群島統計情報（ポリゴン）,A20_539,産業_経営体_組合数_漁業協同組合_組合員数,
A20s,2012年度版,2012,A20s_YY_04_PP.shp,奄美群島統計情報（ポリゴン）,A20_540,産業_経営体_組合数_森林組合_組合数（本部）,
A20s,2012年度版,2012,A20s_YY_04_PP.shp,奄美群島統計情報（ポリゴン）,A20_541,産業_経営体_組合数_森林組合_組合数（支部・支所）,
A20s,2012年度版,2012,A20s_YY_04_PP.shp,奄美群島統計情報（ポリゴン）,A20_542,産業_経営体_組合数_森林組合_組合員数,
A20s,2012年度版,2012,A20s_YY_04_PP.shp,奄美群島統計情報（ポリゴン）,A20_543,産業_生産額_農業_耕種_米,
A20s,2012年度版,2012,A20s_YY_04_PP.shp,奄美群島統計情報（ポリゴン）,A20_544,産業_生産額_農業_耕種_麦,
A20s,2012年度版,2012,A20s_YY_04_PP.shp,奄美群島統計情報（ポリゴン）,A20_545,産業_生産額_農業_耕種_いも,
A20s,2012年度版,2012,A20s_YY_04_PP.shp,奄美群島統計情報（ポリゴン）,A20_546,産業_生産額_農業_耕種_豆･雑穀,
A20s,2012年度版,2012,A20s_YY_04_PP.shp,奄美群島統計情報（ポリゴン）,A20_547,産業_生産額_農業_耕種_野菜,
A20s,2012年度版,2012,A20s_YY_04_PP.shp,奄美群島統計情報（ポリゴン）,A20_548,産業_生産額_農業_耕種_果実,
A20s,2012年度版,2012,A20s_YY_04_PP.shp,奄美群島統計情報（ポリゴン）,A20_549,産業_生産額_農業_耕種_花卉,
A20s,2012年度版,2012,A20s_YY_04_PP.shp,奄美群島統計情報（ポリゴン）,A20_550,産業_生産額_農業_耕種_工芸作物,
A20s,2012年度版,2012,A20s_YY_04_PP.shp,奄美群島統計情報（ポリゴン）,A20_551,産業_生産額_農業_耕種_その他,
A20s,2012年度版,2012,A20s_YY_04_PP.shp,奄美群島統計情報（ポリゴン）,A20_552,産業_生産額_農業_耕種_小計,
A20s,2012年度版,2012,A20s_YY_04_PP.shp,奄美群島統計情報（ポリゴン）,A20_553,産業_生産額_農業_養蚕,
A20s,2012年度版,2012,A20s_YY_04_PP.shp,奄美群島統計情報（ポリゴン）,A20_554,産業_生産額_農業_畜産_牛肉,
A20s,2012年度版,2012,A20s_YY_04_PP.shp,奄美群島統計情報（ポリゴン）,A20_555,産業_生産額_農業_畜産_豚肉,
A20s,2012年度版,2012,A20s_YY_04_PP.shp,奄美群島統計情報（ポリゴン）,A20_556,産業_生産額_農業_畜産_牛乳,
A20s,2012年度版,2012,A20s_YY_04_PP.shp,奄美群島統計情報（ポリゴン）,A20_557,産業_生産額_農業_畜産_鶏卵,
A20s,2012年度版,2012,A20s_YY_04_PP.shp,奄美群島統計情報（ポリゴン）,A20_558,産業_生産額_農業_畜産_その他,
A20s,2012年度版,2012,A20s_YY_04_PP.shp,奄美群島統計情報（ポリゴン）,A20_559,産業_生産額_農業_畜産_小計,
A20s,2012年度版,2012,A20s_YY_04_PP.shp,奄美群島統計情報（ポリゴン）,A20_560,産業_生産額_農業_合計,
A20s,2012年度版,2012,A20s_YY_04_PP.shp,奄美群島統計情報（ポリゴン）,A20_561,産業_生産額_林業_木材_用材,
A20s,2012年度版,2012,A20s_YY_04_PP.shp,奄美群島統計情報（ポリゴン）,A20_562,産業_生産額_林業_木材_薪炭材,
A20s,2012年度版,2012,A20s_YY_04_PP.shp,奄美群島統計情報（ポリゴン）,A20_563,産業_生産額_林業_木炭,
A20s,2012年度版,2012,A20s_YY_04_PP.shp,奄美群島統計情報（ポリゴン）,A20_564,産業_生産額_林業_しいたけ,
A20s,2012年度版,2012,A20s_YY_04_PP.shp,奄美群島統計情報（ポリゴン）,A20_565,産業_生産額_林業_その他,
A20s,2012年度版,2012,A20s_YY_04_PP.shp,奄美群島統計情報（ポリゴン）,A20_566,産業_生産額_林業_合計,
A20s,2012年度版,2012,A20s_YY_04_PP.shp,奄美群島統計情報（ポリゴン）,A20_567,産業_生産額_水産業_魚類,
A20s,2012年度版,2012,A20s_YY_04_PP.shp,奄美群島統計情報（ポリゴン）,A20_568,産業_生産額_水産業_貝類,
A20s,2012年度版,2012,A20s_YY_04_PP.shp,奄美群島統計情報（ポリゴン）,A20_569,産業_生産額_水産業_水産動物,
A20s,2012年度版,2012,A20s_YY_04_PP.shp,奄美群島統計情報（ポリゴン）,A20_570,産業_生産額_水産業_海草類,
A20s,2012年度版,2012,A20s_YY_04_PP.shp,奄美群島統計情報（ポリゴン）,A20_571,産業_生産額_水産業_その他,
A20s,2012年度版,2012,A20s_YY_04_PP.shp,奄美群島統計情報（ポリゴン）,A20_572,産業_生産額_水産業_合計,
A20s,2012年度版,2012,A20s_YY_04_PP.shp,奄美群島統計情報（ポリゴン）,A20_573,産業_生産額_農林水産業総計,
A20s,2012年度版,2012,A20s_YY_04_PP.shp,奄美群島統計情報（ポリゴン）,A20_574,産業_生産額_備考,
A20s,2012年度版,2012,A20s_YY_04_PP.shp,奄美群島統計情報（ポリゴン）,A20_575,産業_観光客数_春,
A20s,2012年度版,2012,A20s_YY_04_PP.shp,奄美群島統計情報（ポリゴン）,A20_576,産業_観光客数_夏,
A20s,2012年度版,2012,A20s_YY_04_PP.shp,奄美群島統計情報（ポリゴン）,A20_577,産業_観光客数_秋,
A20s,2012年度版,2012,A20s_YY_04_PP.shp,奄美群島統計情報（ポリゴン）,A20_578,産業_観光客数_冬,
A20s,2012年度版,2012,A20s_YY_04_PP.shp,奄美群島統計情報（ポリゴン）,A20_579,産業_観光客数_計,
A20s,2012年度版,2012,A20s_YY_04_PP.shp,奄美群島統計情報（ポリゴン）,A20_580,産業_宿泊能力(最盛期)_旅館・ホテル_数,
A20s,2012年度版,2012,A20s_YY_04_PP.shp,奄美群島統計情報（ポリゴン）,A20_581,産業_宿泊能力(最盛期)_旅館・ホテル_収容能力,
A20s,2012年度版,2012,A20s_YY_04_PP.shp,奄美群島統計情報（ポリゴン）,A20_582,産業_宿泊能力(最盛期)_民宿_数,
A20s,2012年度版,2012,A20s_YY_04_PP.shp,奄美群島統計情報（ポリゴン）,A20_583,産業_宿泊能力(最盛期)_民宿_収容能力,
A20s,2012年度版,2012,A20s_YY_04_PP.shp,奄美群島統計情報（ポリゴン）,A20_584,産業_宿泊能力_年間宿泊者数,
A20s,2012年度版,2012,A20s_YY_04_PP.shp,奄美群島統計情報（ポリゴン）,A20_585,産業_自然公園面積_国立公園,
A20s,2012年度版,2012,A20s_YY_04_PP.shp,奄美群島統計情報（ポリゴン）,A20_586,産業_自然公園面積_国定公園,
A20s,2012年度版,2012,A20s_YY_04_PP.shp,奄美群島統計情報（ポリゴン）,A20_587,産業_自然公園面積_県立公園,
A20s,2012年度版,2012,A20s_YY_04_PP.shp,奄美群島統計情報（ポリゴン）,A20_588,産業_観光客数・宿泊能力・自然公園_備考,
A20s,2012年度版,2012,A20s_YY_04_PP.shp,奄美群島統計情報（ポリゴン）,A20_589,産業_港湾・航路現況_港湾_港湾利用状況_入港船舶_隻数,
A20s,2012年度版,2012,A20s_YY_04_PP.shp,奄美群島統計情報（ポリゴン）,A20_590,産業_港湾・航路現況_港湾_総屯数,
A20s,2012年度版,2012,A20s_YY_04_PP.shp,奄美群島統計情報（ポリゴン）,A20_591,産業_港湾・航路現況_港湾_乗降人員,
A20s,2012年度版,2012,A20s_YY_04_PP.shp,奄美群島統計情報（ポリゴン）,A20_592,産業_港湾・航路現況_港湾_海上出入貨物_出,
A20s,2012年度版,2012,A20s_YY_04_PP.shp,奄美群島統計情報（ポリゴン）,A20_593,産業_港湾・航路現況_港湾_海上出入貨物_入,
A20s,2012年度版,2012,A20s_YY_04_PP.shp,奄美群島統計情報（ポリゴン）,A20_594,産業_港湾・航路現況_港湾_海上出入貨物_計,
A20s,2012年度版,2012,A20s_YY_04_PP.shp,奄美群島統計情報（ポリゴン）,A20_595,産業_港湾・航路現況_漁港_港湾利用状況_入港船舶_隻数,
A20s,2012年度版,2012,A20s_YY_04_PP.shp,奄美群島統計情報（ポリゴン）,A20_596,産業_港湾・航路現況_漁港_総屯数,
A20s,2012年度版,2012,A20s_YY_04_PP.shp,奄美群島統計情報（ポリゴン）,A20_597,産業_港湾・航路現況_漁港_乗降人員,
A20s,2012年度版,2012,A20s_YY_04_PP.shp,奄美群島統計情報（ポリゴン）,A20_598,産業_港湾・航路現況_漁港_海上出入貨物_出,
A20s,2012年度版,2012,A20s_YY_04_PP.shp,奄美群島統計情報（ポリゴン）,A20_599,産業_港湾・航路現況_漁港_海上出入貨物_入,
A20s,2012年度版,2012,A20s_YY_04_PP.shp,奄美群島統計情報（ポリゴン）,A20_600,産業_港湾・航路現況_漁港_海上出入貨物_計,
A20s,2012年度版,2012,A20s_YY_04_PP.shp,奄美群島統計情報（ポリゴン）,A20_601,産業_空港・航空路現況_都道県名_空港名,
A20s,2012年度版,2012,A20s_YY_04_PP.shp,奄美群島統計情報（ポリゴン）,A20_602,産業_空港・航空路現況_運航実績_1日当たり運航回数_平常時,
A20s,2012年度版,2012,A20s_YY_04_PP.shp,奄美群島統計情報（ポリゴン）,A20_603,産業_空港・航空路現況_1日当たり運航回数_最盛期,
A20s,2012年度版,2012,A20s_YY_04_PP.shp,奄美群島統計情報（ポリゴン）,A20_604,産業_空港・航空路現況_年間乗降人員,
A21,2007年度版,2007,A21-070402_PP_OgasawaraIslands.shp,小笠原諸島（ポリゴン）,A21_001,小笠原ID,
A21,2007年度版,2007,A21-070402_PP_OgasawaraIslands.shp,小笠原諸島（ポリゴン）,A21_002,行政区域コード,
A21,2007年度版,2007,A21-070402_PP_OgasawaraIslands.shp,小笠原諸島（ポリゴン）,A21_003,都道府県名,
A21,2007年度版,2007,A21-070402_PP_OgasawaraIslands.shp,小笠原諸島（ポリゴン）,A21_004,支庁名,
A21,2007年度版,2007,A21-070402_PP_OgasawaraIslands.shp,小笠原諸島（ポリゴン）,A21_005,市区町村名,
A21,2007年度版,2007,A21-070402_PP_OgasawaraIslands.shp,小笠原諸島（ポリゴン）,A21_006,島嶼名,
A21,2007年度版,2007,A21-070402_PP_OgasawaraIslands.shp,小笠原諸島（ポリゴン）,A21_007,指定日,
A21s,2012年度版,2012,A21s_YY_01_PP.shp,小笠原諸島統計情報（ポリゴン）,A21_001,小笠原諸島_小笠原諸島ID,
A21s,2012年度版,2012,A21s_YY_01_PP.shp,小笠原諸島統計情報（ポリゴン）,A21_002,小笠原諸島_行政コード,
A21s,2012年度版,2012,A21s_YY_01_PP.shp,小笠原諸島統計情報（ポリゴン）,A21_003,小笠原諸島_都道府県名,
A21s,2012年度版,2012,A21s_YY_01_PP.shp,小笠原諸島統計情報（ポリゴン）,A21_004,小笠原諸島_支庁名,
A21s,2012年度版,2012,A21s_YY_01_PP.shp,小笠原諸島統計情報（ポリゴン）,A21_005,小笠原諸島_市区町村名,
A21s,2012年度版,2012,A21s_YY_01_PP.shp,小笠原諸島統計情報（ポリゴン）,A21_006,小笠原諸島_島嶼名,
A21s,2012年度版,2012,A21s_YY_01_PP.shp,小笠原諸島統計情報（ポリゴン）,A21_007,小笠原諸島_指定状況コード,
A21s,2012年度版,2012,A21s_YY_01_PP.shp,小笠原諸島統計情報（ポリゴン）,A21_008,人口・世帯数_調査年度,
A21s,2012年度版,2012,A21s_YY_01_PP.shp,小笠原諸島統計情報（ポリゴン）,A21_009,人口・世帯数_概要_(name),
A21s,2012年度版,2012,A21s_YY_01_PP.shp,小笠原諸島統計情報（ポリゴン）,A21_010,人口・世帯数_概要_指定回次,
A21s,2012年度版,2012,A21s_YY_01_PP.shp,小笠原諸島統計情報（ポリゴン）,A21_011,人口・世帯数_概要_郡名,
A21s,2012年度版,2012,A21s_YY_01_PP.shp,小笠原諸島統計情報（ポリゴン）,A21_012,人口・世帯数_概要_人口,
A21s,2012年度版,2012,A21s_YY_01_PP.shp,小笠原諸島統計情報（ポリゴン）,A21_013,人口・世帯数_概要_世帯数,
A21s,2012年度版,2012,A21s_YY_01_PP.shp,小笠原諸島統計情報（ポリゴン）,A21_014,人口・世帯数_概要_面積,
A21s,2012年度版,2012,A21s_YY_01_PP.shp,小笠原諸島統計情報（ポリゴン）,A21_015,人口・世帯数_概要_海岸延長,
A21s,2012年度版,2012,A21s_YY_01_PP.shp,小笠原諸島統計情報（ポリゴン）,A21_016,人口・世帯数_概要_備考,
A21s,2012年度版,2012,A21s_YY_01_PP.shp,小笠原諸島統計情報（ポリゴン）,A21_017,人口・世帯数_前年_住民登録人口_男,
A21s,2012年度版,2012,A21s_YY_01_PP.shp,小笠原諸島統計情報（ポリゴン）,A21_018,人口・世帯数_前年_住民登録人口_女,
A21s,2012年度版,2012,A21s_YY_01_PP.shp,小笠原諸島統計情報（ポリゴン）,A21_019,人口・世帯数_前年_住民登録人口_計,
A21s,2012年度版,2012,A21s_YY_01_PP.shp,小笠原諸島統計情報（ポリゴン）,A21_020,人口・世帯数_前年_世帯数,
A21s,2012年度版,2012,A21s_YY_01_PP.shp,小笠原諸島統計情報（ポリゴン）,A21_021,人口・世帯数_人口移動_出生数,
A21s,2012年度版,2012,A21s_YY_01_PP.shp,小笠原諸島統計情報（ポリゴン）,A21_022,人口・世帯数_人口移動_死亡数,
A21s,2012年度版,2012,A21s_YY_01_PP.shp,小笠原諸島統計情報（ポリゴン）,A21_023,人口・世帯数_人口移動_自然増△減,
A21s,2012年度版,2012,A21s_YY_01_PP.shp,小笠原諸島統計情報（ポリゴン）,A21_024,人口・世帯数_人口移動_転入数,
A21s,2012年度版,2012,A21s_YY_01_PP.shp,小笠原諸島統計情報（ポリゴン）,A21_025,人口・世帯数_人口移動_転出数,
A21s,2012年度版,2012,A21s_YY_01_PP.shp,小笠原諸島統計情報（ポリゴン）,A21_026,人口・世帯数_人口移動_社会増△減,
A21s,2012年度版,2012,A21s_YY_01_PP.shp,小笠原諸島統計情報（ポリゴン）,A21_027,人口・世帯数_人口移動_増減計,
A21s,2012年度版,2012,A21s_YY_01_PP.shp,小笠原諸島統計情報（ポリゴン）,A21_028,人口・世帯数_現年_住民登録人口_男,
A21s,2012年度版,2012,A21s_YY_01_PP.shp,小笠原諸島統計情報（ポリゴン）,A21_029,人口・世帯数_現年_住民登録人口_女,
A21s,2012年度版,2012,A21s_YY_01_PP.shp,小笠原諸島統計情報（ポリゴン）,A21_030,人口・世帯数_現年_住民登録人口_計,
A21s,2012年度版,2012,A21s_YY_01_PP.shp,小笠原諸島統計情報（ポリゴン）,A21_031,人口・世帯数_現年_世帯数,
A21s,2012年度版,2012,A21s_YY_01_PP.shp,小笠原諸島統計情報（ポリゴン）,A21_032,人口・世帯数_人口・世帯数・人口動態_備考,
A21s,2012年度版,2012,A21s_YY_01_PP.shp,小笠原諸島統計情報（ポリゴン）,A21_033,人口・世帯数_男_国勢調査人口総数,
A21s,2012年度版,2012,A21s_YY_01_PP.shp,小笠原諸島統計情報（ポリゴン）,A21_034,人口・世帯数_男_年少人口_0-4,
A21s,2012年度版,2012,A21s_YY_01_PP.shp,小笠原諸島統計情報（ポリゴン）,A21_035,人口・世帯数_男_年少人口_5-9,
A21s,2012年度版,2012,A21s_YY_01_PP.shp,小笠原諸島統計情報（ポリゴン）,A21_036,人口・世帯数_男_年少人口_10-14,
A21s,2012年度版,2012,A21s_YY_01_PP.shp,小笠原諸島統計情報（ポリゴン）,A21_037,人口・世帯数_男_年少人口_小計,
A21s,2012年度版,2012,A21s_YY_01_PP.shp,小笠原諸島統計情報（ポリゴン）,A21_038,人口・世帯数_男_生産年齢人口_15-19,
A21s,2012年度版,2012,A21s_YY_01_PP.shp,小笠原諸島統計情報（ポリゴン）,A21_039,人口・世帯数_男_生産年齢人口_20-24,
A21s,2012年度版,2012,A21s_YY_01_PP.shp,小笠原諸島統計情報（ポリゴン）,A21_040,人口・世帯数_男_生産年齢人口_25-29,
A21s,2012年度版,2012,A21s_YY_01_PP.shp,小笠原諸島統計情報（ポリゴン）,A21_041,人口・世帯数_男_生産年齢人口_30-34,
A21s,2012年度版,2012,A21s_YY_01_PP.shp,小笠原諸島統計情報（ポリゴン）,A21_042,人口・世帯数_男_生産年齢人口_35-39,
A21s,2012年度版,2012,A21s_YY_01_PP.shp,小笠原諸島統計情報（ポリゴン）,A21_043,人口・世帯数_男_生産年齢人口_40-44,
A21s,2012年度版,2012,A21s_YY_01_PP.shp,小笠原諸島統計情報（ポリゴン）,A21_044,人口・世帯数_男_生産年齢人口_45-49,
A21s,2012年度版,2012,A21s_YY_01_PP.shp,小笠原諸島統計情報（ポリゴン）,A21_045,人口・世帯数_男_生産年齢人口_50-54,
A21s,2012年度版,2012,A21s_YY_01_PP.shp,小笠原諸島統計情報（ポリゴン）,A21_046,人口・世帯数_男_生産年齢人口_55-59,
A21s,2012年度版,2012,A21s_YY_01_PP.shp,小笠原諸島統計情報（ポリゴン）,A21_047,人口・世帯数_男_生産年齢人口_60-64,
A21s,2012年度版,2012,A21s_YY_01_PP.shp,小笠原諸島統計情報（ポリゴン）,A21_048,人口・世帯数_男_生産年齢人口_小計,
A21s,2012年度版,2012,A21s_YY_01_PP.shp,小笠原諸島統計情報（ポリゴン）,A21_049,人口・世帯数_男_老年人口_65-69,
A21s,2012年度版,2012,A21s_YY_01_PP.shp,小笠原諸島統計情報（ポリゴン）,A21_050,人口・世帯数_男_老年人口_70-74,
A21s,2012年度版,2012,A21s_YY_01_PP.shp,小笠原諸島統計情報（ポリゴン）,A21_051,人口・世帯数_男_老年人口_75-79,
A21s,2012年度版,2012,A21s_YY_01_PP.shp,小笠原諸島統計情報（ポリゴン）,A21_052,人口・世帯数_男_老年人口_80-84,
A21s,2012年度版,2012,A21s_YY_01_PP.shp,小笠原諸島統計情報（ポリゴン）,A21_053,人口・世帯数_男_老年人口_85歳以上,
A21s,2012年度版,2012,A21s_YY_01_PP.shp,小笠原諸島統計情報（ポリゴン）,A21_054,人口・世帯数_男_老年人口_小計,
A21s,2012年度版,2012,A21s_YY_01_PP.shp,小笠原諸島統計情報（ポリゴン）,A21_055,人口・世帯数_男_不詳,
A21s,2012年度版,2012,A21s_YY_01_PP.shp,小笠原諸島統計情報（ポリゴン）,A21_056,人口・世帯数_男_生産年齢人口指数,
A21s,2012年度版,2012,A21s_YY_01_PP.shp,小笠原諸島統計情報（ポリゴン）,A21_057,人口・世帯数_男_老齢化率,
A21s,2012年度版,2012,A21s_YY_01_PP.shp,小笠原諸島統計情報（ポリゴン）,A21_058,人口・世帯数_女_国勢調査人口総数,
A21s,2012年度版,2012,A21s_YY_01_PP.shp,小笠原諸島統計情報（ポリゴン）,A21_059,人口・世帯数_女_年少人口_0-4,
A21s,2012年度版,2012,A21s_YY_01_PP.shp,小笠原諸島統計情報（ポリゴン）,A21_060,人口・世帯数_女_年少人口_5-9,
A21s,2012年度版,2012,A21s_YY_01_PP.shp,小笠原諸島統計情報（ポリゴン）,A21_061,人口・世帯数_女_年少人口_10-14,
A21s,2012年度版,2012,A21s_YY_01_PP.shp,小笠原諸島統計情報（ポリゴン）,A21_062,人口・世帯数_女_年少人口_小計,
A21s,2012年度版,2012,A21s_YY_01_PP.shp,小笠原諸島統計情報（ポリゴン）,A21_063,人口・世帯数_女_生産年齢人口_15-19,
A21s,2012年度版,2012,A21s_YY_01_PP.shp,小笠原諸島統計情報（ポリゴン）,A21_064,人口・世帯数_女_生産年齢人口_20-24,
A21s,2012年度版,2012,A21s_YY_01_PP.shp,小笠原諸島統計情報（ポリゴン）,A21_065,人口・世帯数_女_生産年齢人口_25-29,
A21s,2012年度版,2012,A21s_YY_01_PP.shp,小笠原諸島統計情報（ポリゴン）,A21_066,人口・世帯数_女_生産年齢人口_30-34,
A21s,2012年度版,2012,A21s_YY_01_PP.shp,小笠原諸島統計情報（ポリゴン）,A21_067,人口・世帯数_女_生産年齢人口_35-39,
A21s,2012年度版,2012,A21s_YY_01_PP.shp,小笠原諸島統計情報（ポリゴン）,A21_068,人口・世帯数_女_生産年齢人口_40-44,
A21s,2012年度版,2012,A21s_YY_01_PP.shp,小笠原諸島統計情報（ポリゴン）,A21_069,人口・世帯数_女_生産年齢人口_45-49,
A21s,2012年度版,2012,A21s_YY_01_PP.shp,小笠原諸島統計情報（ポリゴン）,A21_070,人口・世帯数_女_生産年齢人口_50-54,
A21s,2012年度版,2012,A21s_YY_01_PP.shp,小笠原諸島統計情報（ポリゴン）,A21_071,人口・世帯数_女_生産年齢人口_55-59,
A21s,2012年度版,2012,A21s_YY_01_PP.shp,小笠原諸島統計情報（ポリゴン）,A21_072,人口・世帯数_女_生産年齢人口_60-64,
A21s,2012年度版,2012,A21s_YY_01_PP.shp,小笠原諸島統計情報（ポリゴン）,A21_073,人口・世帯数_女_生産年齢人口_小計,
A21s,2012年度版,2012,A21s_YY_01_PP.shp,小笠原諸島統計情報（ポリゴン）,A21_074,人口・世帯数_女_老年人口_65-69,
A21s,2012年度版,2012,A21s_YY_01_PP.shp,小笠原諸島統計情報（ポリゴン）,A21_075,人口・世帯数_女_老年人口_70-74,
A21s,2012年度版,2012,A21s_YY_01_PP.shp,小笠原諸島統計情報（ポリゴン）,A21_076,人口・世帯数_女_老年人口_75-79,
A21s,2012年度版,2012,A21s_YY_01_PP.shp,小笠原諸島統計情報（ポリゴン）,A21_077,人口・世帯数_女_老年人口_80-84,
A21s,2012年度版,2012,A21s_YY_01_PP.shp,小笠原諸島統計情報（ポリゴン）,A21_078,人口・世帯数_女_老年人口_85歳以上,
A21s,2012年度版,2012,A21s_YY_01_PP.shp,小笠原諸島統計情報（ポリゴン）,A21_079,人口・世帯数_女_老年人口_小計,
A21s,2012年度版,2012,A21s_YY_01_PP.shp,小笠原諸島統計情報（ポリゴン）,A21_080,人口・世帯数_女_不詳,
A21s,2012年度版,2012,A21s_YY_01_PP.shp,小笠原諸島統計情報（ポリゴン）,A21_081,人口・世帯数_女_生産年齢人口指数,
A21s,2012年度版,2012,A21s_YY_01_PP.shp,小笠原諸島統計情報（ポリゴン）,A21_082,人口・世帯数_女_老齢化率,
A21s,2012年度版,2012,A21s_YY_01_PP.shp,小笠原諸島統計情報（ポリゴン）,A21_083,人口・世帯数_男女計_国勢調査人口総数,
A21s,2012年度版,2012,A21s_YY_01_PP.shp,小笠原諸島統計情報（ポリゴン）,A21_084,人口・世帯数_男女計_年少人口_0-4,
A21s,2012年度版,2012,A21s_YY_01_PP.shp,小笠原諸島統計情報（ポリゴン）,A21_085,人口・世帯数_男女計_年少人口_5-9,
A21s,2012年度版,2012,A21s_YY_01_PP.shp,小笠原諸島統計情報（ポリゴン）,A21_086,人口・世帯数_男女計_年少人口_10-14,
A21s,2012年度版,2012,A21s_YY_01_PP.shp,小笠原諸島統計情報（ポリゴン）,A21_087,人口・世帯数_男女計_年少人口_小計,
A21s,2012年度版,2012,A21s_YY_01_PP.shp,小笠原諸島統計情報（ポリゴン）,A21_088,人口・世帯数_男女計_生産年齢人口_15-19,
A21s,2012年度版,2012,A21s_YY_01_PP.shp,小笠原諸島統計情報（ポリゴン）,A21_089,人口・世帯数_男女計_生産年齢人口_20-24,
A21s,2012年度版,2012,A21s_YY_01_PP.shp,小笠原諸島統計情報（ポリゴン）,A21_090,人口・世帯数_男女計_生産年齢人口_25-29,
A21s,2012年度版,2012,A21s_YY_01_PP.shp,小笠原諸島統計情報（ポリゴン）,A21_091,人口・世帯数_男女計_生産年齢人口_30-34,
A21s,2012年度版,2012,A21s_YY_01_PP.shp,小笠原諸島統計情報（ポリゴン）,A21_092,人口・世帯数_男女計_生産年齢人口_35-39,
A21s,2012年度版,2012,A21s_YY_01_PP.shp,小笠原諸島統計情報（ポリゴン）,A21_093,人口・世帯数_男女計_生産年齢人口_40-44,
A21s,2012年度版,2012,A21s_YY_01_PP.shp,小笠原諸島統計情報（ポリゴン）,A21_094,人口・世帯数_男女計_生産年齢人口_45-49,
A21s,2012年度版,2012,A21s_YY_01_PP.shp,小笠原諸島統計情報（ポリゴン）,A21_095,人口・世帯数_男女計_生産年齢人口_50-54,
A21s,2012年度版,2012,A21s_YY_01_PP.shp,小笠原諸島統計情報（ポリゴン）,A21_096,人口・世帯数_男女計_生産年齢人口_55-59,
A21s,2012年度版,2012,A21s_YY_01_PP.shp,小笠原諸島統計情報（ポリゴン）,A21_097,人口・世帯数_男女計_生産年齢人口_60-64,
A21s,2012年度版,2012,A21s_YY_01_PP.shp,小笠原諸島統計情報（ポリゴン）,A21_098,人口・世帯数_男女計_生産年齢人口_小計,
A21s,2012年度版,2012,A21s_YY_01_PP.shp,小笠原諸島統計情報（ポリゴン）,A21_099,人口・世帯数_男女計_老年人口_65-69,
A21s,2012年度版,2012,A21s_YY_01_PP.shp,小笠原諸島統計情報（ポリゴン）,A21_100,人口・世帯数_男女計_老年人口_70-74,
A21s,2012年度版,2012,A21s_YY_01_PP.shp,小笠原諸島統計情報（ポリゴン）,A21_101,人口・世帯数_男女計_老年人口_75-79,
A21s,2012年度版,2012,A21s_YY_01_PP.shp,小笠原諸島統計情報（ポリゴン）,A21_102,人口・世帯数_男女計_老年人口_80-84,
A21s,2012年度版,2012,A21s_YY_01_PP.shp,小笠原諸島統計情報（ポリゴン）,A21_103,人口・世帯数_男女計_老年人口_85歳以上,
A21s,2012年度版,2012,A21s_YY_01_PP.shp,小笠原諸島統計情報（ポリゴン）,A21_104,人口・世帯数_男女計_老年人口_小計,
A21s,2012年度版,2012,A21s_YY_01_PP.shp,小笠原諸島統計情報（ポリゴン）,A21_105,人口・世帯数_男女計_不詳,
A21s,2012年度版,2012,A21s_YY_01_PP.shp,小笠原諸島統計情報（ポリゴン）,A21_106,人口・世帯数_男女計_生産年齢人口指数,
A21s,2012年度版,2012,A21s_YY_01_PP.shp,小笠原諸島統計情報（ポリゴン）,A21_107,人口・世帯数_男女計_老齢化率,
A21s,2012年度版,2012,A21s_YY_01_PP.shp,小笠原諸島統計情報（ポリゴン）,A21_108,人口・世帯数_年齢別･男女別人口_備考,
A21s,2012年度版,2012,A21s_YY_02_PP.shp,小笠原諸島統計情報（ポリゴン）,A21_001,小笠原諸島_小笠原諸島ID,
A21s,2012年度版,2012,A21s_YY_02_PP.shp,小笠原諸島統計情報（ポリゴン）,A21_002,小笠原諸島_行政コード,
A21s,2012年度版,2012,A21s_YY_02_PP.shp,小笠原諸島統計情報（ポリゴン）,A21_003,小笠原諸島_都道府県名,
A21s,2012年度版,2012,A21s_YY_02_PP.shp,小笠原諸島統計情報（ポリゴン）,A21_004,小笠原諸島_支庁名,
A21s,2012年度版,2012,A21s_YY_02_PP.shp,小笠原諸島統計情報（ポリゴン）,A21_005,小笠原諸島_市区町村名,
A21s,2012年度版,2012,A21s_YY_02_PP.shp,小笠原諸島統計情報（ポリゴン）,A21_006,小笠原諸島_島嶼名,
A21s,2012年度版,2012,A21s_YY_02_PP.shp,小笠原諸島統計情報（ポリゴン）,A21_007,小笠原諸島_指定状況コード,
A21s,2012年度版,2012,A21s_YY_02_PP.shp,小笠原諸島統計情報（ポリゴン）,A21_109,都市基盤1_調査年度,
A21s,2012年度版,2012,A21s_YY_02_PP.shp,小笠原諸島統計情報（ポリゴン）,A21_110,都市基盤1_土地利用_総面積,
A21s,2012年度版,2012,A21s_YY_02_PP.shp,小笠原諸島統計情報（ポリゴン）,A21_111,都市基盤1_土地利用_農用地_農用地合計,
A21s,2012年度版,2012,A21s_YY_02_PP.shp,小笠原諸島統計情報（ポリゴン）,A21_112,都市基盤1_土地利用_農用地_農地,
A21s,2012年度版,2012,A21s_YY_02_PP.shp,小笠原諸島統計情報（ポリゴン）,A21_113,都市基盤1_土地利用_農用地_採草放牧地,
A21s,2012年度版,2012,A21s_YY_02_PP.shp,小笠原諸島統計情報（ポリゴン）,A21_114,都市基盤1_土地利用_森林,
A21s,2012年度版,2012,A21s_YY_02_PP.shp,小笠原諸島統計情報（ポリゴン）,A21_115,都市基盤1_土地利用_原野,
A21s,2012年度版,2012,A21s_YY_02_PP.shp,小笠原諸島統計情報（ポリゴン）,A21_116,都市基盤1_土地利用_水面・河川・水路,
A21s,2012年度版,2012,A21s_YY_02_PP.shp,小笠原諸島統計情報（ポリゴン）,A21_117,都市基盤1_土地利用_道路,
A21s,2012年度版,2012,A21s_YY_02_PP.shp,小笠原諸島統計情報（ポリゴン）,A21_118,都市基盤1_土地利用_宅地,
A21s,2012年度版,2012,A21s_YY_02_PP.shp,小笠原諸島統計情報（ポリゴン）,A21_119,都市基盤1_土地利用_その他,
A21s,2012年度版,2012,A21s_YY_02_PP.shp,小笠原諸島統計情報（ポリゴン）,A21_120,都市基盤1_土地利用_備考,
A21s,2012年度版,2012,A21s_YY_02_PP.shp,小笠原諸島統計情報（ポリゴン）,A21_121,都市基盤1_学校_保_保育所数_本所,
A21s,2012年度版,2012,A21s_YY_02_PP.shp,小笠原諸島統計情報（ポリゴン）,A21_122,都市基盤1_学校_保_保育所数_分所,
A21s,2012年度版,2012,A21s_YY_02_PP.shp,小笠原諸島統計情報（ポリゴン）,A21_123,都市基盤1_学校_保_乳幼児数_在所,
A21s,2012年度版,2012,A21s_YY_02_PP.shp,小笠原諸島統計情報（ポリゴン）,A21_124,都市基盤1_学校_保_乳幼児数_通所,
A21s,2012年度版,2012,A21s_YY_02_PP.shp,小笠原諸島統計情報（ポリゴン）,A21_125,都市基盤1_学校_幼_幼稚園数_本園,
A21s,2012年度版,2012,A21s_YY_02_PP.shp,小笠原諸島統計情報（ポリゴン）,A21_126,都市基盤1_学校_幼_幼稚園数_分園,
A21s,2012年度版,2012,A21s_YY_02_PP.shp,小笠原諸島統計情報（ポリゴン）,A21_127,都市基盤1_学校_幼_園児数_在園,
A21s,2012年度版,2012,A21s_YY_02_PP.shp,小笠原諸島統計情報（ポリゴン）,A21_128,都市基盤1_学校_幼_園児数_通園,
A21s,2012年度版,2012,A21s_YY_02_PP.shp,小笠原諸島統計情報（ポリゴン）,A21_129,都市基盤1_学校_小_学校数_本校,
A21s,2012年度版,2012,A21s_YY_02_PP.shp,小笠原諸島統計情報（ポリゴン）,A21_130,都市基盤1_学校_小_学校数_分校,
A21s,2012年度版,2012,A21s_YY_02_PP.shp,小笠原諸島統計情報（ポリゴン）,A21_131,都市基盤1_学校_小_教（職）員数_教員数,
A21s,2012年度版,2012,A21s_YY_02_PP.shp,小笠原諸島統計情報（ポリゴン）,A21_132,都市基盤1_学校_小_教（職）員数_職員数,
A21s,2012年度版,2012,A21s_YY_02_PP.shp,小笠原諸島統計情報（ポリゴン）,A21_133,都市基盤1_学校_小_学級数,
A21s,2012年度版,2012,A21s_YY_02_PP.shp,小笠原諸島統計情報（ポリゴン）,A21_134,都市基盤1_学校_小_児童数_在校,
A21s,2012年度版,2012,A21s_YY_02_PP.shp,小笠原諸島統計情報（ポリゴン）,A21_135,都市基盤1_学校_小_児童数_通学,
A21s,2012年度版,2012,A21s_YY_02_PP.shp,小笠原諸島統計情報（ポリゴン）,A21_136,都市基盤1_学校_中_学校数_本校,
A21s,2012年度版,2012,A21s_YY_02_PP.shp,小笠原諸島統計情報（ポリゴン）,A21_137,都市基盤1_学校_中_学校数_分校,
A21s,2012年度版,2012,A21s_YY_02_PP.shp,小笠原諸島統計情報（ポリゴン）,A21_138,都市基盤1_学校_中_教（職）員数_教員数,
A21s,2012年度版,2012,A21s_YY_02_PP.shp,小笠原諸島統計情報（ポリゴン）,A21_139,都市基盤1_学校_中_教（職）員数_職員数,
A21s,2012年度版,2012,A21s_YY_02_PP.shp,小笠原諸島統計情報（ポリゴン）,A21_140,都市基盤1_学校_中_学級数,
A21s,2012年度版,2012,A21s_YY_02_PP.shp,小笠原諸島統計情報（ポリゴン）,A21_141,都市基盤1_学校_中_生徒数_在校,
A21s,2012年度版,2012,A21s_YY_02_PP.shp,小笠原諸島統計情報（ポリゴン）,A21_142,都市基盤1_学校_中_生徒数_通学,
A21s,2012年度版,2012,A21s_YY_02_PP.shp,小笠原諸島統計情報（ポリゴン）,A21_143,都市基盤1_学校_高_学校数_本校,
A21s,2012年度版,2012,A21s_YY_02_PP.shp,小笠原諸島統計情報（ポリゴン）,A21_144,都市基盤1_学校_高_学校数_分校,
A21s,2012年度版,2012,A21s_YY_02_PP.shp,小笠原諸島統計情報（ポリゴン）,A21_145,都市基盤1_学校_高_教（職）員数_教員数,
A21s,2012年度版,2012,A21s_YY_02_PP.shp,小笠原諸島統計情報（ポリゴン）,A21_146,都市基盤1_学校_高_教（職）員数_職員数,
A21s,2012年度版,2012,A21s_YY_02_PP.shp,小笠原諸島統計情報（ポリゴン）,A21_147,都市基盤1_学校_高_学級数,
A21s,2012年度版,2012,A21s_YY_02_PP.shp,小笠原諸島統計情報（ポリゴン）,A21_148,都市基盤1_学校_高_生徒数_在校,
A21s,2012年度版,2012,A21s_YY_02_PP.shp,小笠原諸島統計情報（ポリゴン）,A21_149,都市基盤1_学校_高_生徒数_通学,
A21s,2012年度版,2012,A21s_YY_02_PP.shp,小笠原諸島統計情報（ポリゴン）,A21_150,都市基盤1_学校_備考,
A21s,2012年度版,2012,A21s_YY_02_PP.shp,小笠原諸島統計情報（ポリゴン）,A21_151,都市基盤1_卒業者状況_中_卒業生数,
A21s,2012年度版,2012,A21s_YY_02_PP.shp,小笠原諸島統計情報（ポリゴン）,A21_152,都市基盤1_卒業者状況_中_就職_総数,
A21s,2012年度版,2012,A21s_YY_02_PP.shp,小笠原諸島統計情報（ポリゴン）,A21_153,都市基盤1_卒業者状況_中_就職_島内_計,
A21s,2012年度版,2012,A21s_YY_02_PP.shp,小笠原諸島統計情報（ポリゴン）,A21_154,都市基盤1_卒業者状況_中_就職_島内_農林業,
A21s,2012年度版,2012,A21s_YY_02_PP.shp,小笠原諸島統計情報（ポリゴン）,A21_155,都市基盤1_卒業者状況_中_就職_島内_水産業,
A21s,2012年度版,2012,A21s_YY_02_PP.shp,小笠原諸島統計情報（ポリゴン）,A21_156,都市基盤1_卒業者状況_中_就職_島内_2次産業,
A21s,2012年度版,2012,A21s_YY_02_PP.shp,小笠原諸島統計情報（ポリゴン）,A21_157,都市基盤1_卒業者状況_中_就職_島内_3次産業,
A21s,2012年度版,2012,A21s_YY_02_PP.shp,小笠原諸島統計情報（ポリゴン）,A21_158,都市基盤1_卒業者状況_中_就職_島外_計,
A21s,2012年度版,2012,A21s_YY_02_PP.shp,小笠原諸島統計情報（ポリゴン）,A21_159,都市基盤1_卒業者状況_中_就職_島外_1次産業,
A21s,2012年度版,2012,A21s_YY_02_PP.shp,小笠原諸島統計情報（ポリゴン）,A21_160,都市基盤1_卒業者状況_中_就職_島外_2次産業,
A21s,2012年度版,2012,A21s_YY_02_PP.shp,小笠原諸島統計情報（ポリゴン）,A21_161,都市基盤1_卒業者状況_中_就職_島外_3次産業,
A21s,2012年度版,2012,A21s_YY_02_PP.shp,小笠原諸島統計情報（ポリゴン）,A21_162,都市基盤1_卒業者状況_中_進学_総数,
A21s,2012年度版,2012,A21s_YY_02_PP.shp,小笠原諸島統計情報（ポリゴン）,A21_163,都市基盤1_卒業者状況_中_進学_島内,
A21s,2012年度版,2012,A21s_YY_02_PP.shp,小笠原諸島統計情報（ポリゴン）,A21_164,都市基盤1_卒業者状況_中_進学_島外,
A21s,2012年度版,2012,A21s_YY_02_PP.shp,小笠原諸島統計情報（ポリゴン）,A21_165,都市基盤1_卒業者状況_中_進学_進学率,
A21s,2012年度版,2012,A21s_YY_02_PP.shp,小笠原諸島統計情報（ポリゴン）,A21_166,都市基盤1_卒業者状況_中_未就職・その他_島内,
A21s,2012年度版,2012,A21s_YY_02_PP.shp,小笠原諸島統計情報（ポリゴン）,A21_167,都市基盤1_卒業者状況_中_未就職・その他_島外,
A21s,2012年度版,2012,A21s_YY_02_PP.shp,小笠原諸島統計情報（ポリゴン）,A21_168,都市基盤1_卒業者状況_高_卒業生数,
A21s,2012年度版,2012,A21s_YY_02_PP.shp,小笠原諸島統計情報（ポリゴン）,A21_169,都市基盤1_卒業者状況_高_就職_総数,
A21s,2012年度版,2012,A21s_YY_02_PP.shp,小笠原諸島統計情報（ポリゴン）,A21_170,都市基盤1_卒業者状況_高_就職_島内_計,
A21s,2012年度版,2012,A21s_YY_02_PP.shp,小笠原諸島統計情報（ポリゴン）,A21_171,都市基盤1_卒業者状況_高_就職_島内_農林業,
A21s,2012年度版,2012,A21s_YY_02_PP.shp,小笠原諸島統計情報（ポリゴン）,A21_172,都市基盤1_卒業者状況_高_就職_島内_水産業,
A21s,2012年度版,2012,A21s_YY_02_PP.shp,小笠原諸島統計情報（ポリゴン）,A21_173,都市基盤1_卒業者状況_高_就職_島内_2次産業,
A21s,2012年度版,2012,A21s_YY_02_PP.shp,小笠原諸島統計情報（ポリゴン）,A21_174,都市基盤1_卒業者状況_高_就職_島内_3次産業,
A21s,2012年度版,2012,A21s_YY_02_PP.shp,小笠原諸島統計情報（ポリゴン）,A21_175,都市基盤1_卒業者状況_高_就職_島外_計,
A21s,2012年度版,2012,A21s_YY_02_PP.shp,小笠原諸島統計情報（ポリゴン）,A21_176,都市基盤1_卒業者状況_高_就職_島外_1次産業,
A21s,2012年度版,2012,A21s_YY_02_PP.shp,小笠原諸島統計情報（ポリゴン）,A21_177,都市基盤1_卒業者状況_高_就職_島外_2次産業,
A21s,2012年度版,2012,A21s_YY_02_PP.shp,小笠原諸島統計情報（ポリゴン）,A21_178,都市基盤1_卒業者状況_高_就職_島外_3次産業,
A21s,2012年度版,2012,A21s_YY_02_PP.shp,小笠原諸島統計情報（ポリゴン）,A21_179,都市基盤1_卒業者状況_高_進学_総数,
A21s,2012年度版,2012,A21s_YY_02_PP.shp,小笠原諸島統計情報（ポリゴン）,A21_180,都市基盤1_卒業者状況_高_進学_島内,
A21s,2012年度版,2012,A21s_YY_02_PP.shp,小笠原諸島統計情報（ポリゴン）,A21_181,都市基盤1_卒業者状況_高_進学_島外,
A21s,2012年度版,2012,A21s_YY_02_PP.shp,小笠原諸島統計情報（ポリゴン）,A21_182,都市基盤1_卒業者状況_高_進学_進学率,
A21s,2012年度版,2012,A21s_YY_02_PP.shp,小笠原諸島統計情報（ポリゴン）,A21_183,都市基盤1_卒業者状況_高_未就職・その他_島内,
A21s,2012年度版,2012,A21s_YY_02_PP.shp,小笠原諸島統計情報（ポリゴン）,A21_184,都市基盤1_卒業者状況_高_未就職・その他_島外,
A21s,2012年度版,2012,A21s_YY_02_PP.shp,小笠原諸島統計情報（ポリゴン）,A21_185,都市基盤1_公園等_国調人口,
A21s,2012年度版,2012,A21s_YY_02_PP.shp,小笠原諸島統計情報（ポリゴン）,A21_186,都市基盤1_公園等_離島振興関係一括事業_都市公園_都市計画公園_カ所数,
A21s,2012年度版,2012,A21s_YY_02_PP.shp,小笠原諸島統計情報（ポリゴン）,A21_187,都市基盤1_公園等_離島振興関係一括事業_都市公園_都市計画公園_面積,
A21s,2012年度版,2012,A21s_YY_02_PP.shp,小笠原諸島統計情報（ポリゴン）,A21_188,都市基盤1_公園等_離島振興関係一括事業_都市公園_特定地区公園_カ所数,
A21s,2012年度版,2012,A21s_YY_02_PP.shp,小笠原諸島統計情報（ポリゴン）,A21_189,都市基盤1_公園等_離島振興関係一括事業_都市公園_特定地区公園_面積,
A21s,2012年度版,2012,A21s_YY_02_PP.shp,小笠原諸島統計情報（ポリゴン）,A21_190,都市基盤1_公園等_離島振興関係一括事業_都市公園_計_カ所数,
A21s,2012年度版,2012,A21s_YY_02_PP.shp,小笠原諸島統計情報（ポリゴン）,A21_191,都市基盤1_公園等_離島振興関係一括事業_都市公園_計_面積,
A21s,2012年度版,2012,A21s_YY_02_PP.shp,小笠原諸島統計情報（ポリゴン）,A21_192,都市基盤1_公園等_離島振興関係一括事業_港湾環境整備緑地_カ所数,
A21s,2012年度版,2012,A21s_YY_02_PP.shp,小笠原諸島統計情報（ポリゴン）,A21_193,都市基盤1_公園等_離島振興関係一括事業_港湾環境整備緑地_面積,
A21s,2012年度版,2012,A21s_YY_02_PP.shp,小笠原諸島統計情報（ポリゴン）,A21_194,都市基盤1_公園等_離島振興関係一括事業_漁港漁村環境整備_カ所数,
A21s,2012年度版,2012,A21s_YY_02_PP.shp,小笠原諸島統計情報（ポリゴン）,A21_195,都市基盤1_公園等_離島振興関係一括事業_漁港漁村環境整備_面積,
A21s,2012年度版,2012,A21s_YY_02_PP.shp,小笠原諸島統計情報（ポリゴン）,A21_196,都市基盤1_公園等_離島振興関係一括事業_海岸環境整備_カ所数,
A21s,2012年度版,2012,A21s_YY_02_PP.shp,小笠原諸島統計情報（ポリゴン）,A21_197,都市基盤1_公園等_離島振興関係一括事業_海岸環境整備_面積,
A21s,2012年度版,2012,A21s_YY_02_PP.shp,小笠原諸島統計情報（ポリゴン）,A21_198,都市基盤1_公園等_離島振興関係一括事業_農業集落環境整備_カ所数,
A21s,2012年度版,2012,A21s_YY_02_PP.shp,小笠原諸島統計情報（ポリゴン）,A21_199,都市基盤1_公園等_離島振興関係一括事業_農業集落環境整備_面積,
A21s,2012年度版,2012,A21s_YY_02_PP.shp,小笠原諸島統計情報（ポリゴン）,A21_200,都市基盤1_公園等_離島振興関係一括事業_コミュニティ・アイランド_カ所数,
A21s,2012年度版,2012,A21s_YY_02_PP.shp,小笠原諸島統計情報（ポリゴン）,A21_201,都市基盤1_公園等_離島振興関係一括事業_コミュニティ・アイランド_面積,
A21s,2012年度版,2012,A21s_YY_02_PP.shp,小笠原諸島統計情報（ポリゴン）,A21_202,都市基盤1_公園等_離島振興関係一括事業_自然公園施設設備（園地等）_カ所数,
A21s,2012年度版,2012,A21s_YY_02_PP.shp,小笠原諸島統計情報（ポリゴン）,A21_203,都市基盤1_公園等_離島振興関係一括事業_自然公園施設設備（園地等）_面積,
A21s,2012年度版,2012,A21s_YY_02_PP.shp,小笠原諸島統計情報（ポリゴン）,A21_204,都市基盤1_公園等_離島振興関係一括事業_その他_カ所数,
A21s,2012年度版,2012,A21s_YY_02_PP.shp,小笠原諸島統計情報（ポリゴン）,A21_205,都市基盤1_公園等_離島振興関係一括事業_その他_面積,
A21s,2012年度版,2012,A21s_YY_02_PP.shp,小笠原諸島統計情報（ポリゴン）,A21_206,都市基盤1_公園等_離島振興関係一括事業_小計_カ所数,
A21s,2012年度版,2012,A21s_YY_02_PP.shp,小笠原諸島統計情報（ポリゴン）,A21_207,都市基盤1_公園等_離島振興関係一括事業_小計_面積,
A21s,2012年度版,2012,A21s_YY_02_PP.shp,小笠原諸島統計情報（ポリゴン）,A21_208,都市基盤1_公園等_地方公共団体単独事業_カ所数,
A21s,2012年度版,2012,A21s_YY_02_PP.shp,小笠原諸島統計情報（ポリゴン）,A21_209,都市基盤1_公園等_地方公共団体単独事業_面積,
A21s,2012年度版,2012,A21s_YY_02_PP.shp,小笠原諸島統計情報（ポリゴン）,A21_210,都市基盤1_公園等_合計_カ所数,
A21s,2012年度版,2012,A21s_YY_02_PP.shp,小笠原諸島統計情報（ポリゴン）,A21_211,都市基盤1_公園等_合計_面積,
A21s,2012年度版,2012,A21s_YY_02_PP.shp,小笠原諸島統計情報（ポリゴン）,A21_212,都市基盤1_公園等_一人当たり公園・緑地面積,
A21s,2012年度版,2012,A21s_YY_02_PP.shp,小笠原諸島統計情報（ポリゴン）,A21_213,都市基盤1_道路_国道_総延長,
A21s,2012年度版,2012,A21s_YY_02_PP.shp,小笠原諸島統計情報（ポリゴン）,A21_214,都市基盤1_道路_国道_重用延長,
A21s,2012年度版,2012,A21s_YY_02_PP.shp,小笠原諸島統計情報（ポリゴン）,A21_215,都市基盤1_道路_国道_未供用延長,
A21s,2012年度版,2012,A21s_YY_02_PP.shp,小笠原諸島統計情報（ポリゴン）,A21_216,都市基盤1_道路_国道_実延長,
A21s,2012年度版,2012,A21s_YY_02_PP.shp,小笠原諸島統計情報（ポリゴン）,A21_217,都市基盤1_道路_国道_実延長_規格改良済延長,
A21s,2012年度版,2012,A21s_YY_02_PP.shp,小笠原諸島統計情報（ポリゴン）,A21_218,都市基盤1_道路_国道_実延長_規格改良済延長_内車道幅員55m以上,
A21s,2012年度版,2012,A21s_YY_02_PP.shp,小笠原諸島統計情報（ポリゴン）,A21_219,都市基盤1_道路_国道_実延長_未改良延長,
A21s,2012年度版,2012,A21s_YY_02_PP.shp,小笠原諸島統計情報（ポリゴン）,A21_220,都市基盤1_道路_国道_実延長_未改良延長_内自動車交通不能,
A21s,2012年度版,2012,A21s_YY_02_PP.shp,小笠原諸島統計情報（ポリゴン）,A21_221,都市基盤1_道路_国道_実延長_舗装済延長,
A21s,2012年度版,2012,A21s_YY_02_PP.shp,小笠原諸島統計情報（ポリゴン）,A21_222,都市基盤1_道路_国道_実延長_舗装済延長_内本舗装延長,
A21s,2012年度版,2012,A21s_YY_02_PP.shp,小笠原諸島統計情報（ポリゴン）,A21_223,都市基盤1_道路_国道_実延長_未舗装延長,
A21s,2012年度版,2012,A21s_YY_02_PP.shp,小笠原諸島統計情報（ポリゴン）,A21_224,都市基盤1_道路_国道_歩道設置道路実延長,
A21s,2012年度版,2012,A21s_YY_02_PP.shp,小笠原諸島統計情報（ポリゴン）,A21_225,都市基盤1_道路_国道_道路面積_車道面積,
A21s,2012年度版,2012,A21s_YY_02_PP.shp,小笠原諸島統計情報（ポリゴン）,A21_226,都市基盤1_道路_国道_道路面積_道路部面積,
A21s,2012年度版,2012,A21s_YY_02_PP.shp,小笠原諸島統計情報（ポリゴン）,A21_227,都市基盤1_道路_国道_道路面積_道路敷面積,
A21s,2012年度版,2012,A21s_YY_02_PP.shp,小笠原諸島統計情報（ポリゴン）,A21_228,都市基盤1_道路_主要地方道_総延長,
A21s,2012年度版,2012,A21s_YY_02_PP.shp,小笠原諸島統計情報（ポリゴン）,A21_229,都市基盤1_道路_主要地方道_重用延長,
A21s,2012年度版,2012,A21s_YY_02_PP.shp,小笠原諸島統計情報（ポリゴン）,A21_230,都市基盤1_道路_主要地方道_未供用延長,
A21s,2012年度版,2012,A21s_YY_02_PP.shp,小笠原諸島統計情報（ポリゴン）,A21_231,都市基盤1_道路_主要地方道_実延長,
A21s,2012年度版,2012,A21s_YY_02_PP.shp,小笠原諸島統計情報（ポリゴン）,A21_232,都市基盤1_道路_主要地方道_実延長_規格改良済延長,
A21s,2012年度版,2012,A21s_YY_02_PP.shp,小笠原諸島統計情報（ポリゴン）,A21_233,都市基盤1_道路_主要地方道_実延長_規格改良済延長_内車道幅員55m以上,
A21s,2012年度版,2012,A21s_YY_02_PP.shp,小笠原諸島統計情報（ポリゴン）,A21_234,都市基盤1_道路_主要地方道_実延長_未改良延長,
A21s,2012年度版,2012,A21s_YY_02_PP.shp,小笠原諸島統計情報（ポリゴン）,A21_235,都市基盤1_道路_主要地方道_実延長_未改良延長_内自動車交通不能,
A21s,2012年度版,2012,A21s_YY_02_PP.shp,小笠原諸島統計情報（ポリゴン）,A21_236,都市基盤1_道路_主要地方道_実延長_舗装済延長,
A21s,2012年度版,2012,A21s_YY_02_PP.shp,小笠原諸島統計情報（ポリゴン）,A21_237,都市基盤1_道路_主要地方道_実延長_舗装済延長_内本舗装延長,
A21s,2012年度版,2012,A21s_YY_02_PP.shp,小笠原諸島統計情報（ポリゴン）,A21_238,都市基盤1_道路_主要地方道_実延長_未舗装延長,
A21s,2012年度版,2012,A21s_YY_02_PP.shp,小笠原諸島統計情報（ポリゴン）,A21_239,都市基盤1_道路_主要地方道_歩道設置道路実延長,
A21s,2012年度版,2012,A21s_YY_02_PP.shp,小笠原諸島統計情報（ポリゴン）,A21_240,都市基盤1_道路_主要地方道_道路面積_車道面積,
A21s,2012年度版,2012,A21s_YY_02_PP.shp,小笠原諸島統計情報（ポリゴン）,A21_241,都市基盤1_道路_主要地方道_道路面積_道路部面積,
A21s,2012年度版,2012,A21s_YY_02_PP.shp,小笠原諸島統計情報（ポリゴン）,A21_242,都市基盤1_道路_主要地方道_道路面積_道路敷面積,
A21s,2012年度版,2012,A21s_YY_02_PP.shp,小笠原諸島統計情報（ポリゴン）,A21_243,都市基盤1_道路_都道県道_総延長,
A21s,2012年度版,2012,A21s_YY_02_PP.shp,小笠原諸島統計情報（ポリゴン）,A21_244,都市基盤1_道路_都道県道_重用延長,
A21s,2012年度版,2012,A21s_YY_02_PP.shp,小笠原諸島統計情報（ポリゴン）,A21_245,都市基盤1_道路_都道県道_未供用延長,
A21s,2012年度版,2012,A21s_YY_02_PP.shp,小笠原諸島統計情報（ポリゴン）,A21_246,都市基盤1_道路_都道県道_実延長,
A21s,2012年度版,2012,A21s_YY_02_PP.shp,小笠原諸島統計情報（ポリゴン）,A21_247,都市基盤1_道路_都道県道_実延長_規格改良済延長,
A21s,2012年度版,2012,A21s_YY_02_PP.shp,小笠原諸島統計情報（ポリゴン）,A21_248,都市基盤1_道路_都道県道_実延長_規格改良済延長_内車道幅員55m以上,
A21s,2012年度版,2012,A21s_YY_02_PP.shp,小笠原諸島統計情報（ポリゴン）,A21_249,都市基盤1_道路_都道県道_実延長_未改良延長,
A21s,2012年度版,2012,A21s_YY_02_PP.shp,小笠原諸島統計情報（ポリゴン）,A21_250,都市基盤1_道路_都道県道_実延長_未改良延長_内自動車交通不能,
A21s,2012年度版,2012,A21s_YY_02_PP.shp,小笠原諸島統計情報（ポリゴン）,A21_251,都市基盤1_道路_都道県道_実延長_舗装済延長,
A21s,2012年度版,2012,A21s_YY_02_PP.shp,小笠原諸島統計情報（ポリゴン）,A21_252,都市基盤1_道路_都道県道_実延長_舗装済延長_内本舗装延長,
A21s,2012年度版,2012,A21s_YY_02_PP.shp,小笠原諸島統計情報（ポリゴン）,A21_253,都市基盤1_道路_都道県道_実延長_未舗装延長,
A21s,2012年度版,2012,A21s_YY_02_PP.shp,小笠原諸島統計情報（ポリゴン）,A21_254,都市基盤1_道路_都道県道_歩道設置道路実延長,
A21s,2012年度版,2012,A21s_YY_02_PP.shp,小笠原諸島統計情報（ポリゴン）,A21_255,都市基盤1_道路_都道県道_道路面積_車道面積,
A21s,2012年度版,2012,A21s_YY_02_PP.shp,小笠原諸島統計情報（ポリゴン）,A21_256,都市基盤1_道路_都道県道_道路面積_道路部面積,
A21s,2012年度版,2012,A21s_YY_02_PP.shp,小笠原諸島統計情報（ポリゴン）,A21_257,都市基盤1_道路_都道県道_道路面積_道路敷面積,
A21s,2012年度版,2012,A21s_YY_02_PP.shp,小笠原諸島統計情報（ポリゴン）,A21_258,都市基盤1_道路_市町村道_総延長,
A21s,2012年度版,2012,A21s_YY_02_PP.shp,小笠原諸島統計情報（ポリゴン）,A21_259,都市基盤1_道路_市町村道_重用延長,
A21s,2012年度版,2012,A21s_YY_02_PP.shp,小笠原諸島統計情報（ポリゴン）,A21_260,都市基盤1_道路_市町村道_未供用延長,
A21s,2012年度版,2012,A21s_YY_02_PP.shp,小笠原諸島統計情報（ポリゴン）,A21_261,都市基盤1_道路_市町村道_実延長,
A21s,2012年度版,2012,A21s_YY_02_PP.shp,小笠原諸島統計情報（ポリゴン）,A21_262,都市基盤1_道路_市町村道_実延長_規格改良済延長,
A21s,2012年度版,2012,A21s_YY_02_PP.shp,小笠原諸島統計情報（ポリゴン）,A21_263,都市基盤1_道路_市町村道_実延長_規格改良済延長_内車道幅員55m以上,
A21s,2012年度版,2012,A21s_YY_02_PP.shp,小笠原諸島統計情報（ポリゴン）,A21_264,都市基盤1_道路_市町村道_実延長_未改良延長,
A21s,2012年度版,2012,A21s_YY_02_PP.shp,小笠原諸島統計情報（ポリゴン）,A21_265,都市基盤1_道路_市町村道_実延長_未改良延長_内自動車交通不能,
A21s,2012年度版,2012,A21s_YY_02_PP.shp,小笠原諸島統計情報（ポリゴン）,A21_266,都市基盤1_道路_市町村道_実延長_舗装済延長,
A21s,2012年度版,2012,A21s_YY_02_PP.shp,小笠原諸島統計情報（ポリゴン）,A21_267,都市基盤1_道路_市町村道_実延長_舗装済延長_内本舗装延長,
A21s,2012年度版,2012,A21s_YY_02_PP.shp,小笠原諸島統計情報（ポリゴン）,A21_268,都市基盤1_道路_市町村道_実延長_未舗装延長,
A21s,2012年度版,2012,A21s_YY_02_PP.shp,小笠原諸島統計情報（ポリゴン）,A21_269,都市基盤1_道路_市町村道_歩道設置道路実延長,
A21s,2012年度版,2012,A21s_YY_02_PP.shp,小笠原諸島統計情報（ポリゴン）,A21_270,都市基盤1_道路_市町村道_道路面積_車道面積,
A21s,2012年度版,2012,A21s_YY_02_PP.shp,小笠原諸島統計情報（ポリゴン）,A21_271,都市基盤1_道路_市町村道_道路面積_道路部面積,
A21s,2012年度版,2012,A21s_YY_02_PP.shp,小笠原諸島統計情報（ポリゴン）,A21_272,都市基盤1_道路_市町村道_道路面積_道路敷面積,
A21s,2012年度版,2012,A21s_YY_02_PP.shp,小笠原諸島統計情報（ポリゴン）,A21_273,都市基盤1_道路_備考,
A21s,2012年度版,2012,A21s_YY_03_PP.shp,小笠原諸島統計情報（ポリゴン）,A21_001,小笠原諸島_小笠原諸島ID,
A21s,2012年度版,2012,A21s_YY_03_PP.shp,小笠原諸島統計情報（ポリゴン）,A21_002,小笠原諸島_行政コード,
A21s,2012年度版,2012,A21s_YY_03_PP.shp,小笠原諸島統計情報（ポリゴン）,A21_003,小笠原諸島_都道府県名,
A21s,2012年度版,2012,A21s_YY_03_PP.shp,小笠原諸島統計情報（ポリゴン）,A21_004,小笠原諸島_支庁名,
A21s,2012年度版,2012,A21s_YY_03_PP.shp,小笠原諸島統計情報（ポリゴン）,A21_005,小笠原諸島_市区町村名,
A21s,2012年度版,2012,A21s_YY_03_PP.shp,小笠原諸島統計情報（ポリゴン）,A21_006,小笠原諸島_島嶼名,
A21s,2012年度版,2012,A21s_YY_03_PP.shp,小笠原諸島統計情報（ポリゴン）,A21_007,小笠原諸島_指定状況コード,
A21s,2012年度版,2012,A21s_YY_03_PP.shp,小笠原諸島統計情報（ポリゴン）,A21_274,都市基盤2_調査年度,
A21s,2012年度版,2012,A21s_YY_03_PP.shp,小笠原諸島統計情報（ポリゴン）,A21_275,都市基盤2_車輌保有台数_保有車両合計,
A21s,2012年度版,2012,A21s_YY_03_PP.shp,小笠原諸島統計情報（ポリゴン）,A21_276,都市基盤2_車輌保有台数_登録車両_小計,
A21s,2012年度版,2012,A21s_YY_03_PP.shp,小笠原諸島統計情報（ポリゴン）,A21_277,都市基盤2_車輌保有台数_登録車両_トラック_計,
A21s,2012年度版,2012,A21s_YY_03_PP.shp,小笠原諸島統計情報（ポリゴン）,A21_278,都市基盤2_車輌保有台数_登録車両_トラック_普通車,
A21s,2012年度版,2012,A21s_YY_03_PP.shp,小笠原諸島統計情報（ポリゴン）,A21_279,都市基盤2_車輌保有台数_登録車両_トラック_小型車,
A21s,2012年度版,2012,A21s_YY_03_PP.shp,小笠原諸島統計情報（ポリゴン）,A21_280,都市基盤2_車輌保有台数_登録車両_トラック_トレーラー,
A21s,2012年度版,2012,A21s_YY_03_PP.shp,小笠原諸島統計情報（ポリゴン）,A21_281,都市基盤2_車輌保有台数_登録車両_バス,
A21s,2012年度版,2012,A21s_YY_03_PP.shp,小笠原諸島統計情報（ポリゴン）,A21_282,都市基盤2_車輌保有台数_登録車両_乗用車_計,
A21s,2012年度版,2012,A21s_YY_03_PP.shp,小笠原諸島統計情報（ポリゴン）,A21_283,都市基盤2_車輌保有台数_登録車両_乗用車_普通車,
A21s,2012年度版,2012,A21s_YY_03_PP.shp,小笠原諸島統計情報（ポリゴン）,A21_284,都市基盤2_車輌保有台数_登録車両_乗用車_小型車,
A21s,2012年度版,2012,A21s_YY_03_PP.shp,小笠原諸島統計情報（ポリゴン）,A21_285,都市基盤2_車輌保有台数_登録車両_特種用途車,
A21s,2012年度版,2012,A21s_YY_03_PP.shp,小笠原諸島統計情報（ポリゴン）,A21_286,都市基盤2_車輌保有台数_登録車両_大型特殊車,
A21s,2012年度版,2012,A21s_YY_03_PP.shp,小笠原諸島統計情報（ポリゴン）,A21_287,都市基盤2_車輌保有台数_軽自動車,
A21s,2012年度版,2012,A21s_YY_03_PP.shp,小笠原諸島統計情報（ポリゴン）,A21_288,都市基盤2_車輌保有台数_二輪車,
A21s,2012年度版,2012,A21s_YY_03_PP.shp,小笠原諸島統計情報（ポリゴン）,A21_289,都市基盤2_車輌保有台数_原動機付自転車,
A21s,2012年度版,2012,A21s_YY_03_PP.shp,小笠原諸島統計情報（ポリゴン）,A21_290,都市基盤2_車輌保有台数_小型特殊車,
A21s,2012年度版,2012,A21s_YY_03_PP.shp,小笠原諸島統計情報（ポリゴン）,A21_291,都市基盤2_車輌保有台数_備考,
A21s,2012年度版,2012,A21s_YY_03_PP.shp,小笠原諸島統計情報（ポリゴン）,A21_292,都市基盤2_医療_住民登録人口,
A21s,2012年度版,2012,A21s_YY_03_PP.shp,小笠原諸島統計情報（ポリゴン）,A21_293,都市基盤2_医療_施設_総数,
A21s,2012年度版,2012,A21s_YY_03_PP.shp,小笠原諸島統計情報（ポリゴン）,A21_294,都市基盤2_医療_施設_病院,
A21s,2012年度版,2012,A21s_YY_03_PP.shp,小笠原諸島統計情報（ポリゴン）,A21_295,都市基盤2_医療_施設_診療所,
A21s,2012年度版,2012,A21s_YY_03_PP.shp,小笠原諸島統計情報（ポリゴン）,A21_296,都市基盤2_医療_施設_診療所_有床診療所,
A21s,2012年度版,2012,A21s_YY_03_PP.shp,小笠原諸島統計情報（ポリゴン）,A21_297,都市基盤2_医療_施設_歯科診療所,
A21s,2012年度版,2012,A21s_YY_03_PP.shp,小笠原諸島統計情報（ポリゴン）,A21_298,都市基盤2_医療_施設_一般診療所の歯科診療科目,
A21s,2012年度版,2012,A21s_YY_03_PP.shp,小笠原諸島統計情報（ポリゴン）,A21_299,都市基盤2_医療_施設_開設者別_国,
A21s,2012年度版,2012,A21s_YY_03_PP.shp,小笠原諸島統計情報（ポリゴン）,A21_300,都市基盤2_医療_施設_開設者別_都道県,
A21s,2012年度版,2012,A21s_YY_03_PP.shp,小笠原諸島統計情報（ポリゴン）,A21_301,都市基盤2_医療_施設_開設者別_市町村,
A21s,2012年度版,2012,A21s_YY_03_PP.shp,小笠原諸島統計情報（ポリゴン）,A21_302,都市基盤2_医療_施設_開設者別_個人,
A21s,2012年度版,2012,A21s_YY_03_PP.shp,小笠原諸島統計情報（ポリゴン）,A21_303,都市基盤2_医療_施設_開設者別_その他,
A21s,2012年度版,2012,A21s_YY_03_PP.shp,小笠原諸島統計情報（ポリゴン）,A21_304,都市基盤2_医療_病床数,
A21s,2012年度版,2012,A21s_YY_03_PP.shp,小笠原諸島統計情報（ポリゴン）,A21_305,都市基盤2_医療_従事者_医師_常勤,
A21s,2012年度版,2012,A21s_YY_03_PP.shp,小笠原諸島統計情報（ポリゴン）,A21_306,都市基盤2_医療_従事者_医師_非常勤,
A21s,2012年度版,2012,A21s_YY_03_PP.shp,小笠原諸島統計情報（ポリゴン）,A21_307,都市基盤2_医療_従事者_歯科医師_常勤,
A21s,2012年度版,2012,A21s_YY_03_PP.shp,小笠原諸島統計情報（ポリゴン）,A21_308,都市基盤2_医療_従事者_歯科医師_非常勤,
A21s,2012年度版,2012,A21s_YY_03_PP.shp,小笠原諸島統計情報（ポリゴン）,A21_309,都市基盤2_医療_従事者_保健師_医療施設勤務,
A21s,2012年度版,2012,A21s_YY_03_PP.shp,小笠原諸島統計情報（ポリゴン）,A21_310,都市基盤2_医療_従事者_保健師_医療施設外勤務,
A21s,2012年度版,2012,A21s_YY_03_PP.shp,小笠原諸島統計情報（ポリゴン）,A21_311,都市基盤2_医療_従事者_助産師_医療施設勤務,
A21s,2012年度版,2012,A21s_YY_03_PP.shp,小笠原諸島統計情報（ポリゴン）,A21_312,都市基盤2_医療_従事者_助産師_医療施設外勤務,
A21s,2012年度版,2012,A21s_YY_03_PP.shp,小笠原諸島統計情報（ポリゴン）,A21_313,都市基盤2_医療_従事者_看護師_医療施設勤務,
A21s,2012年度版,2012,A21s_YY_03_PP.shp,小笠原諸島統計情報（ポリゴン）,A21_314,都市基盤2_医療_従事者_看護師_医療施設外勤務,
A21s,2012年度版,2012,A21s_YY_03_PP.shp,小笠原諸島統計情報（ポリゴン）,A21_315,都市基盤2_医療_従事者_歯科衛生士_医療施設勤務,
A21s,2012年度版,2012,A21s_YY_03_PP.shp,小笠原諸島統計情報（ポリゴン）,A21_316,都市基盤2_医療_従事者_歯科衛生士_医療施設外勤務,
A21s,2012年度版,2012,A21s_YY_03_PP.shp,小笠原諸島統計情報（ポリゴン）,A21_317,都市基盤2_医療_搬送設備等_巡回診療車,
A21s,2012年度版,2012,A21s_YY_03_PP.shp,小笠原諸島統計情報（ポリゴン）,A21_318,都市基盤2_医療_搬送設備等_巡回診療船,
A21s,2012年度版,2012,A21s_YY_03_PP.shp,小笠原諸島統計情報（ポリゴン）,A21_319,都市基盤2_医療_搬送設備等_患者輸送車,
A21s,2012年度版,2012,A21s_YY_03_PP.shp,小笠原諸島統計情報（ポリゴン）,A21_320,都市基盤2_医療_搬送設備等_患者輸送船,
A21s,2012年度版,2012,A21s_YY_03_PP.shp,小笠原諸島統計情報（ポリゴン）,A21_321,都市基盤2_医療_備考,
A21s,2012年度版,2012,A21s_YY_03_PP.shp,小笠原諸島統計情報（ポリゴン）,A21_322,都市基盤2_水道_住民登録人口,
A21s,2012年度版,2012,A21s_YY_03_PP.shp,小笠原諸島統計情報（ポリゴン）,A21_323,都市基盤2_水道_利用人口_上水道,
A21s,2012年度版,2012,A21s_YY_03_PP.shp,小笠原諸島統計情報（ポリゴン）,A21_324,都市基盤2_水道_利用人口_専用水道,
A21s,2012年度版,2012,A21s_YY_03_PP.shp,小笠原諸島統計情報（ポリゴン）,A21_325,都市基盤2_水道_利用人口_簡易水道,
A21s,2012年度版,2012,A21s_YY_03_PP.shp,小笠原諸島統計情報（ポリゴン）,A21_326,都市基盤2_水道_利用人口_計,
A21s,2012年度版,2012,A21s_YY_03_PP.shp,小笠原諸島統計情報（ポリゴン）,A21_327,都市基盤2_水道_普及率,
A21s,2012年度版,2012,A21s_YY_03_PP.shp,小笠原諸島統計情報（ポリゴン）,A21_328,都市基盤2_水道_その他飲料水利用人口_井戸,
A21s,2012年度版,2012,A21s_YY_03_PP.shp,小笠原諸島統計情報（ポリゴン）,A21_329,都市基盤2_水道_その他飲料水利用人口_流湧水,
A21s,2012年度版,2012,A21s_YY_03_PP.shp,小笠原諸島統計情報（ポリゴン）,A21_330,都市基盤2_水道_その他飲料水利用人口_天水,
A21s,2012年度版,2012,A21s_YY_03_PP.shp,小笠原諸島統計情報（ポリゴン）,A21_331,都市基盤2_水道_その他飲料水利用人口_計,
A21s,2012年度版,2012,A21s_YY_03_PP.shp,小笠原諸島統計情報（ポリゴン）,A21_332,都市基盤2_水道_備考,
A21s,2012年度版,2012,A21s_YY_03_PP.shp,小笠原諸島統計情報（ポリゴン）,A21_333,都市基盤2_し尿処理状況_住民登録人口,
A21s,2012年度版,2012,A21s_YY_03_PP.shp,小笠原諸島統計情報（ポリゴン）,A21_334,都市基盤2_し尿処理状況_計画処理区域内人口_水洗化人口,
A21s,2012年度版,2012,A21s_YY_03_PP.shp,小笠原諸島統計情報（ポリゴン）,A21_335,都市基盤2_し尿処理状況_計画処理区域内人口_非水洗化人口_収集人口,
A21s,2012年度版,2012,A21s_YY_03_PP.shp,小笠原諸島統計情報（ポリゴン）,A21_336,都市基盤2_し尿処理状況_計画処理区域内人口_非水洗化人口_自家処理人口,
A21s,2012年度版,2012,A21s_YY_03_PP.shp,小笠原諸島統計情報（ポリゴン）,A21_337,都市基盤2_し尿処理状況_計画処理区域内人口_計,
A21s,2012年度版,2012,A21s_YY_03_PP.shp,小笠原諸島統計情報（ポリゴン）,A21_338,都市基盤2_し尿処理状況_計画処理区域内人口_計画収集率,
A21s,2012年度版,2012,A21s_YY_03_PP.shp,小笠原諸島統計情報（ポリゴン）,A21_339,都市基盤2_し尿処理状況_区域内人口比率,
A21s,2012年度版,2012,A21s_YY_03_PP.shp,小笠原諸島統計情報（ポリゴン）,A21_340,都市基盤2_し尿処理状況_収集し尿処理内訳_施設処理,
A21s,2012年度版,2012,A21s_YY_03_PP.shp,小笠原諸島統計情報（ポリゴン）,A21_341,都市基盤2_し尿処理状況_収集し尿処理内訳_埋立て,
A21s,2012年度版,2012,A21s_YY_03_PP.shp,小笠原諸島統計情報（ポリゴン）,A21_342,都市基盤2_し尿処理状況_収集し尿処理内訳_海洋投入,
A21s,2012年度版,2012,A21s_YY_03_PP.shp,小笠原諸島統計情報（ポリゴン）,A21_343,都市基盤2_し尿処理状況_収集し尿処理内訳_その他,
A21s,2012年度版,2012,A21s_YY_03_PP.shp,小笠原諸島統計情報（ポリゴン）,A21_344,都市基盤2_し尿処理状況_収集し尿処理内訳_計,
A21s,2012年度版,2012,A21s_YY_03_PP.shp,小笠原諸島統計情報（ポリゴン）,A21_345,都市基盤2_し尿処理状況_収集し尿処理内訳_施設処理率,
A21s,2012年度版,2012,A21s_YY_03_PP.shp,小笠原諸島統計情報（ポリゴン）,A21_346,都市基盤2_し尿処理状況_備考,
A21s,2012年度版,2012,A21s_YY_03_PP.shp,小笠原諸島統計情報（ポリゴン）,A21_347,都市基盤2_ごみ処理状況_住民登録人口,
A21s,2012年度版,2012,A21s_YY_03_PP.shp,小笠原諸島統計情報（ポリゴン）,A21_348,都市基盤2_ごみ処理状況_計画処理区域内人口_計画収集人口,
A21s,2012年度版,2012,A21s_YY_03_PP.shp,小笠原諸島統計情報（ポリゴン）,A21_349,都市基盤2_ごみ処理状況_計画処理区域内人口_自家処理人口,
A21s,2012年度版,2012,A21s_YY_03_PP.shp,小笠原諸島統計情報（ポリゴン）,A21_350,都市基盤2_ごみ処理状況_計画処理区域内人口_計,
A21s,2012年度版,2012,A21s_YY_03_PP.shp,小笠原諸島統計情報（ポリゴン）,A21_351,都市基盤2_ごみ処理状況_計画処理区域内人口_計画収集率,
A21s,2012年度版,2012,A21s_YY_03_PP.shp,小笠原諸島統計情報（ポリゴン）,A21_352,都市基盤2_ごみ処理状況_区域内人口比率,
A21s,2012年度版,2012,A21s_YY_03_PP.shp,小笠原諸島統計情報（ポリゴン）,A21_353,都市基盤2_ごみ処理状況_収集ごみ処理内訳_施設処理,
A21s,2012年度版,2012,A21s_YY_03_PP.shp,小笠原諸島統計情報（ポリゴン）,A21_354,都市基盤2_ごみ処理状況_収集ごみ処理内訳_埋立て,
A21s,2012年度版,2012,A21s_YY_03_PP.shp,小笠原諸島統計情報（ポリゴン）,A21_355,都市基盤2_ごみ処理状況_収集ごみ処理内訳_その他,
A21s,2012年度版,2012,A21s_YY_03_PP.shp,小笠原諸島統計情報（ポリゴン）,A21_356,都市基盤2_ごみ処理状況_収集ごみ処理内訳_計,
A21s,2012年度版,2012,A21s_YY_03_PP.shp,小笠原諸島統計情報（ポリゴン）,A21_357,都市基盤2_ごみ処理状況_収集ごみ処理内訳_施設処理率,
A21s,2012年度版,2012,A21s_YY_03_PP.shp,小笠原諸島統計情報（ポリゴン）,A21_358,都市基盤2_ごみ処理状況_備考,
A21s,2012年度版,2012,A21s_YY_03_PP.shp,小笠原諸島統計情報（ポリゴン）,A21_359,都市基盤2_汚水処理状況_住民登録人口,
A21s,2012年度版,2012,A21s_YY_03_PP.shp,小笠原諸島統計情報（ポリゴン）,A21_360,都市基盤2_汚水処理状況_計画処理区域内人口_公共・流域下水道,
A21s,2012年度版,2012,A21s_YY_03_PP.shp,小笠原諸島統計情報（ポリゴン）,A21_361,都市基盤2_汚水処理状況_計画処理区域内人口_農業集落排水,
A21s,2012年度版,2012,A21s_YY_03_PP.shp,小笠原諸島統計情報（ポリゴン）,A21_362,都市基盤2_汚水処理状況_計画処理区域内人口_漁業集落環境整備,
A21s,2012年度版,2012,A21s_YY_03_PP.shp,小笠原諸島統計情報（ポリゴン）,A21_363,都市基盤2_汚水処理状況_計画処理区域内人口_コミュニティ・プラント,
A21s,2012年度版,2012,A21s_YY_03_PP.shp,小笠原諸島統計情報（ポリゴン）,A21_364,都市基盤2_汚水処理状況_計画処理区域内人口_合併処理浄化槽,
A21s,2012年度版,2012,A21s_YY_03_PP.shp,小笠原諸島統計情報（ポリゴン）,A21_365,都市基盤2_汚水処理状況_計画処理区域内人口_その他,
A21s,2012年度版,2012,A21s_YY_03_PP.shp,小笠原諸島統計情報（ポリゴン）,A21_366,都市基盤2_汚水処理状況_計画処理区域内人口_計,
A21s,2012年度版,2012,A21s_YY_03_PP.shp,小笠原諸島統計情報（ポリゴン）,A21_367,都市基盤2_汚水処理状況_区域内人口比率,
A21s,2012年度版,2012,A21s_YY_03_PP.shp,小笠原諸島統計情報（ポリゴン）,A21_368,都市基盤2_汚水処理状況_処理人口_公共・流域下水道,
A21s,2012年度版,2012,A21s_YY_03_PP.shp,小笠原諸島統計情報（ポリゴン）,A21_369,都市基盤2_汚水処理状況_処理人口_農業集落排水,
A21s,2012年度版,2012,A21s_YY_03_PP.shp,小笠原諸島統計情報（ポリゴン）,A21_370,都市基盤2_汚水処理状況_処理人口_漁業集落環境整備,
A21s,2012年度版,2012,A21s_YY_03_PP.shp,小笠原諸島統計情報（ポリゴン）,A21_371,都市基盤2_汚水処理状況_処理人口_コミュニティ・プラント,
A21s,2012年度版,2012,A21s_YY_03_PP.shp,小笠原諸島統計情報（ポリゴン）,A21_372,都市基盤2_汚水処理状況_処理人口_合併処理浄化槽,
A21s,2012年度版,2012,A21s_YY_03_PP.shp,小笠原諸島統計情報（ポリゴン）,A21_373,都市基盤2_汚水処理状況_処理人口_その他,
A21s,2012年度版,2012,A21s_YY_03_PP.shp,小笠原諸島統計情報（ポリゴン）,A21_374,都市基盤2_汚水処理状況_処理人口_計,
A21s,2012年度版,2012,A21s_YY_03_PP.shp,小笠原諸島統計情報（ポリゴン）,A21_375,都市基盤2_汚水処理状況_処理人口普及率,
A21s,2012年度版,2012,A21s_YY_03_PP.shp,小笠原諸島統計情報（ポリゴン）,A21_376,都市基盤2_汚水処理状況_備考,
A21s,2012年度版,2012,A21s_YY_03_PP.shp,小笠原諸島統計情報（ポリゴン）,A21_377,都市基盤2_財政1_決算_基準財政需要額,
A21s,2012年度版,2012,A21s_YY_03_PP.shp,小笠原諸島統計情報（ポリゴン）,A21_378,都市基盤2_財政1_決算_基準財政収入額,
A21s,2012年度版,2012,A21s_YY_03_PP.shp,小笠原諸島統計情報（ポリゴン）,A21_379,都市基盤2_財政1_決算_財政力指数,
A21s,2012年度版,2012,A21s_YY_03_PP.shp,小笠原諸島統計情報（ポリゴン）,A21_380,都市基盤2_財政1_現在_積立金現在高,
A21s,2012年度版,2012,A21s_YY_03_PP.shp,小笠原諸島統計情報（ポリゴン）,A21_381,都市基盤2_財政1_現在_地方債現在高,
A21s,2012年度版,2012,A21s_YY_03_PP.shp,小笠原諸島統計情報（ポリゴン）,A21_382,都市基盤2_財政1_歳入_地方税収入,
A21s,2012年度版,2012,A21s_YY_03_PP.shp,小笠原諸島統計情報（ポリゴン）,A21_383,都市基盤2_財政1_歳入_地方交付税,
A21s,2012年度版,2012,A21s_YY_03_PP.shp,小笠原諸島統計情報（ポリゴン）,A21_384,都市基盤2_財政1_歳入_国庫支出金,
A21s,2012年度版,2012,A21s_YY_03_PP.shp,小笠原諸島統計情報（ポリゴン）,A21_385,都市基盤2_財政1_歳入_都道県支出金,
A21s,2012年度版,2012,A21s_YY_03_PP.shp,小笠原諸島統計情報（ポリゴン）,A21_386,都市基盤2_財政1_歳入_地方債,
A21s,2012年度版,2012,A21s_YY_03_PP.shp,小笠原諸島統計情報（ポリゴン）,A21_387,都市基盤2_財政1_歳入_その他,
A21s,2012年度版,2012,A21s_YY_03_PP.shp,小笠原諸島統計情報（ポリゴン）,A21_388,都市基盤2_財政1_歳入_計,
A21s,2012年度版,2012,A21s_YY_03_PP.shp,小笠原諸島統計情報（ポリゴン）,A21_389,都市基盤2_財政2_歳出_議会費,
A21s,2012年度版,2012,A21s_YY_03_PP.shp,小笠原諸島統計情報（ポリゴン）,A21_390,都市基盤2_財政2_歳出_総務費,
A21s,2012年度版,2012,A21s_YY_03_PP.shp,小笠原諸島統計情報（ポリゴン）,A21_391,都市基盤2_財政2_歳出_民生費,
A21s,2012年度版,2012,A21s_YY_03_PP.shp,小笠原諸島統計情報（ポリゴン）,A21_392,都市基盤2_財政2_歳出_衛生費,
A21s,2012年度版,2012,A21s_YY_03_PP.shp,小笠原諸島統計情報（ポリゴン）,A21_393,都市基盤2_財政2_歳出_労働費,
A21s,2012年度版,2012,A21s_YY_03_PP.shp,小笠原諸島統計情報（ポリゴン）,A21_394,都市基盤2_財政2_歳出_農林水産費,
A21s,2012年度版,2012,A21s_YY_03_PP.shp,小笠原諸島統計情報（ポリゴン）,A21_395,都市基盤2_財政2_歳出_商工費,
A21s,2012年度版,2012,A21s_YY_03_PP.shp,小笠原諸島統計情報（ポリゴン）,A21_396,都市基盤2_財政2_歳出_土木費,
A21s,2012年度版,2012,A21s_YY_03_PP.shp,小笠原諸島統計情報（ポリゴン）,A21_397,都市基盤2_財政2_歳出_消防費,
A21s,2012年度版,2012,A21s_YY_03_PP.shp,小笠原諸島統計情報（ポリゴン）,A21_398,都市基盤2_財政2_歳出_教育費,
A21s,2012年度版,2012,A21s_YY_03_PP.shp,小笠原諸島統計情報（ポリゴン）,A21_399,都市基盤2_財政2_歳出_災害復旧費,
A21s,2012年度版,2012,A21s_YY_03_PP.shp,小笠原諸島統計情報（ポリゴン）,A21_400,都市基盤2_財政2_歳出_公債費,
A21s,2012年度版,2012,A21s_YY_03_PP.shp,小笠原諸島統計情報（ポリゴン）,A21_401,都市基盤2_財政2_歳出_諸支出金,
A21s,2012年度版,2012,A21s_YY_03_PP.shp,小笠原諸島統計情報（ポリゴン）,A21_402,都市基盤2_財政2_歳出_計,
A21s,2012年度版,2012,A21s_YY_04_PP.shp,小笠原諸島統計情報（ポリゴン）,A21_001,小笠原諸島_小笠原諸島ID,
A21s,2012年度版,2012,A21s_YY_04_PP.shp,小笠原諸島統計情報（ポリゴン）,A21_002,小笠原諸島_行政コード,
A21s,2012年度版,2012,A21s_YY_04_PP.shp,小笠原諸島統計情報（ポリゴン）,A21_003,小笠原諸島_都道府県名,
A21s,2012年度版,2012,A21s_YY_04_PP.shp,小笠原諸島統計情報（ポリゴン）,A21_004,小笠原諸島_支庁名,
A21s,2012年度版,2012,A21s_YY_04_PP.shp,小笠原諸島統計情報（ポリゴン）,A21_005,小笠原諸島_市区町村名,
A21s,2012年度版,2012,A21s_YY_04_PP.shp,小笠原諸島統計情報（ポリゴン）,A21_006,小笠原諸島_島嶼名,
A21s,2012年度版,2012,A21s_YY_04_PP.shp,小笠原諸島統計情報（ポリゴン）,A21_007,小笠原諸島_指定状況コード,
A21s,2012年度版,2012,A21s_YY_04_PP.shp,小笠原諸島統計情報（ポリゴン）,A21_403,産業_調査年度,
A21s,2012年度版,2012,A21s_YY_04_PP.shp,小笠原諸島統計情報（ポリゴン）,A21_404,産業_就業者数_就業者総数,
A21s,2012年度版,2012,A21s_YY_04_PP.shp,小笠原諸島統計情報（ポリゴン）,A21_405,産業_就業者数_第1次_農業,
A21s,2012年度版,2012,A21s_YY_04_PP.shp,小笠原諸島統計情報（ポリゴン）,A21_406,産業_就業者数_第1次_農業、林業,
A21s,2012年度版,2012,A21s_YY_04_PP.shp,小笠原諸島統計情報（ポリゴン）,A21_407,産業_就業者数_第1次_農業、林業（うち農業）,
A21s,2012年度版,2012,A21s_YY_04_PP.shp,小笠原諸島統計情報（ポリゴン）,A21_408,産業_就業者数_第1次_林業,
A21s,2012年度版,2012,A21s_YY_04_PP.shp,小笠原諸島統計情報（ポリゴン）,A21_409,産業_就業者数_第1次_漁業,
A21s,2012年度版,2012,A21s_YY_04_PP.shp,小笠原諸島統計情報（ポリゴン）,A21_410,産業_就業者数_第1次_小計,
A21s,2012年度版,2012,A21s_YY_04_PP.shp,小笠原諸島統計情報（ポリゴン）,A21_411,産業_就業者数_第2次_鉱業,
A21s,2012年度版,2012,A21s_YY_04_PP.shp,小笠原諸島統計情報（ポリゴン）,A21_412,産業_就業者数_第2次_鉱業、採石業、砂利採取業,
A21s,2012年度版,2012,A21s_YY_04_PP.shp,小笠原諸島統計情報（ポリゴン）,A21_413,産業_就業者数_第2次_建設業,
A21s,2012年度版,2012,A21s_YY_04_PP.shp,小笠原諸島統計情報（ポリゴン）,A21_414,産業_就業者数_第2次_製造業,
A21s,2012年度版,2012,A21s_YY_04_PP.shp,小笠原諸島統計情報（ポリゴン）,A21_415,産業_就業者数_第2次_小計,
A21s,2012年度版,2012,A21s_YY_04_PP.shp,小笠原諸島統計情報（ポリゴン）,A21_416,産業_就業者数_第3次_電気・ガス・熱供給・水道業,
A21s,2012年度版,2012,A21s_YY_04_PP.shp,小笠原諸島統計情報（ポリゴン）,A21_417,産業_就業者数_第3次_運輸・通信業,
A21s,2012年度版,2012,A21s_YY_04_PP.shp,小笠原諸島統計情報（ポリゴン）,A21_418,産業_就業者数_第3次_情報・通信業,
A21s,2012年度版,2012,A21s_YY_04_PP.shp,小笠原諸島統計情報（ポリゴン）,A21_419,産業_就業者数_第3次_運輸業,
A21s,2012年度版,2012,A21s_YY_04_PP.shp,小笠原諸島統計情報（ポリゴン）,A21_420,産業_就業者数_第3次_運輸業、郵便業,
A21s,2012年度版,2012,A21s_YY_04_PP.shp,小笠原諸島統計情報（ポリゴン）,A21_421,産業_就業者数_第3次_卸売・小売業・飲食業,
A21s,2012年度版,2012,A21s_YY_04_PP.shp,小笠原諸島統計情報（ポリゴン）,A21_422,産業_就業者数_第3次_卸売・小売業,
A21s,2012年度版,2012,A21s_YY_04_PP.shp,小笠原諸島統計情報（ポリゴン）,A21_423,産業_就業者数_第3次_金融・保険業,
A21s,2012年度版,2012,A21s_YY_04_PP.shp,小笠原諸島統計情報（ポリゴン）,A21_424,産業_就業者数_第3次_不動産業,
A21s,2012年度版,2012,A21s_YY_04_PP.shp,小笠原諸島統計情報（ポリゴン）,A21_425,産業_就業者数_第3次_不動産業、物品賃貸業,
A21s,2012年度版,2012,A21s_YY_04_PP.shp,小笠原諸島統計情報（ポリゴン）,A21_426,産業_就業者数_第3次_学術研究、専門・技術サービス業,
A21s,2012年度版,2012,A21s_YY_04_PP.shp,小笠原諸島統計情報（ポリゴン）,A21_427,産業_就業者数_第3次_飲食店・宿泊業,
A21s,2012年度版,2012,A21s_YY_04_PP.shp,小笠原諸島統計情報（ポリゴン）,A21_428,産業_就業者数_第3次_宿泊業、飲食サービス業,
A21s,2012年度版,2012,A21s_YY_04_PP.shp,小笠原諸島統計情報（ポリゴン）,A21_429,産業_就業者数_第3次_生活関連サービス業、娯楽業,
A21s,2012年度版,2012,A21s_YY_04_PP.shp,小笠原諸島統計情報（ポリゴン）,A21_430,産業_就業者数_第3次_医療･福祉,
A21s,2012年度版,2012,A21s_YY_04_PP.shp,小笠原諸島統計情報（ポリゴン）,A21_431,産業_就業者数_第3次_教育・学習支援業,
A21s,2012年度版,2012,A21s_YY_04_PP.shp,小笠原諸島統計情報（ポリゴン）,A21_432,産業_就業者数_第3次_複合サービス事業,
A21s,2012年度版,2012,A21s_YY_04_PP.shp,小笠原諸島統計情報（ポリゴン）,A21_433,産業_就業者数_第3次_サービス業,
A21s,2012年度版,2012,A21s_YY_04_PP.shp,小笠原諸島統計情報（ポリゴン）,A21_434,産業_就業者数_第3次_公務,
A21s,2012年度版,2012,A21s_YY_04_PP.shp,小笠原諸島統計情報（ポリゴン）,A21_435,産業_就業者数_第3次_小計,
A21s,2012年度版,2012,A21s_YY_04_PP.shp,小笠原諸島統計情報（ポリゴン）,A21_436,産業_就業者数_分類不能,
A21s,2012年度版,2012,A21s_YY_04_PP.shp,小笠原諸島統計情報（ポリゴン）,A21_437,産業_就業者数_備考,
A21s,2012年度版,2012,A21s_YY_04_PP.shp,小笠原諸島統計情報（ポリゴン）,A21_438,産業_事業所数_総数,
A21s,2012年度版,2012,A21s_YY_04_PP.shp,小笠原諸島統計情報（ポリゴン）,A21_439,産業_事業所数_第1次_農業,
A21s,2012年度版,2012,A21s_YY_04_PP.shp,小笠原諸島統計情報（ポリゴン）,A21_440,産業_事業所数_第1次_林業,
A21s,2012年度版,2012,A21s_YY_04_PP.shp,小笠原諸島統計情報（ポリゴン）,A21_441,産業_事業所数_第1次_漁業,
A21s,2012年度版,2012,A21s_YY_04_PP.shp,小笠原諸島統計情報（ポリゴン）,A21_442,産業_事業所数_第1次_小計,
A21s,2012年度版,2012,A21s_YY_04_PP.shp,小笠原諸島統計情報（ポリゴン）,A21_443,産業_事業所数_第2次_鉱業,
A21s,2012年度版,2012,A21s_YY_04_PP.shp,小笠原諸島統計情報（ポリゴン）,A21_444,産業_事業所数_第2次_建設業,
A21s,2012年度版,2012,A21s_YY_04_PP.shp,小笠原諸島統計情報（ポリゴン）,A21_445,産業_事業所数_第2次_製造業,
A21s,2012年度版,2012,A21s_YY_04_PP.shp,小笠原諸島統計情報（ポリゴン）,A21_446,産業_事業所数_第2次_小計,
A21s,2012年度版,2012,A21s_YY_04_PP.shp,小笠原諸島統計情報（ポリゴン）,A21_447,産業_事業所数_第3次_電気・ガス・熱供給・水道業,
A21s,2012年度版,2012,A21s_YY_04_PP.shp,小笠原諸島統計情報（ポリゴン）,A21_448,産業_事業所数_第3次_運輸・通信業,
A21s,2012年度版,2012,A21s_YY_04_PP.shp,小笠原諸島統計情報（ポリゴン）,A21_449,産業_事業所数_第3次_卸売・小売業・飲食業,
A21s,2012年度版,2012,A21s_YY_04_PP.shp,小笠原諸島統計情報（ポリゴン）,A21_450,産業_事業所数_第3次_金融・保険業,
A21s,2012年度版,2012,A21s_YY_04_PP.shp,小笠原諸島統計情報（ポリゴン）,A21_451,産業_事業所数_第3次_不動産業,
A21s,2012年度版,2012,A21s_YY_04_PP.shp,小笠原諸島統計情報（ポリゴン）,A21_452,産業_事業所数_第3次_サービス業,
A21s,2012年度版,2012,A21s_YY_04_PP.shp,小笠原諸島統計情報（ポリゴン）,A21_453,産業_事業所数_第3次_公務,
A21s,2012年度版,2012,A21s_YY_04_PP.shp,小笠原諸島統計情報（ポリゴン）,A21_454,産業_事業所数_第3次_小計,
A21s,2012年度版,2012,A21s_YY_04_PP.shp,小笠原諸島統計情報（ポリゴン）,A21_455,産業_事業所数_分類不能,
A21s,2012年度版,2012,A21s_YY_04_PP.shp,小笠原諸島統計情報（ポリゴン）,A21_456,産業_従業者数_総数,
A21s,2012年度版,2012,A21s_YY_04_PP.shp,小笠原諸島統計情報（ポリゴン）,A21_457,産業_従業者数_第1次_農業,
A21s,2012年度版,2012,A21s_YY_04_PP.shp,小笠原諸島統計情報（ポリゴン）,A21_458,産業_従業者数_第1次_林業,
A21s,2012年度版,2012,A21s_YY_04_PP.shp,小笠原諸島統計情報（ポリゴン）,A21_459,産業_従業者数_第1次_漁業,
A21s,2012年度版,2012,A21s_YY_04_PP.shp,小笠原諸島統計情報（ポリゴン）,A21_460,産業_従業者数_第1次_小計,
A21s,2012年度版,2012,A21s_YY_04_PP.shp,小笠原諸島統計情報（ポリゴン）,A21_461,産業_従業者数_第2次_鉱業,
A21s,2012年度版,2012,A21s_YY_04_PP.shp,小笠原諸島統計情報（ポリゴン）,A21_462,産業_従業者数_第2次_建設業,
A21s,2012年度版,2012,A21s_YY_04_PP.shp,小笠原諸島統計情報（ポリゴン）,A21_463,産業_従業者数_第2次_製造業,
A21s,2012年度版,2012,A21s_YY_04_PP.shp,小笠原諸島統計情報（ポリゴン）,A21_464,産業_従業者数_第2次_小計,
A21s,2012年度版,2012,A21s_YY_04_PP.shp,小笠原諸島統計情報（ポリゴン）,A21_465,産業_従業者数_第3次_電気・ガス・熱供給・水道業,
A21s,2012年度版,2012,A21s_YY_04_PP.shp,小笠原諸島統計情報（ポリゴン）,A21_466,産業_従業者数_第3次_運輸・通信業,
A21s,2012年度版,2012,A21s_YY_04_PP.shp,小笠原諸島統計情報（ポリゴン）,A21_467,産業_従業者数_第3次_卸売・小売業・飲食業,
A21s,2012年度版,2012,A21s_YY_04_PP.shp,小笠原諸島統計情報（ポリゴン）,A21_468,産業_従業者数_第3次_金融・保険業,
A21s,2012年度版,2012,A21s_YY_04_PP.shp,小笠原諸島統計情報（ポリゴン）,A21_469,産業_従業者数_第3次_不動産業,
A21s,2012年度版,2012,A21s_YY_04_PP.shp,小笠原諸島統計情報（ポリゴン）,A21_470,産業_従業者数_第3次_サービス業,
A21s,2012年度版,2012,A21s_YY_04_PP.shp,小笠原諸島統計情報（ポリゴン）,A21_471,産業_従業者数_第3次_公務,
A21s,2012年度版,2012,A21s_YY_04_PP.shp,小笠原諸島統計情報（ポリゴン）,A21_472,産業_従業者数_第3次_小計,
A21s,2012年度版,2012,A21s_YY_04_PP.shp,小笠原諸島統計情報（ポリゴン）,A21_473,産業_従業者数_分類不能,
A21s,2012年度版,2012,A21s_YY_04_PP.shp,小笠原諸島統計情報（ポリゴン）,A21_474,産業_農林業_総面積,
A21s,2012年度版,2012,A21s_YY_04_PP.shp,小笠原諸島統計情報（ポリゴン）,A21_475,産業_農林業_農振面積,
A21s,2012年度版,2012,A21s_YY_04_PP.shp,小笠原諸島統計情報（ポリゴン）,A21_476,産業_農林業_耕地面積_総数,
A21s,2012年度版,2012,A21s_YY_04_PP.shp,小笠原諸島統計情報（ポリゴン）,A21_477,産業_農林業_耕地面積_田,
A21s,2012年度版,2012,A21s_YY_04_PP.shp,小笠原諸島統計情報（ポリゴン）,A21_478,産業_農林業_耕地面積_畑,
A21s,2012年度版,2012,A21s_YY_04_PP.shp,小笠原諸島統計情報（ポリゴン）,A21_479,産業_農林業_耕地面積_樹園地,
A21s,2012年度版,2012,A21s_YY_04_PP.shp,小笠原諸島統計情報（ポリゴン）,A21_480,産業_農林業_耕地面積_牧草地,
A21s,2012年度版,2012,A21s_YY_04_PP.shp,小笠原諸島統計情報（ポリゴン）,A21_481,産業_農林業_耕地化率,
A21s,2012年度版,2012,A21s_YY_04_PP.shp,小笠原諸島統計情報（ポリゴン）,A21_482,産業_農林業_家畜飼育数_乳用牛,
A21s,2012年度版,2012,A21s_YY_04_PP.shp,小笠原諸島統計情報（ポリゴン）,A21_483,産業_農林業_家畜飼育数_肉用牛,
A21s,2012年度版,2012,A21s_YY_04_PP.shp,小笠原諸島統計情報（ポリゴン）,A21_484,産業_農林業_家畜飼育数_豚,
A21s,2012年度版,2012,A21s_YY_04_PP.shp,小笠原諸島統計情報（ポリゴン）,A21_485,産業_農林業_家畜飼育数_鶏,
A21s,2012年度版,2012,A21s_YY_04_PP.shp,小笠原諸島統計情報（ポリゴン）,A21_486,産業_農林業_農道延長,
A21s,2012年度版,2012,A21s_YY_04_PP.shp,小笠原諸島統計情報（ポリゴン）,A21_487,産業_農林業_林道延長,
A21s,2012年度版,2012,A21s_YY_04_PP.shp,小笠原諸島統計情報（ポリゴン）,A21_488,産業_農林業_林道延長_内国有林道,
A21s,2012年度版,2012,A21s_YY_04_PP.shp,小笠原諸島統計情報（ポリゴン）,A21_489,産業_農林業_森林面積_総数,
A21s,2012年度版,2012,A21s_YY_04_PP.shp,小笠原諸島統計情報（ポリゴン）,A21_490,産業_農林業_森林面積_総数_うち人工林,
A21s,2012年度版,2012,A21s_YY_04_PP.shp,小笠原諸島統計情報（ポリゴン）,A21_491,産業_農林業_森林面積_国有林,
A21s,2012年度版,2012,A21s_YY_04_PP.shp,小笠原諸島統計情報（ポリゴン）,A21_492,産業_農林業_森林面積_国有林_うち人工林,
A21s,2012年度版,2012,A21s_YY_04_PP.shp,小笠原諸島統計情報（ポリゴン）,A21_493,産業_農林業_森林面積_民有林,
A21s,2012年度版,2012,A21s_YY_04_PP.shp,小笠原諸島統計情報（ポリゴン）,A21_494,産業_農林業_森林面積_民有林_うち人工林,
A21s,2012年度版,2012,A21s_YY_04_PP.shp,小笠原諸島統計情報（ポリゴン）,A21_495,産業_農林業_森林蓄積量,
A21s,2012年度版,2012,A21s_YY_04_PP.shp,小笠原諸島統計情報（ポリゴン）,A21_496,産業_農林業_備考,
A21s,2012年度版,2012,A21s_YY_04_PP.shp,小笠原諸島統計情報（ポリゴン）,A21_497,産業_水産業現況_港湾_水揚高_属人水揚_計(水揚トン数),
A21s,2012年度版,2012,A21s_YY_04_PP.shp,小笠原諸島統計情報（ポリゴン）,A21_498,産業_水産業現況_港湾_水揚高_属人水揚_計(水揚金額),
A21s,2012年度版,2012,A21s_YY_04_PP.shp,小笠原諸島統計情報（ポリゴン）,A21_499,産業_水産業現況_港湾_水揚高_属人水揚_海面漁業(水揚トン数),
A21s,2012年度版,2012,A21s_YY_04_PP.shp,小笠原諸島統計情報（ポリゴン）,A21_500,産業_水産業現況_港湾_水揚高_属人水揚_海面漁業(水揚金額),
A21s,2012年度版,2012,A21s_YY_04_PP.shp,小笠原諸島統計情報（ポリゴン）,A21_501,産業_水産業現況_港湾_水揚高_属人水揚_海面養殖業(水揚トン数),
A21s,2012年度版,2012,A21s_YY_04_PP.shp,小笠原諸島統計情報（ポリゴン）,A21_502,産業_水産業現況_港湾_水揚高_属人水揚_海面養殖業(水揚金額),
A21s,2012年度版,2012,A21s_YY_04_PP.shp,小笠原諸島統計情報（ポリゴン）,A21_503,産業_水産業現況_港湾_水揚高_属地水揚_計(水揚トン数),
A21s,2012年度版,2012,A21s_YY_04_PP.shp,小笠原諸島統計情報（ポリゴン）,A21_504,産業_水産業現況_港湾_水揚高_属地水揚_計(水揚金額),
A21s,2012年度版,2012,A21s_YY_04_PP.shp,小笠原諸島統計情報（ポリゴン）,A21_505,産業_水産業現況_港湾_水揚高_属地水揚_海面漁業(水揚トン数),
A21s,2012年度版,2012,A21s_YY_04_PP.shp,小笠原諸島統計情報（ポリゴン）,A21_506,産業_水産業現況_港湾_水揚高_属地水揚_海面漁業(水揚金額),
A21s,2012年度版,2012,A21s_YY_04_PP.shp,小笠原諸島統計情報（ポリゴン）,A21_507,産業_水産業現況_港湾_水揚高_属地水揚_海面養殖業(水揚トン数),
A21s,2012年度版,2012,A21s_YY_04_PP.shp,小笠原諸島統計情報（ポリゴン）,A21_508,産業_水産業現況_港湾_水揚高_属地水揚_海面養殖業(水揚金額),
A21s,2012年度版,2012,A21s_YY_04_PP.shp,小笠原諸島統計情報（ポリゴン）,A21_509,産業_水産業現況_漁港_水揚高_属人水揚_計(水揚トン数),
A21s,2012年度版,2012,A21s_YY_04_PP.shp,小笠原諸島統計情報（ポリゴン）,A21_510,産業_水産業現況_漁港_水揚高_属人水揚_計(水揚金額),
A21s,2012年度版,2012,A21s_YY_04_PP.shp,小笠原諸島統計情報（ポリゴン）,A21_511,産業_水産業現況_漁港_水揚高_属人水揚_海面漁業(水揚トン数),
A21s,2012年度版,2012,A21s_YY_04_PP.shp,小笠原諸島統計情報（ポリゴン）,A21_512,産業_水産業現況_漁港_水揚高_属人水揚_海面漁業(水揚金額),
A21s,2012年度版,2012,A21s_YY_04_PP.shp,小笠原諸島統計情報（ポリゴン）,A21_513,産業_水産業現況_漁港_水揚高_属人水揚_海面養殖業(水揚トン数),
A21s,2012年度版,2012,A21s_YY_04_PP.shp,小笠原諸島統計情報（ポリゴン）,A21_514,産業_水産業現況_漁港_水揚高_属人水揚_海面養殖業(水揚金額),
A21s,2012年度版,2012,A21s_YY_04_PP.shp,小笠原諸島統計情報（ポリゴン）,A21_515,産業_水産業現況_漁港_水揚高_属地水揚_計(水揚トン数),
A21s,2012年度版,2012,A21s_YY_04_PP.shp,小笠原諸島統計情報（ポリゴン）,A21_516,産業_水産業現況_漁港_水揚高_属地水揚_計(水揚金額),
A21s,2012年度版,2012,A21s_YY_04_PP.shp,小笠原諸島統計情報（ポリゴン）,A21_517,産業_水産業現況_漁港_水揚高_属地水揚_海面漁業(水揚トン数),
A21s,2012年度版,2012,A21s_YY_04_PP.shp,小笠原諸島統計情報（ポリゴン）,A21_518,産業_水産業現況_漁港_水揚高_属地水揚_海面漁業(水揚金額),
A21s,2012年度版,2012,A21s_YY_04_PP.shp,小笠原諸島統計情報（ポリゴン）,A21_519,産業_水産業現況_漁港_水揚高_属地水揚_海面養殖業(水揚トン数),
A21s,2012年度版,2012,A21s_YY_04_PP.shp,小笠原諸島統計情報（ポリゴン）,A21_520,産業_水産業現況_漁港_水揚高_属地水揚_海面養殖業(水揚金額),
A21s,2012年度版,2012,A21s_YY_04_PP.shp,小笠原諸島統計情報（ポリゴン）,A21_521,産業_経営体_農家戸数_総数,
A21s,2012年度版,2012,A21s_YY_04_PP.shp,小笠原諸島統計情報（ポリゴン）,A21_522,産業_経営体_農家戸数_販売農業_専業,
A21s,2012年度版,2012,A21s_YY_04_PP.shp,小笠原諸島統計情報（ポリゴン）,A21_523,産業_経営体_農家戸数_販売農業_兼業_1種,
A21s,2012年度版,2012,A21s_YY_04_PP.shp,小笠原諸島統計情報（ポリゴン）,A21_524,産業_経営体_農家戸数_販売農業_兼業_2種,
A21s,2012年度版,2012,A21s_YY_04_PP.shp,小笠原諸島統計情報（ポリゴン）,A21_525,産業_経営体_農家戸数_自給的農家,
A21s,2012年度版,2012,A21s_YY_04_PP.shp,小笠原諸島統計情報（ポリゴン）,A21_526,産業_経営体_漁家戸数_総数,
A21s,2012年度版,2012,A21s_YY_04_PP.shp,小笠原諸島統計情報（ポリゴン）,A21_527,産業_経営体_漁家戸数_専業,
A21s,2012年度版,2012,A21s_YY_04_PP.shp,小笠原諸島統計情報（ポリゴン）,A21_528,産業_経営体_漁家戸数_兼業_1種,
A21s,2012年度版,2012,A21s_YY_04_PP.shp,小笠原諸島統計情報（ポリゴン）,A21_529,産業_経営体_漁家戸数_兼業_2種,
A21s,2012年度版,2012,A21s_YY_04_PP.shp,小笠原諸島統計情報（ポリゴン）,A21_530,産業_経営体_林家戸数_総数,
A21s,2012年度版,2012,A21s_YY_04_PP.shp,小笠原諸島統計情報（ポリゴン）,A21_531,産業_経営体_林家戸数_農家林家,
A21s,2012年度版,2012,A21s_YY_04_PP.shp,小笠原諸島統計情報（ポリゴン）,A21_532,産業_経営体_林家戸数_非農家林家,
A21s,2012年度版,2012,A21s_YY_04_PP.shp,小笠原諸島統計情報（ポリゴン）,A21_533,産業_経営体_組合数_農業協同組合_組合数（本部）,
A21s,2012年度版,2012,A21s_YY_04_PP.shp,小笠原諸島統計情報（ポリゴン）,A21_534,産業_経営体_組合数_農業協同組合_組合数（支部・支所）,
A21s,2012年度版,2012,A21s_YY_04_PP.shp,小笠原諸島統計情報（ポリゴン）,A21_535,産業_経営体_組合数_農業協同組合_組合員数,
A21s,2012年度版,2012,A21s_YY_04_PP.shp,小笠原諸島統計情報（ポリゴン）,A21_536,産業_経営体_組合数_漁業協同組合_組合数（本部）,
A21s,2012年度版,2012,A21s_YY_04_PP.shp,小笠原諸島統計情報（ポリゴン）,A21_537,産業_経営体_組合数_漁業協同組合_組合数（支部・支所）,
A21s,2012年度版,2012,A21s_YY_04_PP.shp,小笠原諸島統計情報（ポリゴン）,A21_538,産業_経営体_組合数_漁業協同組合_組合員数,
A21s,2012年度版,2012,A21s_YY_04_PP.shp,小笠原諸島統計情報（ポリゴン）,A21_539,産業_経営体_組合数_森林組合_組合数（本部）,
A21s,2012年度版,2012,A21s_YY_04_PP.shp,小笠原諸島統計情報（ポリゴン）,A21_540,産業_経営体_組合数_森林組合_組合数（支部・支所）,
A21s,2012年度版,2012,A21s_YY_04_PP.shp,小笠原諸島統計情報（ポリゴン）,A21_541,産業_経営体_組合数_森林組合_組合員数,
A21s,2012年度版,2012,A21s_YY_04_PP.shp,小笠原諸島統計情報（ポリゴン）,A21_542,産業_生産額_農業_耕種_米,
A21s,2012年度版,2012,A21s_YY_04_PP.shp,小笠原諸島統計情報（ポリゴン）,A21_543,産業_生産額_農業_耕種_麦,
A21s,2012年度版,2012,A21s_YY_04_PP.shp,小笠原諸島統計情報（ポリゴン）,A21_544,産業_生産額_農業_耕種_いも,
A21s,2012年度版,2012,A21s_YY_04_PP.shp,小笠原諸島統計情報（ポリゴン）,A21_545,産業_生産額_農業_耕種_豆･雑穀,
A21s,2012年度版,2012,A21s_YY_04_PP.shp,小笠原諸島統計情報（ポリゴン）,A21_546,産業_生産額_農業_耕種_野菜,
A21s,2012年度版,2012,A21s_YY_04_PP.shp,小笠原諸島統計情報（ポリゴン）,A21_547,産業_生産額_農業_耕種_果実,
A21s,2012年度版,2012,A21s_YY_04_PP.shp,小笠原諸島統計情報（ポリゴン）,A21_548,産業_生産額_農業_耕種_花卉,
A21s,2012年度版,2012,A21s_YY_04_PP.shp,小笠原諸島統計情報（ポリゴン）,A21_549,産業_生産額_農業_耕種_工芸作物,
A21s,2012年度版,2012,A21s_YY_04_PP.shp,小笠原諸島統計情報（ポリゴン）,A21_550,産業_生産額_農業_耕種_その他,
A21s,2012年度版,2012,A21s_YY_04_PP.shp,小笠原諸島統計情報（ポリゴン）,A21_551,産業_生産額_農業_耕種_小計,
A21s,2012年度版,2012,A21s_YY_04_PP.shp,小笠原諸島統計情報（ポリゴン）,A21_552,産業_生産額_農業_養蚕,
A21s,2012年度版,2012,A21s_YY_04_PP.shp,小笠原諸島統計情報（ポリゴン）,A21_553,産業_生産額_農業_畜産_牛肉,
A21s,2012年度版,2012,A21s_YY_04_PP.shp,小笠原諸島統計情報（ポリゴン）,A21_554,産業_生産額_農業_畜産_豚肉,
A21s,2012年度版,2012,A21s_YY_04_PP.shp,小笠原諸島統計情報（ポリゴン）,A21_555,産業_生産額_農業_畜産_牛乳,
A21s,2012年度版,2012,A21s_YY_04_PP.shp,小笠原諸島統計情報（ポリゴン）,A21_556,産業_生産額_農業_畜産_鶏卵,
A21s,2012年度版,2012,A21s_YY_04_PP.shp,小笠原諸島統計情報（ポリゴン）,A21_557,産業_生産額_農業_畜産_その他,
A21s,2012年度版,2012,A21s_YY_04_PP.shp,小笠原諸島統計情報（ポリゴン）,A21_558,産業_生産額_農業_畜産_小計,
A21s,2012年度版,2012,A21s_YY_04_PP.shp,小笠原諸島統計情報（ポリゴン）,A21_559,産業_生産額_農業_合計,
A21s,2012年度版,2012,A21s_YY_04_PP.shp,小笠原諸島統計情報（ポリゴン）,A21_560,産業_生産額_林業_木材_用材,
A21s,2012年度版,2012,A21s_YY_04_PP.shp,小笠原諸島統計情報（ポリゴン）,A21_561,産業_生産額_林業_木材_薪炭材,
A21s,2012年度版,2012,A21s_YY_04_PP.shp,小笠原諸島統計情報（ポリゴン）,A21_562,産業_生産額_林業_木炭,
A21s,2012年度版,2012,A21s_YY_04_PP.shp,小笠原諸島統計情報（ポリゴン）,A21_563,産業_生産額_林業_しいたけ,
A21s,2012年度版,2012,A21s_YY_04_PP.shp,小笠原諸島統計情報（ポリゴン）,A21_564,産業_生産額_林業_その他,
A21s,2012年度版,2012,A21s_YY_04_PP.shp,小笠原諸島統計情報（ポリゴン）,A21_565,産業_生産額_林業_合計,
A21s,2012年度版,2012,A21s_YY_04_PP.shp,小笠原諸島統計情報（ポリゴン）,A21_566,産業_生産額_水産業_魚類,
A21s,2012年度版,2012,A21s_YY_04_PP.shp,小笠原諸島統計情報（ポリゴン）,A21_567,産業_生産額_水産業_貝類,
A21s,2012年度版,2012,A21s_YY_04_PP.shp,小笠原諸島統計情報（ポリゴン）,A21_568,産業_生産額_水産業_水産動物,
A21s,2012年度版,2012,A21s_YY_04_PP.shp,小笠原諸島統計情報（ポリゴン）,A21_569,産業_生産額_水産業_海草類,
A21s,2012年度版,2012,A21s_YY_04_PP.shp,小笠原諸島統計情報（ポリゴン）,A21_570,産業_生産額_水産業_その他,
A21s,2012年度版,2012,A21s_YY_04_PP.shp,小笠原諸島統計情報（ポリゴン）,A21_571,産業_生産額_水産業_合計,
A21s,2012年度版,2012,A21s_YY_04_PP.shp,小笠原諸島統計情報（ポリゴン）,A21_572,産業_生産額_農林水産業総計,
A21s,2012年度版,2012,A21s_YY_04_PP.shp,小笠原諸島統計情報（ポリゴン）,A21_573,産業_生産額_備考,
A21s,2012年度版,2012,A21s_YY_04_PP.shp,小笠原諸島統計情報（ポリゴン）,A21_574,産業_観光客数_春,
A21s,2012年度版,2012,A21s_YY_04_PP.shp,小笠原諸島統計情報（ポリゴン）,A21_575,産業_観光客数_夏,
A21s,2012年度版,2012,A21s_YY_04_PP.shp,小笠原諸島統計情報（ポリゴン）,A21_576,産業_観光客数_秋,
A21s,2012年度版,2012,A21s_YY_04_PP.shp,小笠原諸島統計情報（ポリゴン）,A21_577,産業_観光客数_冬,
A21s,2012年度版,2012,A21s_YY_04_PP.shp,小笠原諸島統計情報（ポリゴン）,A21_578,産業_観光客数_計,
A21s,2012年度版,2012,A21s_YY_04_PP.shp,小笠原諸島統計情報（ポリゴン）,A21_579,産業_宿泊能力(最盛期)_旅館・ホテル_数,
A21s,2012年度版,2012,A21s_YY_04_PP.shp,小笠原諸島統計情報（ポリゴン）,A21_580,産業_宿泊能力(最盛期)_旅館・ホテル_収容能力,
A21s,2012年度版,2012,A21s_YY_04_PP.shp,小笠原諸島統計情報（ポリゴン）,A21_581,産業_宿泊能力(最盛期)_民宿_数,
A21s,2012年度版,2012,A21s_YY_04_PP.shp,小笠原諸島統計情報（ポリゴン）,A21_582,産業_宿泊能力(最盛期)_民宿_収容能力,
A21s,2012年度版,2012,A21s_YY_04_PP.shp,小笠原諸島統計情報（ポリゴン）,A21_583,産業_宿泊能力_年間宿泊者数,
A21s,2012年度版,2012,A21s_YY_04_PP.shp,小笠原諸島統計情報（ポリゴン）,A21_584,産業_自然公園面積_国立公園,
A21s,2012年度版,2012,A21s_YY_04_PP.shp,小笠原諸島統計情報（ポリゴン）,A21_585,産業_自然公園面積_国定公園,
A21s,2012年度版,2012,A21s_YY_04_PP.shp,小笠原諸島統計情報（ポリゴン）,A21_586,産業_自然公園面積_県立公園,
A21s,2012年度版,2012,A21s_YY_04_PP.shp,小笠原諸島統計情報（ポリゴン）,A21_587,産業_観光客数・宿泊能力・自然公園_備考,
A21s,2012年度版,2012,A21s_YY_04_PP.shp,小笠原諸島統計情報（ポリゴン）,A21_588,産業_港湾・航路現況_港湾_港湾利用状況_入港船舶_隻数,
A21s,2012年度版,2012,A21s_YY_04_PP.shp,小笠原諸島統計情報（ポリゴン）,A21_589,産業_港湾・航路現況_港湾_総屯数,
A21s,2012年度版,2012,A21s_YY_04_PP.shp,小笠原諸島統計情報（ポリゴン）,A21_590,産業_港湾・航路現況_港湾_乗降人員,
A21s,2012年度版,2012,A21s_YY_04_PP.shp,小笠原諸島統計情報（ポリゴン）,A21_591,産業_港湾・航路現況_港湾_海上出入貨物_出,
A21s,2012年度版,2012,A21s_YY_04_PP.shp,小笠原諸島統計情報（ポリゴン）,A21_592,産業_港湾・航路現況_港湾_海上出入貨物_入,
A21s,2012年度版,2012,A21s_YY_04_PP.shp,小笠原諸島統計情報（ポリゴン）,A21_593,産業_港湾・航路現況_港湾_海上出入貨物_計,
A21s,2012年度版,2012,A21s_YY_04_PP.shp,小笠原諸島統計情報（ポリゴン）,A21_594,産業_港湾・航路現況_漁港_港湾利用状況_入港船舶_隻数,
A21s,2012年度版,2012,A21s_YY_04_PP.shp,小笠原諸島統計情報（ポリゴン）,A21_595,産業_港湾・航路現況_漁港_総屯数,
A21s,2012年度版,2012,A21s_YY_04_PP.shp,小笠原諸島統計情報（ポリゴン）,A21_596,産業_港湾・航路現況_漁港_乗降人員,
A21s,2012年度版,2012,A21s_YY_04_PP.shp,小笠原諸島統計情報（ポリゴン）,A21_597,産業_港湾・航路現況_漁港_海上出入貨物_出,
A21s,2012年度版,2012,A21s_YY_04_PP.shp,小笠原諸島統計情報（ポリゴン）,A21_598,産業_港湾・航路現況_漁港_海上出入貨物_入,
A21s,2012年度版,2012,A21s_YY_04_PP.shp,小笠原諸島統計情報（ポリゴン）,A21_599,産業_港湾・航路現況_漁港_海上出入貨物_計,
A21s,2012年度版,2012,A21s_YY_04_PP.shp,小笠原諸島統計情報（ポリゴン）,A21_600,産業_空港・航空路現況_都道県名_空港名,
A21s,2012年度版,2012,A21s_YY_04_PP.shp,小笠原諸島統計情報（ポリゴン）,A21_601,産業_空港・航空路現況_運航実績_1日当たり運航回数_平常時,
A21s,2012年度版,2012,A21s_YY_04_PP.shp,小笠原諸島統計情報（ポリゴン）,A21_602,産業_空港・航空路現況_1日当たり運航回数_最盛期,
A21s,2012年度版,2012,A21s_YY_04_PP.shp,小笠原諸島統計情報（ポリゴン）,A21_603,産業_空港・航空路現況_年間乗降人員,
A22,2016年度版,2016,A22-YY_PP.shp,豪雪地帯（ポリゴン）,A22_001,豪雪地帯ID,
A22,2016年度版,2016,A22-YY_PP.shp,豪雪地帯（ポリゴン）,A22_002,行政区域コード,
A22,2016年度版,2016,A22-YY_PP.shp,豪雪地帯（ポリゴン）,A22_003,都道府県名,
A22,2016年度版,2016,A22-YY_PP.shp,豪雪地帯（ポリゴン）,A22_004,支庁・振興局名,
A22,2016年度版,2016,A22-YY_PP.shp,豪雪地帯（ポリゴン）,A22_005,郡・政令都市名,
A22,2016年度版,2016,A22-YY_PP.shp,豪雪地帯（ポリゴン）,A22_006,市区町村名,
A22,2016年度版,2016,A22-YY_PP.shp,豪雪地帯（ポリゴン）,A22_007,原典市区町村名,
A22,2016年度版,2016,A22-YY_PP.shp,豪雪地帯（ポリゴン）,A22_008,旧市町村名,
A22,2016年度版,2016,A22-YY_PP.shp,豪雪地帯（ポリゴン）,A22_009,豪雪区分コード,
A22-m,2015年度版,2015,A22-m-YY_MaxSnowDepth_PP.shp,豪雪地帯（気象データ）（ポイント）,A22_000001,観測点名,
A22-m,2015年度版,2015,A22-m-YY_MaxSnowDepth_PP.shp,豪雪地帯（気象データ）（ポイント）,A22_000002,観測点の所在地,
A22-m,2015年度版,2015,A22-m-YY_MaxSnowDepth_PP.shp,豪雪地帯（気象データ）（ポイント）,A22_000003,観測点の管理者,
A22-m,2015年度版,2015,A22-m-YY_MaxSnowDepth_PP.shp,豪雪地帯（気象データ）（ポイント）,A22_010001,各年度別最深積雪（平均値）,
A22-m,2015年度版,2015,A22-m-YY_MaxSnowDepth_PP.shp,豪雪地帯（気象データ）（ポイント）,A22_010002,各年度別最深積雪（最大値）,
A22-m,2015年度版,2015,A22-m-YY_MaxSnowDepth_PP.shp,豪雪地帯（気象データ）（ポイント）,A22_011872,各年度別最深積雪:1872年,
A22-m,2015年度版,2015,A22-m-YY_MaxSnowDepth_PP.shp,豪雪地帯（気象データ）（ポイント）,A22_011873,各年度別最深積雪:1873年,
A22-m,2015年度版,2015,A22-m-YY_MaxSnowDepth_PP.shp,豪雪地帯（気象データ）（ポイント）,A22_011874,各年度別最深積雪:1874年,
A22-m,2015年度版,2015,A22-m-YY_MaxSnowDepth_PP.shp,豪雪地帯（気象データ）（ポイント）,A22_011875,各年度別最深積雪:1875年,
A22-m,2015年度版,2015,A22-m-YY_MaxSnowDepth_PP.shp,豪雪地帯（気象データ）（ポイント）,A22_011876,各年度別最深積雪:1876年,
A22-m,2015年度版,2015,A22-m-YY_MaxSnowDepth_PP.shp,豪雪地帯（気象データ）（ポイント）,A22_011877,各年度別最深積雪:1877年,
A22-m,2015年度版,2015,A22-m-YY_MaxSnowDepth_PP.shp,豪雪地帯（気象データ）（ポイント）,A22_011878,各年度別最深積雪:1878年,
A22-m,2015年度版,2015,A22-m-YY_MaxSnowDepth_PP.shp,豪雪地帯（気象データ）（ポイント）,A22_011879,各年度別最深積雪:1879年,
A22-m,2015年度版,2015,A22-m-YY_MaxSnowDepth_PP.shp,豪雪地帯（気象データ）（ポイント）,A22_011880,各年度別最深積雪:1880年,
A22-m,2015年度版,2015,A22-m-YY_MaxSnowDepth_PP.shp,豪雪地帯（気象データ）（ポイント）,A22_011881,各年度別最深積雪:1881年,
A22-m,2015年度版,2015,A22-m-YY_MaxSnowDepth_PP.shp,豪雪地帯（気象データ）（ポイント）,A22_011882,各年度別最深積雪:1882年,
A22-m,2015年度版,2015,A22-m-YY_MaxSnowDepth_PP.shp,豪雪地帯（気象データ）（ポイント）,A22_011883,各年度別最深積雪:1883年,
A22-m,2015年度版,2015,A22-m-YY_MaxSnowDepth_PP.shp,豪雪地帯（気象データ）（ポイント）,A22_011884,各年度別最深積雪:1884年,
A22-m,2015年度版,2015,A22-m-YY_MaxSnowDepth_PP.shp,豪雪地帯（気象データ）（ポイント）,A22_011885,各年度別最深積雪:1885年,
A22-m,2015年度版,2015,A22-m-YY_MaxSnowDepth_PP.shp,豪雪地帯（気象データ）（ポイント）,A22_011886,各年度別最深積雪:1886年,
A22-m,2015年度版,2015,A22-m-YY_MaxSnowDepth_PP.shp,豪雪地帯（気象データ）（ポイント）,A22_011887,各年度別最深積雪:1887年,
A22-m,2015年度版,2015,A22-m-YY_MaxSnowDepth_PP.shp,豪雪地帯（気象データ）（ポイント）,A22_011888,各年度別最深積雪:1888年,
A22-m,2015年度版,2015,A22-m-YY_MaxSnowDepth_PP.shp,豪雪地帯（気象データ）（ポイント）,A22_011889,各年度別最深積雪:1889年,
A22-m,2015年度版,2015,A22-m-YY_MaxSnowDepth_PP.shp,豪雪地帯（気象データ）（ポイント）,A22_011890,各年度別最深積雪:1890年,
A22-m,2015年度版,2015,A22-m-YY_MaxSnowDepth_PP.shp,豪雪地帯（気象データ）（ポイント）,A22_011891,各年度別最深積雪:1891年,
A22-m,2015年度版,2015,A22-m-YY_MaxSnowDepth_PP.shp,豪雪地帯（気象データ）（ポイント）,A22_011892,各年度別最深積雪:1892年,
A22-m,2015年度版,2015,A22-m-YY_MaxSnowDepth_PP.shp,豪雪地帯（気象データ）（ポイント）,A22_011893,各年度別最深積雪:1893年,
A22-m,2015年度版,2015,A22-m-YY_MaxSnowDepth_PP.shp,豪雪地帯（気象データ）（ポイント）,A22_011894,各年度別最深積雪:1894年,
A22-m,2015年度版,2015,A22-m-YY_MaxSnowDepth_PP.shp,豪雪地帯（気象データ）（ポイント）,A22_011895,各年度別最深積雪:1895年,
A22-m,2015年度版,2015,A22-m-YY_MaxSnowDepth_PP.shp,豪雪地帯（気象データ）（ポイント）,A22_011896,各年度別最深積雪:1896年,
A22-m,2015年度版,2015,A22-m-YY_MaxSnowDepth_PP.shp,豪雪地帯（気象データ）（ポイント）,A22_011897,各年度別最深積雪:1897年,
A22-m,2015年度版,2015,A22-m-YY_MaxSnowDepth_PP.shp,豪雪地帯（気象データ）（ポイント）,A22_011898,各年度別最深積雪:1898年,
A22-m,2015年度版,2015,A22-m-YY_MaxSnowDepth_PP.shp,豪雪地帯（気象データ）（ポイント）,A22_011899,各年度別最深積雪:1899年,
A22-m,2015年度版,2015,A22-m-YY_MaxSnowDepth_PP.shp,豪雪地帯（気象データ）（ポイント）,A22_011900,各年度別最深積雪:1900年,
A22-m,2015年度版,2015,A22-m-YY_MaxSnowDepth_PP.shp,豪雪地帯（気象データ）（ポイント）,A22_011901,各年度別最深積雪:1901年,
A22-m,2015年度版,2015,A22-m-YY_MaxSnowDepth_PP.shp,豪雪地帯（気象データ）（ポイント）,A22_011902,各年度別最深積雪:1902年,
A22-m,2015年度版,2015,A22-m-YY_MaxSnowDepth_PP.shp,豪雪地帯（気象データ）（ポイント）,A22_011903,各年度別最深積雪:1903年,
A22-m,2015年度版,2015,A22-m-YY_MaxSnowDepth_PP.shp,豪雪地帯（気象データ）（ポイント）,A22_011904,各年度別最深積雪:1904年,
A22-m,2015年度版,2015,A22-m-YY_MaxSnowDepth_PP.shp,豪雪地帯（気象データ）（ポイント）,A22_011905,各年度別最深積雪:1905年,
A22-m,2015年度版,2015,A22-m-YY_MaxSnowDepth_PP.shp,豪雪地帯（気象データ）（ポイント）,A22_011906,各年度別最深積雪:1906年,
A22-m,2015年度版,2015,A22-m-YY_MaxSnowDepth_PP.shp,豪雪地帯（気象データ）（ポイント）,A22_011907,各年度別最深積雪:1907年,
A22-m,2015年度版,2015,A22-m-YY_MaxSnowDepth_PP.shp,豪雪地帯（気象データ）（ポイント）,A22_011908,各年度別最深積雪:1908年,
A22-m,2015年度版,2015,A22-m-YY_MaxSnowDepth_PP.shp,豪雪地帯（気象データ）（ポイント）,A22_011909,各年度別最深積雪:1909年,
A22-m,2015年度版,2015,A22-m-YY_MaxSnowDepth_PP.shp,豪雪地帯（気象データ）（ポイント）,A22_011910,各年度別最深積雪:1910年,
A22-m,2015年度版,2015,A22-m-YY_MaxSnowDepth_PP.shp,豪雪地帯（気象データ）（ポイント）,A22_011911,各年度別最深積雪:1911年,
A22-m,2015年度版,2015,A22-m-YY_MaxSnowDepth_PP.shp,豪雪地帯（気象データ）（ポイント）,A22_011912,各年度別最深積雪:1912年,
A22-m,2015年度版,2015,A22-m-YY_MaxSnowDepth_PP.shp,豪雪地帯（気象データ）（ポイント）,A22_011913,各年度別最深積雪:1913年,
A22-m,2015年度版,2015,A22-m-YY_MaxSnowDepth_PP.shp,豪雪地帯（気象データ）（ポイント）,A22_011914,各年度別最深積雪:1914年,
A22-m,2015年度版,2015,A22-m-YY_MaxSnowDepth_PP.shp,豪雪地帯（気象データ）（ポイント）,A22_011915,各年度別最深積雪:1915年,
A22-m,2015年度版,2015,A22-m-YY_MaxSnowDepth_PP.shp,豪雪地帯（気象データ）（ポイント）,A22_011916,各年度別最深積雪:1916年,
A22-m,2015年度版,2015,A22-m-YY_MaxSnowDepth_PP.shp,豪雪地帯（気象データ）（ポイント）,A22_011917,各年度別最深積雪:1917年,
A22-m,2015年度版,2015,A22-m-YY_MaxSnowDepth_PP.shp,豪雪地帯（気象データ）（ポイント）,A22_011918,各年度別最深積雪:1918年,
A22-m,2015年度版,2015,A22-m-YY_MaxSnowDepth_PP.shp,豪雪地帯（気象データ）（ポイント）,A22_011919,各年度別最深積雪:1919年,
A22-m,2015年度版,2015,A22-m-YY_MaxSnowDepth_PP.shp,豪雪地帯（気象データ）（ポイント）,A22_011920,各年度別最深積雪:1920年,
A22-m,2015年度版,2015,A22-m-YY_MaxSnowDepth_PP.shp,豪雪地帯（気象データ）（ポイント）,A22_011921,各年度別最深積雪:1921年,
A22-m,2015年度版,2015,A22-m-YY_MaxSnowDepth_PP.shp,豪雪地帯（気象データ）（ポイント）,A22_011922,各年度別最深積雪:1922年,
A22-m,2015年度版,2015,A22-m-YY_MaxSnowDepth_PP.shp,豪雪地帯（気象データ）（ポイント）,A22_011923,各年度別最深積雪:1923年,
A22-m,2015年度版,2015,A22-m-YY_MaxSnowDepth_PP.shp,豪雪地帯（気象データ）（ポイント）,A22_011924,各年度別最深積雪:1924年,
A22-m,2015年度版,2015,A22-m-YY_MaxSnowDepth_PP.shp,豪雪地帯（気象データ）（ポイント）,A22_011925,各年度別最深積雪:1925年,
A22-m,2015年度版,2015,A22-m-YY_MaxSnowDepth_PP.shp,豪雪地帯（気象データ）（ポイント）,A22_011926,各年度別最深積雪:1926年,
A22-m,2015年度版,2015,A22-m-YY_MaxSnowDepth_PP.shp,豪雪地帯（気象データ）（ポイント）,A22_011927,各年度別最深積雪:1927年,
A22-m,2015年度版,2015,A22-m-YY_MaxSnowDepth_PP.shp,豪雪地帯（気象データ）（ポイント）,A22_011928,各年度別最深積雪:1928年,
A22-m,2015年度版,2015,A22-m-YY_MaxSnowDepth_PP.shp,豪雪地帯（気象データ）（ポイント）,A22_011929,各年度別最深積雪:1929年,
A22-m,2015年度版,2015,A22-m-YY_MaxSnowDepth_PP.shp,豪雪地帯（気象データ）（ポイント）,A22_011930,各年度別最深積雪:1930年,
A22-m,2015年度版,2015,A22-m-YY_MaxSnowDepth_PP.shp,豪雪地帯（気象データ）（ポイント）,A22_011931,各年度別最深積雪:1931年,
A22-m,2015年度版,2015,A22-m-YY_MaxSnowDepth_PP.shp,豪雪地帯（気象データ）（ポイント）,A22_011932,各年度別最深積雪:1932年,
A22-m,2015年度版,2015,A22-m-YY_MaxSnowDepth_PP.shp,豪雪地帯（気象データ）（ポイント）,A22_011933,各年度別最深積雪:1933年,
A22-m,2015年度版,2015,A22-m-YY_MaxSnowDepth_PP.shp,豪雪地帯（気象データ）（ポイント）,A22_011934,各年度別最深積雪:1934年,
A22-m,2015年度版,2015,A22-m-YY_MaxSnowDepth_PP.shp,豪雪地帯（気象データ）（ポイント）,A22_011935,各年度別最深積雪:1935年,
A22-m,2015年度版,2015,A22-m-YY_MaxSnowDepth_PP.shp,豪雪地帯（気象データ）（ポイント）,A22_011936,各年度別最深積雪:1936年,
A22-m,2015年度版,2015,A22-m-YY_MaxSnowDepth_PP.shp,豪雪地帯（気象データ）（ポイント）,A22_011937,各年度別最深積雪:1937年,
A22-m,2015年度版,2015,A22-m-YY_MaxSnowDepth_PP.shp,豪雪地帯（気象データ）（ポイント）,A22_011938,各年度別最深積雪:1938年,
A22-m,2015年度版,2015,A22-m-YY_MaxSnowDepth_PP.shp,豪雪地帯（気象データ）（ポイント）,A22_011939,各年度別最深積雪:1939年,
A22-m,2015年度版,2015,A22-m-YY_MaxSnowDepth_PP.shp,豪雪地帯（気象データ）（ポイント）,A22_011940,各年度別最深積雪:1940年,
A22-m,2015年度版,2015,A22-m-YY_MaxSnowDepth_PP.shp,豪雪地帯（気象データ）（ポイント）,A22_011941,各年度別最深積雪:1941年,
A22-m,2015年度版,2015,A22-m-YY_MaxSnowDepth_PP.shp,豪雪地帯（気象データ）（ポイント）,A22_011942,各年度別最深積雪:1942年,
A22-m,2015年度版,2015,A22-m-YY_MaxSnowDepth_PP.shp,豪雪地帯（気象データ）（ポイント）,A22_011943,各年度別最深積雪:1943年,
A22-m,2015年度版,2015,A22-m-YY_MaxSnowDepth_PP.shp,豪雪地帯（気象データ）（ポイント）,A22_011944,各年度別最深積雪:1944年,
A22-m,2015年度版,2015,A22-m-YY_MaxSnowDepth_PP.shp,豪雪地帯（気象データ）（ポイント）,A22_011945,各年度別最深積雪:1945年,
A22-m,2015年度版,2015,A22-m-YY_MaxSnowDepth_PP.shp,豪雪地帯（気象データ）（ポイント）,A22_011946,各年度別最深積雪:1946年,
A22-m,2015年度版,2015,A22-m-YY_MaxSnowDepth_PP.shp,豪雪地帯（気象データ）（ポイント）,A22_011947,各年度別最深積雪:1947年,
A22-m,2015年度版,2015,A22-m-YY_MaxSnowDepth_PP.shp,豪雪地帯（気象データ）（ポイント）,A22_011948,各年度別最深積雪:1948年,
A22-m,2015年度版,2015,A22-m-YY_MaxSnowDepth_PP.shp,豪雪地帯（気象データ）（ポイント）,A22_011949,各年度別最深積雪:1949年,
A22-m,2015年度版,2015,A22-m-YY_MaxSnowDepth_PP.shp,豪雪地帯（気象データ）（ポイント）,A22_011950,各年度別最深積雪:1950年,
A22-m,2015年度版,2015,A22-m-YY_MaxSnowDepth_PP.shp,豪雪地帯（気象データ）（ポイント）,A22_011951,各年度別最深積雪:1951年,
A22-m,2015年度版,2015,A22-m-YY_MaxSnowDepth_PP.shp,豪雪地帯（気象データ）（ポイント）,A22_011952,各年度別最深積雪:1952年,
A22-m,2015年度版,2015,A22-m-YY_MaxSnowDepth_PP.shp,豪雪地帯（気象データ）（ポイント）,A22_011953,各年度別最深積雪:1953年,
A22-m,2015年度版,2015,A22-m-YY_MaxSnowDepth_PP.shp,豪雪地帯（気象データ）（ポイント）,A22_011954,各年度別最深積雪:1954年,
A22-m,2015年度版,2015,A22-m-YY_MaxSnowDepth_PP.shp,豪雪地帯（気象データ）（ポイント）,A22_011955,各年度別最深積雪:1955年,
A22-m,2015年度版,2015,A22-m-YY_MaxSnowDepth_PP.shp,豪雪地帯（気象データ）（ポイント）,A22_011956,各年度別最深積雪:1956年,
A22-m,2015年度版,2015,A22-m-YY_MaxSnowDepth_PP.shp,豪雪地帯（気象データ）（ポイント）,A22_011957,各年度別最深積雪:1957年,
A22-m,2015年度版,2015,A22-m-YY_MaxSnowDepth_PP.shp,豪雪地帯（気象データ）（ポイント）,A22_011958,各年度別最深積雪:1958年,
A22-m,2015年度版,2015,A22-m-YY_MaxSnowDepth_PP.shp,豪雪地帯（気象データ）（ポイント）,A22_011959,各年度別最深積雪:1959年,
A22-m,2015年度版,2015,A22-m-YY_MaxSnowDepth_PP.shp,豪雪地帯（気象データ）（ポイント）,A22_011960,各年度別最深積雪:1960年,
A22-m,2015年度版,2015,A22-m-YY_MaxSnowDepth_PP.shp,豪雪地帯（気象データ）（ポイント）,A22_011961,各年度別最深積雪:1961年,
A22-m,2015年度版,2015,A22-m-YY_MaxSnowDepth_PP.shp,豪雪地帯（気象データ）（ポイント）,A22_011962,各年度別最深積雪:1962年,
A22-m,2015年度版,2015,A22-m-YY_MaxSnowDepth_PP.shp,豪雪地帯（気象データ）（ポイント）,A22_011963,各年度別最深積雪:1963年,
A22-m,2015年度版,2015,A22-m-YY_MaxSnowDepth_PP.shp,豪雪地帯（気象データ）（ポイント）,A22_011964,各年度別最深積雪:1964年,
A22-m,2015年度版,2015,A22-m-YY_MaxSnowDepth_PP.shp,豪雪地帯（気象データ）（ポイント）,A22_011965,各年度別最深積雪:1965年,
A22-m,2015年度版,2015,A22-m-YY_MaxSnowDepth_PP.shp,豪雪地帯（気象データ）（ポイント）,A22_011966,各年度別最深積雪:1966年,
A22-m,2015年度版,2015,A22-m-YY_MaxSnowDepth_PP.shp,豪雪地帯（気象データ）（ポイント）,A22_011967,各年度別最深積雪:1967年,
A22-m,2015年度版,2015,A22-m-YY_MaxSnowDepth_PP.shp,豪雪地帯（気象データ）（ポイント）,A22_011968,各年度別最深積雪:1968年,
A22-m,2015年度版,2015,A22-m-YY_MaxSnowDepth_PP.shp,豪雪地帯（気象データ）（ポイント）,A22_011969,各年度別最深積雪:1969年,
A22-m,2015年度版,2015,A22-m-YY_MaxSnowDepth_PP.shp,豪雪地帯（気象データ）（ポイント）,A22_011970,各年度別最深積雪:1970年,
A22-m,2015年度版,2015,A22-m-YY_MaxSnowDepth_PP.shp,豪雪地帯（気象データ）（ポイント）,A22_011971,各年度別最深積雪:1971年,
A22-m,2015年度版,2015,A22-m-YY_MaxSnowDepth_PP.shp,豪雪地帯（気象データ）（ポイント）,A22_011972,各年度別最深積雪:1972年,
A22-m,2015年度版,2015,A22-m-YY_MaxSnowDepth_PP.shp,豪雪地帯（気象データ）（ポイント）,A22_011973,各年度別最深積雪:1973年,
A22-m,2015年度版,2015,A22-m-YY_MaxSnowDepth_PP.shp,豪雪地帯（気象データ）（ポイント）,A22_011974,各年度別最深積雪:1974年,
A22-m,2015年度版,2015,A22-m-YY_MaxSnowDepth_PP.shp,豪雪地帯（気象データ）（ポイント）,A22_011975,各年度別最深積雪:1975年,
A22-m,2015年度版,2015,A22-m-YY_MaxSnowDepth_PP.shp,豪雪地帯（気象データ）（ポイント）,A22_011976,各年度別最深積雪:1976年,
A22-m,2015年度版,2015,A22-m-YY_MaxSnowDepth_PP.shp,豪雪地帯（気象データ）（ポイント）,A22_011977,各年度別最深積雪:1977年,
A22-m,2015年度版,2015,A22-m-YY_MaxSnowDepth_PP.shp,豪雪地帯（気象データ）（ポイント）,A22_011978,各年度別最深積雪:1978年,
A22-m,2015年度版,2015,A22-m-YY_MaxSnowDepth_PP.shp,豪雪地帯（気象データ）（ポイント）,A22_011979,各年度別最深積雪:1979年,
A22-m,2015年度版,2015,A22-m-YY_MaxSnowDepth_PP.shp,豪雪地帯（気象データ）（ポイント）,A22_011980,各年度別最深積雪:1980年,
A22-m,2015年度版,2015,A22-m-YY_MaxSnowDepth_PP.shp,豪雪地帯（気象データ）（ポイント）,A22_011981,各年度別最深積雪:1981年,
A22-m,2015年度版,2015,A22-m-YY_MaxSnowDepth_PP.shp,豪雪地帯（気象データ）（ポイント）,A22_011982,各年度別最深積雪:1982年,
A22-m,2015年度版,2015,A22-m-YY_MaxSnowDepth_PP.shp,豪雪地帯（気象データ）（ポイント）,A22_011983,各年度別最深積雪:1983年,
A22-m,2015年度版,2015,A22-m-YY_MaxSnowDepth_PP.shp,豪雪地帯（気象データ）（ポイント）,A22_011984,各年度別最深積雪:1984年,
A22-m,2015年度版,2015,A22-m-YY_MaxSnowDepth_PP.shp,豪雪地帯（気象データ）（ポイント）,A22_011985,各年度別最深積雪:1985年,
A22-m,2015年度版,2015,A22-m-YY_MaxSnowDepth_PP.shp,豪雪地帯（気象データ）（ポイント）,A22_011986,各年度別最深積雪:1986年,
A22-m,2015年度版,2015,A22-m-YY_MaxSnowDepth_PP.shp,豪雪地帯（気象データ）（ポイント）,A22_011987,各年度別最深積雪:1987年,
A22-m,2015年度版,2015,A22-m-YY_MaxSnowDepth_PP.shp,豪雪地帯（気象データ）（ポイント）,A22_011988,各年度別最深積雪:1988年,
A22-m,2015年度版,2015,A22-m-YY_MaxSnowDepth_PP.shp,豪雪地帯（気象データ）（ポイント）,A22_011989,各年度別最深積雪:1989年,
A22-m,2015年度版,2015,A22-m-YY_MaxSnowDepth_PP.shp,豪雪地帯（気象データ）（ポイント）,A22_011990,各年度別最深積雪:1990年,
A22-m,2015年度版,2015,A22-m-YY_MaxSnowDepth_PP.shp,豪雪地帯（気象データ）（ポイント）,A22_011991,各年度別最深積雪:1991年,
A22-m,2015年度版,2015,A22-m-YY_MaxSnowDepth_PP.shp,豪雪地帯（気象データ）（ポイント）,A22_011992,各年度別最深積雪:1992年,
A22-m,2015年度版,2015,A22-m-YY_MaxSnowDepth_PP.shp,豪雪地帯（気象データ）（ポイント）,A22_011993,各年度別最深積雪:1993年,
A22-m,2015年度版,2015,A22-m-YY_MaxSnowDepth_PP.shp,豪雪地帯（気象データ）（ポイント）,A22_011994,各年度別最深積雪:1994年,
A22-m,2015年度版,2015,A22-m-YY_MaxSnowDepth_PP.shp,豪雪地帯（気象データ）（ポイント）,A22_011995,各年度別最深積雪:1995年,
A22-m,2015年度版,2015,A22-m-YY_MaxSnowDepth_PP.shp,豪雪地帯（気象データ）（ポイント）,A22_011996,各年度別最深積雪:1996年,
A22-m,2015年度版,2015,A22-m-YY_MaxSnowDepth_PP.shp,豪雪地帯（気象データ）（ポイント）,A22_011997,各年度別最深積雪:1997年,
A22-m,2015年度版,2015,A22-m-YY_MaxSnowDepth_PP.shp,豪雪地帯（気象データ）（ポイント）,A22_011998,各年度別最深積雪:1998年,
A22-m,2015年度版,2015,A22-m-YY_MaxSnowDepth_PP.shp,豪雪地帯（気象データ）（ポイント）,A22_011999,各年度別最深積雪:1999年,
A22-m,2015年度版,2015,A22-m-YY_MaxSnowDepth_PP.shp,豪雪地帯（気象データ）（ポイント）,A22_012000,各年度別最深積雪:2000年,
A22-m,2015年度版,2015,A22-m-YY_MaxSnowDepth_PP.shp,豪雪地帯（気象データ）（ポイント）,A22_012001,各年度別最深積雪:2001年,
A22-m,2015年度版,2015,A22-m-YY_MaxSnowDepth_PP.shp,豪雪地帯（気象データ）（ポイント）,A22_012002,各年度別最深積雪:2002年,
A22-m,2015年度版,2015,A22-m-YY_MaxSnowDepth_PP.shp,豪雪地帯（気象データ）（ポイント）,A22_012003,各年度別最深積雪:2003年,
A22-m,2015年度版,2015,A22-m-YY_MaxSnowDepth_PP.shp,豪雪地帯（気象データ）（ポイント）,A22_012004,各年度別最深積雪:2004年,
A22-m,2015年度版,2015,A22-m-YY_MaxSnowDepth_PP.shp,豪雪地帯（気象データ）（ポイント）,A22_012005,各年度別最深積雪:2005年,
A22-m,2015年度版,2015,A22-m-YY_MaxSnowDepth_PP.shp,豪雪地帯（気象データ）（ポイント）,A22_012006,各年度別最深積雪:2006年,
A22-m,2015年度版,2015,A22-m-YY_MaxSnowDepth_PP.shp,豪雪地帯（気象データ）（ポイント）,A22_012007,各年度別最深積雪:2007年,
A22-m,2015年度版,2015,A22-m-YY_MaxSnowDepth_PP.shp,豪雪地帯（気象データ）（ポイント）,A22_012008,各年度別最深積雪:2008年,
A22-m,2015年度版,2015,A22-m-YY_MaxSnowDepth_PP.shp,豪雪地帯（気象データ）（ポイント）,A22_012009,各年度別最深積雪:2009年,
A22-m,2015年度版,2015,A22-m-YY_MaxSnowDepth_PP.shp,豪雪地帯（気象データ）（ポイント）,A22_012010,各年度別最深積雪:2010年,
A22-m,2015年度版,2015,A22-m-YY_MaxSnowDepth_PP.shp,豪雪地帯（気象データ）（ポイント）,A22_012011,各年度別最深積雪:2011年,
A22-m,2015年度版,2015,A22-m-YY_MaxSnowDepth_PP.shp,豪雪地帯（気象データ）（ポイント）,A22_012012,各年度別最深積雪:2012年,
A22-m,2015年度版,2015,A22-m-YY_MaxSnowDepth_PP.shp,豪雪地帯（気象データ）（ポイント）,A22_012013,各年度別最深積雪:2013年,
A22-m,2015年度版,2015,A22-m-YY_MaxSnowDepth_PP.shp,豪雪地帯（気象データ）（ポイント）,A22_050001,位置特定レベル,
A22-m,2015年度版,2015,A22-m-YY_TotalSnowfall_PP.shp,豪雪地帯（気象データ）（ポイント）,A22_000001,観測点名,
A22-m,2015年度版,2015,A22-m-YY_TotalSnowfall_PP.shp,豪雪地帯（気象データ）（ポイント）,A22_000002,観測点の所在地,
A22-m,2015年度版,2015,A22-m-YY_TotalSnowfall_PP.shp,豪雪地帯（気象データ）（ポイント）,A22_000003,観測点の管理者,
A22-m,2015年度版,2015,A22-m-YY_TotalSnowfall_PP.shp,豪雪地帯（気象データ）（ポイント）,A22_020001,各年度別累計降雪量（平均値）,
A22-m,2015年度版,2015,A22-m-YY_TotalSnowfall_PP.shp,豪雪地帯（気象データ）（ポイント）,A22_020002,各年度別累計降雪量（最大値）,
A22-m,2015年度版,2015,A22-m-YY_TotalSnowfall_PP.shp,豪雪地帯（気象データ）（ポイント）,A22_021872,各年度別累計降雪量:1872年,
A22-m,2015年度版,2015,A22-m-YY_TotalSnowfall_PP.shp,豪雪地帯（気象データ）（ポイント）,A22_021873,各年度別累計降雪量:1873年,
A22-m,2015年度版,2015,A22-m-YY_TotalSnowfall_PP.shp,豪雪地帯（気象データ）（ポイント）,A22_021874,各年度別累計降雪量:1874年,
A22-m,2015年度版,2015,A22-m-YY_TotalSnowfall_PP.shp,豪雪地帯（気象データ）（ポイント）,A22_021875,各年度別累計降雪量:1875年,
A22-m,2015年度版,2015,A22-m-YY_TotalSnowfall_PP.shp,豪雪地帯（気象データ）（ポイント）,A22_021876,各年度別累計降雪量:1876年,
A22-m,2015年度版,2015,A22-m-YY_TotalSnowfall_PP.shp,豪雪地帯（気象データ）（ポイント）,A22_021877,各年度別累計降雪量:1877年,
A22-m,2015年度版,2015,A22-m-YY_TotalSnowfall_PP.shp,豪雪地帯（気象データ）（ポイント）,A22_021878,各年度別累計降雪量:1878年,
A22-m,2015年度版,2015,A22-m-YY_TotalSnowfall_PP.shp,豪雪地帯（気象データ）（ポイント）,A22_021879,各年度別累計降雪量:1879年,
A22-m,2015年度版,2015,A22-m-YY_TotalSnowfall_PP.shp,豪雪地帯（気象データ）（ポイント）,A22_021880,各年度別累計降雪量:1880年,
A22-m,2015年度版,2015,A22-m-YY_TotalSnowfall_PP.shp,豪雪地帯（気象データ）（ポイント）,A22_021881,各年度別累計降雪量:1881年,
A22-m,2015年度版,2015,A22-m-YY_TotalSnowfall_PP.shp,豪雪地帯（気象データ）（ポイント）,A22_021882,各年度別累計降雪量:1882年,
A22-m,2015年度版,2015,A22-m-YY_TotalSnowfall_PP.shp,豪雪地帯（気象データ）（ポイント）,A22_021883,各年度別累計降雪量:1883年,
A22-m,2015年度版,2015,A22-m-YY_TotalSnowfall_PP.shp,豪雪地帯（気象データ）（ポイント）,A22_021884,各年度別累計降雪量:1884年,
A22-m,2015年度版,2015,A22-m-YY_TotalSnowfall_PP.shp,豪雪地帯（気象データ）（ポイント）,A22_021885,各年度別累計降雪量:1885年,
A22-m,2015年度版,2015,A22-m-YY_TotalSnowfall_PP.shp,豪雪地帯（気象データ）（ポイント）,A22_021886,各年度別累計降雪量:1886年,
A22-m,2015年度版,2015,A22-m-YY_TotalSnowfall_PP.shp,豪雪地帯（気象データ）（ポイント）,A22_021887,各年度別累計降雪量:1887年,
A22-m,2015年度版,2015,A22-m-YY_TotalSnowfall_PP.shp,豪雪地帯（気象データ）（ポイント）,A22_021888,各年度別累計降雪量:1888年,
A22-m,2015年度版,2015,A22-m-YY_TotalSnowfall_PP.shp,豪雪地帯（気象データ）（ポイント）,A22_021889,各年度別累計降雪量:1889年,
A22-m,2015年度版,2015,A22-m-YY_TotalSnowfall_PP.shp,豪雪地帯（気象データ）（ポイント）,A22_021890,各年度別累計降雪量:1890年,
A22-m,2015年度版,2015,A22-m-YY_TotalSnowfall_PP.shp,豪雪地帯（気象データ）（ポイント）,A22_021891,各年度別累計降雪量:1891年,
A22-m,2015年度版,2015,A22-m-YY_TotalSnowfall_PP.shp,豪雪地帯（気象データ）（ポイント）,A22_021892,各年度別累計降雪量:1892年,
A22-m,2015年度版,2015,A22-m-YY_TotalSnowfall_PP.shp,豪雪地帯（気象データ）（ポイント）,A22_021893,各年度別累計降雪量:1893年,
A22-m,2015年度版,2015,A22-m-YY_TotalSnowfall_PP.shp,豪雪地帯（気象データ）（ポイント）,A22_021894,各年度別累計降雪量:1894年,
A22-m,2015年度版,2015,A22-m-YY_TotalSnowfall_PP.shp,豪雪地帯（気象データ）（ポイント）,A22_021895,各年度別累計降雪量:1895年,
A22-m,2015年度版,2015,A22-m-YY_TotalSnowfall_PP.shp,豪雪地帯（気象データ）（ポイント）,A22_021896,各年度別累計降雪量:1896年,
A22-m,2015年度版,2015,A22-m-YY_TotalSnowfall_PP.shp,豪雪地帯（気象データ）（ポイント）,A22_021897,各年度別累計降雪量:1897年,
A22-m,2015年度版,2015,A22-m-YY_TotalSnowfall_PP.shp,豪雪地帯（気象データ）（ポイント）,A22_021898,各年度別累計降雪量:1898年,
A22-m,2015年度版,2015,A22-m-YY_TotalSnowfall_PP.shp,豪雪地帯（気象データ）（ポイント）,A22_021899,各年度別累計降雪量:1899年,
A22-m,2015年度版,2015,A22-m-YY_TotalSnowfall_PP.shp,豪雪地帯（気象データ）（ポイント）,A22_021900,各年度別累計降雪量:1900年,
A22-m,2015年度版,2015,A22-m-YY_TotalSnowfall_PP.shp,豪雪地帯（気象データ）（ポイント）,A22_021901,各年度別累計降雪量:1901年,
A22-m,2015年度版,2015,A22-m-YY_TotalSnowfall_PP.shp,豪雪地帯（気象データ）（ポイント）,A22_021902,各年度別累計降雪量:1902年,
A22-m,2015年度版,2015,A22-m-YY_TotalSnowfall_PP.shp,豪雪地帯（気象データ）（ポイント）,A22_021903,各年度別累計降雪量:1903年,
A22-m,2015年度版,2015,A22-m-YY_TotalSnowfall_PP.shp,豪雪地帯（気象データ）（ポイント）,A22_021904,各年度別累計降雪量:1904年,
A22-m,2015年度版,2015,A22-m-YY_TotalSnowfall_PP.shp,豪雪地帯（気象データ）（ポイント）,A22_021905,各年度別累計降雪量:1905年,
A22-m,2015年度版,2015,A22-m-YY_TotalSnowfall_PP.shp,豪雪地帯（気象データ）（ポイント）,A22_021906,各年度別累計降雪量:1906年,
A22-m,2015年度版,2015,A22-m-YY_TotalSnowfall_PP.shp,豪雪地帯（気象データ）（ポイント）,A22_021907,各年度別累計降雪量:1907年,
A22-m,2015年度版,2015,A22-m-YY_TotalSnowfall_PP.shp,豪雪地帯（気象データ）（ポイント）,A22_021908,各年度別累計降雪量:1908年,
A22-m,2015年度版,2015,A22-m-YY_TotalSnowfall_PP.shp,豪雪地帯（気象データ）（ポイント）,A22_021909,各年度別累計降雪量:1909年,
A22-m,2015年度版,2015,A22-m-YY_TotalSnowfall_PP.shp,豪雪地帯（気象データ）（ポイント）,A22_021910,各年度別累計降雪量:1910年,
A22-m,2015年度版,2015,A22-m-YY_TotalSnowfall_PP.shp,豪雪地帯（気象データ）（ポイント）,A22_021911,各年度別累計降雪量:1911年,
A22-m,2015年度版,2015,A22-m-YY_TotalSnowfall_PP.shp,豪雪地帯（気象データ）（ポイント）,A22_021912,各年度別累計降雪量:1912年,
A22-m,2015年度版,2015,A22-m-YY_TotalSnowfall_PP.shp,豪雪地帯（気象データ）（ポイント）,A22_021913,各年度別累計降雪量:1913年,
A22-m,2015年度版,2015,A22-m-YY_TotalSnowfall_PP.shp,豪雪地帯（気象データ）（ポイント）,A22_021914,各年度別累計降雪量:1914年,
A22-m,2015年度版,2015,A22-m-YY_TotalSnowfall_PP.shp,豪雪地帯（気象データ）（ポイント）,A22_021915,各年度別累計降雪量:1915年,
A22-m,2015年度版,2015,A22-m-YY_TotalSnowfall_PP.shp,豪雪地帯（気象データ）（ポイント）,A22_021916,各年度別累計降雪量:1916年,
A22-m,2015年度版,2015,A22-m-YY_TotalSnowfall_PP.shp,豪雪地帯（気象データ）（ポイント）,A22_021917,各年度別累計降雪量:1917年,
A22-m,2015年度版,2015,A22-m-YY_TotalSnowfall_PP.shp,豪雪地帯（気象データ）（ポイント）,A22_021918,各年度別累計降雪量:1918年,
A22-m,2015年度版,2015,A22-m-YY_TotalSnowfall_PP.shp,豪雪地帯（気象データ）（ポイント）,A22_021919,各年度別累計降雪量:1919年,
A22-m,2015年度版,2015,A22-m-YY_TotalSnowfall_PP.shp,豪雪地帯（気象データ）（ポイント）,A22_021920,各年度別累計降雪量:1920年,
A22-m,2015年度版,2015,A22-m-YY_TotalSnowfall_PP.shp,豪雪地帯（気象データ）（ポイント）,A22_021921,各年度別累計降雪量:1921年,
A22-m,2015年度版,2015,A22-m-YY_TotalSnowfall_PP.shp,豪雪地帯（気象データ）（ポイント）,A22_021922,各年度別累計降雪量:1922年,
A22-m,2015年度版,2015,A22-m-YY_TotalSnowfall_PP.shp,豪雪地帯（気象データ）（ポイント）,A22_021923,各年度別累計降雪量:1923年,
A22-m,2015年度版,2015,A22-m-YY_TotalSnowfall_PP.shp,豪雪地帯（気象データ）（ポイント）,A22_021924,各年度別累計降雪量:1924年,
A22-m,2015年度版,2015,A22-m-YY_TotalSnowfall_PP.shp,豪雪地帯（気象データ）（ポイント）,A22_021925,各年度別累計降雪量:1925年,
A22-m,2015年度版,2015,A22-m-YY_TotalSnowfall_PP.shp,豪雪地帯（気象データ）（ポイント）,A22_021926,各年度別累計降雪量:1926年,
A22-m,2015年度版,2015,A22-m-YY_TotalSnowfall_PP.shp,豪雪地帯（気象データ）（ポイント）,A22_021927,各年度別累計降雪量:1927年,
A22-m,2015年度版,2015,A22-m-YY_TotalSnowfall_PP.shp,豪雪地帯（気象データ）（ポイント）,A22_021928,各年度別累計降雪量:1928年,
A22-m,2015年度版,2015,A22-m-YY_TotalSnowfall_PP.shp,豪雪地帯（気象データ）（ポイント）,A22_021929,各年度別累計降雪量:1929年,
A22-m,2015年度版,2015,A22-m-YY_TotalSnowfall_PP.shp,豪雪地帯（気象データ）（ポイント）,A22_021930,各年度別累計降雪量:1930年,
A22-m,2015年度版,2015,A22-m-YY_TotalSnowfall_PP.shp,豪雪地帯（気象データ）（ポイント）,A22_021931,各年度別累計降雪量:1931年,
A22-m,2015年度版,2015,A22-m-YY_TotalSnowfall_PP.shp,豪雪地帯（気象データ）（ポイント）,A22_021932,各年度別累計降雪量:1932年,
A22-m,2015年度版,2015,A22-m-YY_TotalSnowfall_PP.shp,豪雪地帯（気象データ）（ポイント）,A22_021933,各年度別累計降雪量:1933年,
A22-m,2015年度版,2015,A22-m-YY_TotalSnowfall_PP.shp,豪雪地帯（気象データ）（ポイント）,A22_021934,各年度別累計降雪量:1934年,
A22-m,2015年度版,2015,A22-m-YY_TotalSnowfall_PP.shp,豪雪地帯（気象データ）（ポイント）,A22_021935,各年度別累計降雪量:1935年,
A22-m,2015年度版,2015,A22-m-YY_TotalSnowfall_PP.shp,豪雪地帯（気象データ）（ポイント）,A22_021936,各年度別累計降雪量:1936年,
A22-m,2015年度版,2015,A22-m-YY_TotalSnowfall_PP.shp,豪雪地帯（気象データ）（ポイント）,A22_021937,各年度別累計降雪量:1937年,
A22-m,2015年度版,2015,A22-m-YY_TotalSnowfall_PP.shp,豪雪地帯（気象データ）（ポイント）,A22_021938,各年度別累計降雪量:1938年,
A22-m,2015年度版,2015,A22-m-YY_TotalSnowfall_PP.shp,豪雪地帯（気象データ）（ポイント）,A22_021939,各年度別累計降雪量:1939年,
A22-m,2015年度版,2015,A22-m-YY_TotalSnowfall_PP.shp,豪雪地帯（気象データ）（ポイント）,A22_021940,各年度別累計降雪量:1940年,
A22-m,2015年度版,2015,A22-m-YY_TotalSnowfall_PP.shp,豪雪地帯（気象データ）（ポイント）,A22_021941,各年度別累計降雪量:1941年,
A22-m,2015年度版,2015,A22-m-YY_TotalSnowfall_PP.shp,豪雪地帯（気象データ）（ポイント）,A22_021942,各年度別累計降雪量:1942年,
A22-m,2015年度版,2015,A22-m-YY_TotalSnowfall_PP.shp,豪雪地帯（気象データ）（ポイント）,A22_021943,各年度別累計降雪量:1943年,
A22-m,2015年度版,2015,A22-m-YY_TotalSnowfall_PP.shp,豪雪地帯（気象データ）（ポイント）,A22_021944,各年度別累計降雪量:1944年,
A22-m,2015年度版,2015,A22-m-YY_TotalSnowfall_PP.shp,豪雪地帯（気象データ）（ポイント）,A22_021945,各年度別累計降雪量:1945年,
A22-m,2015年度版,2015,A22-m-YY_TotalSnowfall_PP.shp,豪雪地帯（気象データ）（ポイント）,A22_021946,各年度別累計降雪量:1946年,
A22-m,2015年度版,2015,A22-m-YY_TotalSnowfall_PP.shp,豪雪地帯（気象データ）（ポイント）,A22_021947,各年度別累計降雪量:1947年,
A22-m,2015年度版,2015,A22-m-YY_TotalSnowfall_PP.shp,豪雪地帯（気象データ）（ポイント）,A22_021948,各年度別累計降雪量:1948年,
A22-m,2015年度版,2015,A22-m-YY_TotalSnowfall_PP.shp,豪雪地帯（気象データ）（ポイント）,A22_021949,各年度別累計降雪量:1949年,
A22-m,2015年度版,2015,A22-m-YY_TotalSnowfall_PP.shp,豪雪地帯（気象データ）（ポイント）,A22_021950,各年度別累計降雪量:1950年,
A22-m,2015年度版,2015,A22-m-YY_TotalSnowfall_PP.shp,豪雪地帯（気象データ）（ポイント）,A22_021951,各年度別累計降雪量:1951年,
A22-m,2015年度版,2015,A22-m-YY_TotalSnowfall_PP.shp,豪雪地帯（気象データ）（ポイント）,A22_021952,各年度別累計降雪量:1952年,
A22-m,2015年度版,2015,A22-m-YY_TotalSnowfall_PP.shp,豪雪地帯（気象データ）（ポイント）,A22_021953,各年度別累計降雪量:1953年,
A22-m,2015年度版,2015,A22-m-YY_TotalSnowfall_PP.shp,豪雪地帯（気象データ）（ポイント）,A22_021954,各年度別累計降雪量:1954年,
A22-m,2015年度版,2015,A22-m-YY_TotalSnowfall_PP.shp,豪雪地帯（気象データ）（ポイント）,A22_021955,各年度別累計降雪量:1955年,
A22-m,2015年度版,2015,A22-m-YY_TotalSnowfall_PP.shp,豪雪地帯（気象データ）（ポイント）,A22_021956,各年度別累計降雪量:1956年,
A22-m,2015年度版,2015,A22-m-YY_TotalSnowfall_PP.shp,豪雪地帯（気象データ）（ポイント）,A22_021957,各年度別累計降雪量:1957年,
A22-m,2015年度版,2015,A22-m-YY_TotalSnowfall_PP.shp,豪雪地帯（気象データ）（ポイント）,A22_021958,各年度別累計降雪量:1958年,
A22-m,2015年度版,2015,A22-m-YY_TotalSnowfall_PP.shp,豪雪地帯（気象データ）（ポイント）,A22_021959,各年度別累計降雪量:1959年,
A22-m,2015年度版,2015,A22-m-YY_TotalSnowfall_PP.shp,豪雪地帯（気象データ）（ポイント）,A22_021960,各年度別累計降雪量:1960年,
A22-m,2015年度版,2015,A22-m-YY_TotalSnowfall_PP.shp,豪雪地帯（気象データ）（ポイント）,A22_021961,各年度別累計降雪量:1961年,
A22-m,2015年度版,2015,A22-m-YY_TotalSnowfall_PP.shp,豪雪地帯（気象データ）（ポイント）,A22_021962,各年度別累計降雪量:1962年,
A22-m,2015年度版,2015,A22-m-YY_TotalSnowfall_PP.shp,豪雪地帯（気象データ）（ポイント）,A22_021963,各年度別累計降雪量:1963年,
A22-m,2015年度版,2015,A22-m-YY_TotalSnowfall_PP.shp,豪雪地帯（気象データ）（ポイント）,A22_021964,各年度別累計降雪量:1964年,
A22-m,2015年度版,2015,A22-m-YY_TotalSnowfall_PP.shp,豪雪地帯（気象データ）（ポイント）,A22_021965,各年度別累計降雪量:1965年,
A22-m,2015年度版,2015,A22-m-YY_TotalSnowfall_PP.shp,豪雪地帯（気象データ）（ポイント）,A22_021966,各年度別累計降雪量:1966年,
A22-m,2015年度版,2015,A22-m-YY_TotalSnowfall_PP.shp,豪雪地帯（気象データ）（ポイント）,A22_021967,各年度別累計降雪量:1967年,
A22-m,2015年度版,2015,A22-m-YY_TotalSnowfall_PP.shp,豪雪地帯（気象データ）（ポイント）,A22_021968,各年度別累計降雪量:1968年,
A22-m,2015年度版,2015,A22-m-YY_TotalSnowfall_PP.shp,豪雪地帯（気象データ）（ポイント）,A22_021969,各年度別累計降雪量:1969年,
A22-m,2015年度版,2015,A22-m-YY_TotalSnowfall_PP.shp,豪雪地帯（気象データ）（ポイント）,A22_021970,各年度別累計降雪量:1970年,
A22-m,2015年度版,2015,A22-m-YY_TotalSnowfall_PP.shp,豪雪地帯（気象データ）（ポイント）,A22_021971,各年度別累計降雪量:1971年,
A22-m,2015年度版,2015,A22-m-YY_TotalSnowfall_PP.shp,豪雪地帯（気象データ）（ポイント）,A22_021972,各年度別累計降雪量:1972年,
A22-m,2015年度版,2015,A22-m-YY_TotalSnowfall_PP.shp,豪雪地帯（気象データ）（ポイント）,A22_021973,各年度別累計降雪量:1973年,
A22-m,2015年度版,2015,A22-m-YY_TotalSnowfall_PP.shp,豪雪地帯（気象データ）（ポイント）,A22_021974,各年度別累計降雪量:1974年,
A22-m,2015年度版,2015,A22-m-YY_TotalSnowfall_PP.shp,豪雪地帯（気象データ）（ポイント）,A22_021975,各年度別累計降雪量:1975年,
A22-m,2015年度版,2015,A22-m-YY_TotalSnowfall_PP.shp,豪雪地帯（気象データ）（ポイント）,A22_021976,各年度別累計降雪量:1976年,
A22-m,2015年度版,2015,A22-m-YY_TotalSnowfall_PP.shp,豪雪地帯（気象データ）（ポイント）,A22_021977,各年度別累計降雪量:1977年,
A22-m,2015年度版,2015,A22-m-YY_TotalSnowfall_PP.shp,豪雪地帯（気象データ）（ポイント）,A22_021978,各年度別累計降雪量:1978年,
A22-m,2015年度版,2015,A22-m-YY_TotalSnowfall_PP.shp,豪雪地帯（気象データ）（ポイント）,A22_021979,各年度別累計降雪量:1979年,
A22-m,2015年度版,2015,A22-m-YY_TotalSnowfall_PP.shp,豪雪地帯（気象データ）（ポイント）,A22_021980,各年度別累計降雪量:1980年,
A22-m,2015年度版,2015,A22-m-YY_TotalSnowfall_PP.shp,豪雪地帯（気象データ）（ポイント）,A22_021981,各年度別累計降雪量:1981年,
A22-m,2015年度版,2015,A22-m-YY_TotalSnowfall_PP.shp,豪雪地帯（気象データ）（ポイント）,A22_021982,各年度別累計降雪量:1982年,
A22-m,2015年度版,2015,A22-m-YY_TotalSnowfall_PP.shp,豪雪地帯（気象データ）（ポイント）,A22_021983,各年度別累計降雪量:1983年,
A22-m,2015年度版,2015,A22-m-YY_TotalSnowfall_PP.shp,豪雪地帯（気象データ）（ポイント）,A22_021984,各年度別累計降雪量:1984年,
A22-m,2015年度版,2015,A22-m-YY_TotalSnowfall_PP.shp,豪雪地帯（気象データ）（ポイント）,A22_021985,各年度別累計降雪量:1985年,
A22-m,2015年度版,2015,A22-m-YY_TotalSnowfall_PP.shp,豪雪地帯（気象データ）（ポイント）,A22_021986,各年度別累計降雪量:1986年,
A22-m,2015年度版,2015,A22-m-YY_TotalSnowfall_PP.shp,豪雪地帯（気象データ）（ポイント）,A22_021987,各年度別累計降雪量:1987年,
A22-m,2015年度版,2015,A22-m-YY_TotalSnowfall_PP.shp,豪雪地帯（気象データ）（ポイント）,A22_021988,各年度別累計降雪量:1988年,
A22-m,2015年度版,2015,A22-m-YY_TotalSnowfall_PP.shp,豪雪地帯（気象データ）（ポイント）,A22_021989,各年度別累計降雪量:1989年,
A22-m,2015年度版,2015,A22-m-YY_TotalSnowfall_PP.shp,豪雪地帯（気象データ）（ポイント）,A22_021990,各年度別累計降雪量:1990年,
A22-m,2015年度版,2015,A22-m-YY_TotalSnowfall_PP.shp,豪雪地帯（気象データ）（ポイント）,A22_021991,各年度別累計降雪量:1991年,
A22-m,2015年度版,2015,A22-m-YY_TotalSnowfall_PP.shp,豪雪地帯（気象データ）（ポイント）,A22_021992,各年度別累計降雪量:1992年,
A22-m,2015年度版,2015,A22-m-YY_TotalSnowfall_PP.shp,豪雪地帯（気象データ）（ポイント）,A22_021993,各年度別累計降雪量:1993年,
A22-m,2015年度版,2015,A22-m-YY_TotalSnowfall_PP.shp,豪雪地帯（気象データ）（ポイント）,A22_021994,各年度別累計降雪量:1994年,
A22-m,2015年度版,2015,A22-m-YY_TotalSnowfall_PP.shp,豪雪地帯（気象データ）（ポイント）,A22_021995,各年度別累計降雪量:1995年,
A22-m,2015年度版,2015,A22-m-YY_TotalSnowfall_PP.shp,豪雪地帯（気象データ）（ポイント）,A22_021996,各年度別累計降雪量:1996年,
A22-m,2015年度版,2015,A22-m-YY_TotalSnowfall_PP.shp,豪雪地帯（気象データ）（ポイント）,A22_021997,各年度別累計降雪量:1997年,
A22-m,2015年度版,2015,A22-m-YY_TotalSnowfall_PP.shp,豪雪地帯（気象データ）（ポイント）,A22_021998,各年度別累計降雪量:1998年,
A22-m,2015年度版,2015,A22-m-YY_TotalSnowfall_PP.shp,豪雪地帯（気象データ）（ポイント）,A22_021999,各年度別累計降雪量:1999年,
A22-m,2015年度版,2015,A22-m-YY_TotalSnowfall_PP.shp,豪雪地帯（気象データ）（ポイント）,A22_022000,各年度別累計降雪量:2000年,
A22-m,2015年度版,2015,A22-m-YY_TotalSnowfall_PP.shp,豪雪地帯（気象データ）（ポイント）,A22_022001,各年度別累計降雪量:2001年,
A22-m,2015年度版,2015,A22-m-YY_TotalSnowfall_PP.shp,豪雪地帯（気象データ）（ポイント）,A22_022002,各年度別累計降雪量:2002年,
A22-m,2015年度版,2015,A22-m-YY_TotalSnowfall_PP.shp,豪雪地帯（気象データ）（ポイント）,A22_022003,各年度別累計降雪量:2003年,
A22-m,2015年度版,2015,A22-m-YY_TotalSnowfall_PP.shp,豪雪地帯（気象データ）（ポイント）,A22_022004,各年度別累計降雪量:2004年,
A22-m,2015年度版,2015,A22-m-YY_TotalSnowfall_PP.shp,豪雪地帯（気象データ）（ポイント）,A22_022005,各年度別累計降雪量:2005年,
A22-m,2015年度版,2015,A22-m-YY_TotalSnowfall_PP.shp,豪雪地帯（気象データ）（ポイント）,A22_022006,各年度別累計降雪量:2006年,
A22-m,2015年度版,2015,A22-m-YY_TotalSnowfall_PP.shp,豪雪地帯（気象データ）（ポイント）,A22_022007,各年度別累計降雪量:2007年,
A22-m,2015年度版,2015,A22-m-YY_TotalSnowfall_PP.shp,豪雪地帯（気象データ）（ポイント）,A22_022008,各年度別累計降雪量:2008年,
A22-m,2015年度版,2015,A22-m-YY_TotalSnowfall_PP.shp,豪雪地帯（気象データ）（ポイント）,A22_022009,各年度別累計降雪量:2009年,
A22-m,2015年度版,2015,A22-m-YY_TotalSnowfall_PP.shp,豪雪地帯（気象データ）（ポイント）,A22_022010,各年度別累計降雪量:2010年,
A22-m,2015年度版,2015,A22-m-YY_TotalSnowfall_PP.shp,豪雪地帯（気象データ）（ポイント）,A22_022011,各年度別累計降雪量:2011年,
A22-m,2015年度版,2015,A22-m-YY_TotalSnowfall_PP.shp,豪雪地帯（気象データ）（ポイント）,A22_022012,各年度別累計降雪量:2012年,
A22-m,2015年度版,2015,A22-m-YY_TotalSnowfall_PP.shp,豪雪地帯（気象データ）（ポイント）,A22_022013,各年度別累計降雪量:2013年,
A22-m,2015年度版,2015,A22-m-YY_TotalSnowfall_PP.shp,豪雪地帯（気象データ）（ポイント）,A22_050001,位置特定レベル,
A22-m,2015年度版,2015,A22-m-YY_MinTemperature_pp.shp,豪雪地帯（気象データ）（ポイント）,A22_000001,観測点名,
A22-m,2015年度版,2015,A22-m-YY_MinTemperature_pp.shp,豪雪地帯（気象データ）（ポイント）,A22_000002,観測点の所在地,
A22-m,2015年度版,2015,A22-m-YY_MinTemperature_pp.shp,豪雪地帯（気象データ）（ポイント）,A22_000003,観測点の管理者,
A22-m,2015年度版,2015,A22-m-YY_MinTemperature_pp.shp,豪雪地帯（気象データ）（ポイント）,A22_030001,各年度別最低気温（平均値）,
A22-m,2015年度版,2015,A22-m-YY_MinTemperature_pp.shp,豪雪地帯（気象データ）（ポイント）,A22_030002,各年度別最低気温（最低値）,
A22-m,2015年度版,2015,A22-m-YY_MinTemperature_pp.shp,豪雪地帯（気象データ）（ポイント）,A22_031872,各年度別最低気温:1872年,
A22-m,2015年度版,2015,A22-m-YY_MinTemperature_pp.shp,豪雪地帯（気象データ）（ポイント）,A22_031873,各年度別最低気温:1873年,
A22-m,2015年度版,2015,A22-m-YY_MinTemperature_pp.shp,豪雪地帯（気象データ）（ポイント）,A22_031874,各年度別最低気温:1874年,
A22-m,2015年度版,2015,A22-m-YY_MinTemperature_pp.shp,豪雪地帯（気象データ）（ポイント）,A22_031875,各年度別最低気温:1875年,
A22-m,2015年度版,2015,A22-m-YY_MinTemperature_pp.shp,豪雪地帯（気象データ）（ポイント）,A22_031876,各年度別最低気温:1876年,
A22-m,2015年度版,2015,A22-m-YY_MinTemperature_pp.shp,豪雪地帯（気象データ）（ポイント）,A22_031877,各年度別最低気温:1877年,
A22-m,2015年度版,2015,A22-m-YY_MinTemperature_pp.shp,豪雪地帯（気象データ）（ポイント）,A22_031878,各年度別最低気温:1878年,
A22-m,2015年度版,2015,A22-m-YY_MinTemperature_pp.shp,豪雪地帯（気象データ）（ポイント）,A22_031879,各年度別最低気温:1879年,
A22-m,2015年度版,2015,A22-m-YY_MinTemperature_pp.shp,豪雪地帯（気象データ）（ポイント）,A22_031880,各年度別最低気温:1880年,
A22-m,2015年度版,2015,A22-m-YY_MinTemperature_pp.shp,豪雪地帯（気象データ）（ポイント）,A22_031881,各年度別最低気温:1881年,
A22-m,2015年度版,2015,A22-m-YY_MinTemperature_pp.shp,豪雪地帯（気象データ）（ポイント）,A22_031882,各年度別最低気温:1882年,
A22-m,2015年度版,2015,A22-m-YY_MinTemperature_pp.shp,豪雪地帯（気象データ）（ポイント）,A22_031883,各年度別最低気温:1883年,
A22-m,2015年度版,2015,A22-m-YY_MinTemperature_pp.shp,豪雪地帯（気象データ）（ポイント）,A22_031884,各年度別最低気温:1884年,
A22-m,2015年度版,2015,A22-m-YY_MinTemperature_pp.shp,豪雪地帯（気象データ）（ポイント）,A22_031885,各年度別最低気温:1885年,
A22-m,2015年度版,2015,A22-m-YY_MinTemperature_pp.shp,豪雪地帯（気象データ）（ポイント）,A22_031886,各年度別最低気温:1886年,
A22-m,2015年度版,2015,A22-m-YY_MinTemperature_pp.shp,豪雪地帯（気象データ）（ポイント）,A22_031887,各年度別最低気温:1887年,
A22-m,2015年度版,2015,A22-m-YY_MinTemperature_pp.shp,豪雪地帯（気象データ）（ポイント）,A22_031888,各年度別最低気温:1888年,
A22-m,2015年度版,2015,A22-m-YY_MinTemperature_pp.shp,豪雪地帯（気象データ）（ポイント）,A22_031889,各年度別最低気温:1889年,
A22-m,2015年度版,2015,A22-m-YY_MinTemperature_pp.shp,豪雪地帯（気象データ）（ポイント）,A22_031890,各年度別最低気温:1890年,
A22-m,2015年度版,2015,A22-m-YY_MinTemperature_pp.shp,豪雪地帯（気象データ）（ポイント）,A22_031891,各年度別最低気温:1891年,
A22-m,2015年度版,2015,A22-m-YY_MinTemperature_pp.shp,豪雪地帯（気象データ）（ポイント）,A22_031892,各年度別最低気温:1892年,
A22-m,2015年度版,2015,A22-m-YY_MinTemperature_pp.shp,豪雪地帯（気象データ）（ポイント）,A22_031893,各年度別最低気温:1893年,
A22-m,2015年度版,2015,A22-m-YY_MinTemperature_pp.shp,豪雪地帯（気象データ）（ポイント）,A22_031894,各年度別最低気温:1894年,
A22-m,2015年度版,2015,A22-m-YY_MinTemperature_pp.shp,豪雪地帯（気象データ）（ポイント）,A22_031895,各年度別最低気温:1895年,
A22-m,2015年度版,2015,A22-m-YY_MinTemperature_pp.shp,豪雪地帯（気象データ）（ポイント）,A22_031896,各年度別最低気温:1896年,
A22-m,2015年度版,2015,A22-m-YY_MinTemperature_pp.shp,豪雪地帯（気象データ）（ポイント）,A22_031897,各年度別最低気温:1897年,
A22-m,2015年度版,2015,A22-m-YY_MinTemperature_pp.shp,豪雪地帯（気象データ）（ポイント）,A22_031898,各年度別最低気温:1898年,
A22-m,2015年度版,2015,A22-m-YY_MinTemperature_pp.shp,豪雪地帯（気象データ）（ポイント）,A22_031899,各年度別最低気温:1899年,
A22-m,2015年度版,2015,A22-m-YY_MinTemperature_pp.shp,豪雪地帯（気象データ）（ポイント）,A22_031900,各年度別最低気温:1900年,
A22-m,2015年度版,2015,A22-m-YY_MinTemperature_pp.shp,豪雪地帯（気象データ）（ポイント）,A22_031901,各年度別最低気温:1901年,
A22-m,2015年度版,2015,A22-m-YY_MinTemperature_pp.shp,豪雪地帯（気象データ）（ポイント）,A22_031902,各年度別最低気温:1902年,
A22-m,2015年度版,2015,A22-m-YY_MinTemperature_pp.shp,豪雪地帯（気象データ）（ポイント）,A22_031903,各年度別最低気温:1903年,
A22-m,2015年度版,2015,A22-m-YY_MinTemperature_pp.shp,豪雪地帯（気象データ）（ポイント）,A22_031904,各年度別最低気温:1904年,
A22-m,2015年度版,2015,A22-m-YY_MinTemperature_pp.shp,豪雪地帯（気象データ）（ポイント）,A22_031905,各年度別最低気温:1905年,
A22-m,2015年度版,2015,A22-m-YY_MinTemperature_pp.shp,豪雪地帯（気象データ）（ポイント）,A22_031906,各年度別最低気温:1906年,
A22-m,2015年度版,2015,A22-m-YY_MinTemperature_pp.shp,豪雪地帯（気象データ）（ポイント）,A22_031907,各年度別最低気温:1907年,
A22-m,2015年度版,2015,A22-m-YY_MinTemperature_pp.shp,豪雪地帯（気象データ）（ポイント）,A22_031908,各年度別最低気温:1908年,
A22-m,2015年度版,2015,A22-m-YY_MinTemperature_pp.shp,豪雪地帯（気象データ）（ポイント）,A22_031909,各年度別最低気温:1909年,
A22-m,2015年度版,2015,A22-m-YY_MinTemperature_pp.shp,豪雪地帯（気象データ）（ポイント）,A22_031910,各年度別最低気温:1910年,
A22-m,2015年度版,2015,A22-m-YY_MinTemperature_pp.shp,豪雪地帯（気象データ）（ポイント）,A22_031911,各年度別最低気温:1911年,
A22-m,2015年度版,2015,A22-m-YY_MinTemperature_pp.shp,豪雪地帯（気象データ）（ポイント）,A22_031912,各年度別最低気温:1912年,
A22-m,2015年度版,2015,A22-m-YY_MinTemperature_pp.shp,豪雪地帯（気象データ）（ポイント）,A22_031913,各年度別最低気温:1913年,
A22-m,2015年度版,2015,A22-m-YY_MinTemperature_pp.shp,豪雪地帯（気象データ）（ポイント）,A22_031914,各年度別最低気温:1914年,
A22-m,2015年度版,2015,A22-m-YY_MinTemperature_pp.shp,豪雪地帯（気象データ）（ポイント）,A22_031915,各年度別最低気温:1915年,
A22-m,2015年度版,2015,A22-m-YY_MinTemperature_pp.shp,豪雪地帯（気象データ）（ポイント）,A22_031916,各年度別最低気温:1916年,
A22-m,2015年度版,2015,A22-m-YY_MinTemperature_pp.shp,豪雪地帯（気象データ）（ポイント）,A22_031917,各年度別最低気温:1917年,
A22-m,2015年度版,2015,A22-m-YY_MinTemperature_pp.shp,豪雪地帯（気象データ）（ポイント）,A22_031918,各年度別最低気温:1918年,
A22-m,2015年度版,2015,A22-m-YY_MinTemperature_pp.shp,豪雪地帯（気象データ）（ポイント）,A22_031919,各年度別最低気温:1919年,
A22-m,2015年度版,2015,A22-m-YY_MinTemperature_pp.shp,豪雪地帯（気象データ）（ポイント）,A22_031920,各年度別最低気温:1920年,
A22-m,2015年度版,2015,A22-m-YY_MinTemperature_pp.shp,豪雪地帯（気象データ）（ポイント）,A22_031921,各年度別最低気温:1921年,
A22-m,2015年度版,2015,A22-m-YY_MinTemperature_pp.shp,豪雪地帯（気象データ）（ポイント）,A22_031922,各年度別最低気温:1922年,
A22-m,2015年度版,2015,A22-m-YY_MinTemperature_pp.shp,豪雪地帯（気象データ）（ポイント）,A22_031923,各年度別最低気温:1923年,
A22-m,2015年度版,2015,A22-m-YY_MinTemperature_pp.shp,豪雪地帯（気象データ）（ポイント）,A22_031924,各年度別最低気温:1924年,
A22-m,2015年度版,2015,A22-m-YY_MinTemperature_pp.shp,豪雪地帯（気象データ）（ポイント）,A22_031925,各年度別最低気温:1925年,
A22-m,2015年度版,2015,A22-m-YY_MinTemperature_pp.shp,豪雪地帯（気象データ）（ポイント）,A22_031926,各年度別最低気温:1926年,
A22-m,2015年度版,2015,A22-m-YY_MinTemperature_pp.shp,豪雪地帯（気象データ）（ポイント）,A22_031927,各年度別最低気温:1927年,
A22-m,2015年度版,2015,A22-m-YY_MinTemperature_pp.shp,豪雪地帯（気象データ）（ポイント）,A22_031928,各年度別最低気温:1928年,
A22-m,2015年度版,2015,A22-m-YY_MinTemperature_pp.shp,豪雪地帯（気象データ）（ポイント）,A22_031929,各年度別最低気温:1929年,
A22-m,2015年度版,2015,A22-m-YY_MinTemperature_pp.shp,豪雪地帯（気象データ）（ポイント）,A22_031930,各年度別最低気温:1930年,
A22-m,2015年度版,2015,A22-m-YY_MinTemperature_pp.shp,豪雪地帯（気象データ）（ポイント）,A22_031931,各年度別最低気温:1931年,
A22-m,2015年度版,2015,A22-m-YY_MinTemperature_pp.shp,豪雪地帯（気象データ）（ポイント）,A22_031932,各年度別最低気温:1932年,
A22-m,2015年度版,2015,A22-m-YY_MinTemperature_pp.shp,豪雪地帯（気象データ）（ポイント）,A22_031933,各年度別最低気温:1933年,
A22-m,2015年度版,2015,A22-m-YY_MinTemperature_pp.shp,豪雪地帯（気象データ）（ポイント）,A22_031934,各年度別最低気温:1934年,
A22-m,2015年度版,2015,A22-m-YY_MinTemperature_pp.shp,豪雪地帯（気象データ）（ポイント）,A22_031935,各年度別最低気温:1935年,
A22-m,2015年度版,2015,A22-m-YY_MinTemperature_pp.shp,豪雪地帯（気象データ）（ポイント）,A22_031936,各年度別最低気温:1936年,
A22-m,2015年度版,2015,A22-m-YY_MinTemperature_pp.shp,豪雪地帯（気象データ）（ポイント）,A22_031937,各年度別最低気温:1937年,
A22-m,2015年度版,2015,A22-m-YY_MinTemperature_pp.shp,豪雪地帯（気象データ）（ポイント）,A22_031938,各年度別最低気温:1938年,
A22-m,2015年度版,2015,A22-m-YY_MinTemperature_pp.shp,豪雪地帯（気象データ）（ポイント）,A22_031939,各年度別最低気温:1939年,
A22-m,2015年度版,2015,A22-m-YY_MinTemperature_pp.shp,豪雪地帯（気象データ）（ポイント）,A22_031940,各年度別最低気温:1940年,
A22-m,2015年度版,2015,A22-m-YY_MinTemperature_pp.shp,豪雪地帯（気象データ）（ポイント）,A22_031941,各年度別最低気温:1941年,
A22-m,2015年度版,2015,A22-m-YY_MinTemperature_pp.shp,豪雪地帯（気象データ）（ポイント）,A22_031942,各年度別最低気温:1942年,
A22-m,2015年度版,2015,A22-m-YY_MinTemperature_pp.shp,豪雪地帯（気象データ）（ポイント）,A22_031943,各年度別最低気温:1943年,
A22-m,2015年度版,2015,A22-m-YY_MinTemperature_pp.shp,豪雪地帯（気象データ）（ポイント）,A22_031944,各年度別最低気温:1944年,
A22-m,2015年度版,2015,A22-m-YY_MinTemperature_pp.shp,豪雪地帯（気象データ）（ポイント）,A22_031945,各年度別最低気温:1945年,
A22-m,2015年度版,2015,A22-m-YY_MinTemperature_pp.shp,豪雪地帯（気象データ）（ポイント）,A22_031946,各年度別最低気温:1946年,
A22-m,2015年度版,2015,A22-m-YY_MinTemperature_pp.shp,豪雪地帯（気象データ）（ポイント）,A22_031947,各年度別最低気温:1947年,
A22-m,2015年度版,2015,A22-m-YY_MinTemperature_pp.shp,豪雪地帯（気象データ）（ポイント）,A22_031948,各年度別最低気温:1948年,
A22-m,2015年度版,2015,A22-m-YY_MinTemperature_pp.shp,豪雪地帯（気象データ）（ポイント）,A22_031949,各年度別最低気温:1949年,
A22-m,2015年度版,2015,A22-m-YY_MinTemperature_pp.shp,豪雪地帯（気象データ）（ポイント）,A22_031950,各年度別最低気温:1950年,
A22-m,2015年度版,2015,A22-m-YY_MinTemperature_pp.shp,豪雪地帯（気象データ）（ポイント）,A22_031951,各年度別最低気温:1951年,
A22-m,2015年度版,2015,A22-m-YY_MinTemperature_pp.shp,豪雪地帯（気象データ）（ポイント）,A22_031952,各年度別最低気温:1952年,
A22-m,2015年度版,2015,A22-m-YY_MinTemperature_pp.shp,豪雪地帯（気象データ）（ポイント）,A22_031953,各年度別最低気温:1953年,
A22-m,2015年度版,2015,A22-m-YY_MinTemperature_pp.shp,豪雪地帯（気象データ）（ポイント）,A22_031954,各年度別最低気温:1954年,
A22-m,2015年度版,2015,A22-m-YY_MinTemperature_pp.shp,豪雪地帯（気象データ）（ポイント）,A22_031955,各年度別最低気温:1955年,
A22-m,2015年度版,2015,A22-m-YY_MinTemperature_pp.shp,豪雪地帯（気象データ）（ポイント）,A22_031956,各年度別最低気温:1956年,
A22-m,2015年度版,2015,A22-m-YY_MinTemperature_pp.shp,豪雪地帯（気象データ）（ポイント）,A22_031957,各年度別最低気温:1957年,
A22-m,2015年度版,2015,A22-m-YY_MinTemperature_pp.shp,豪雪地帯（気象データ）（ポイント）,A22_031958,各年度別最低気温:1958年,
A22-m,2015年度版,2015,A22-m-YY_MinTemperature_pp.shp,豪雪地帯（気象データ）（ポイント）,A22_031959,各年度別最低気温:1959年,
A22-m,2015年度版,2015,A22-m-YY_MinTemperature_pp.shp,豪雪地帯（気象データ）（ポイント）,A22_031960,各年度別最低気温:1960年,
A22-m,2015年度版,2015,A22-m-YY_MinTemperature_pp.shp,豪雪地帯（気象データ）（ポイント）,A22_031961,各年度別最低気温:1961年,
A22-m,2015年度版,2015,A22-m-YY_MinTemperature_pp.shp,豪雪地帯（気象データ）（ポイント）,A22_031962,各年度別最低気温:1962年,
A22-m,2015年度版,2015,A22-m-YY_MinTemperature_pp.shp,豪雪地帯（気象データ）（ポイント）,A22_031963,各年度別最低気温:1963年,
A22-m,2015年度版,2015,A22-m-YY_MinTemperature_pp.shp,豪雪地帯（気象データ）（ポイント）,A22_031964,各年度別最低気温:1964年,
A22-m,2015年度版,2015,A22-m-YY_MinTemperature_pp.shp,豪雪地帯（気象データ）（ポイント）,A22_031965,各年度別最低気温:1965年,
A22-m,2015年度版,2015,A22-m-YY_MinTemperature_pp.shp,豪雪地帯（気象データ）（ポイント）,A22_031966,各年度別最低気温:1966年,
A22-m,2015年度版,2015,A22-m-YY_MinTemperature_pp.shp,豪雪地帯（気象データ）（ポイント）,A22_031967,各年度別最低気温:1967年,
A22-m,2015年度版,2015,A22-m-YY_MinTemperature_pp.shp,豪雪地帯（気象データ）（ポイント）,A22_031968,各年度別最低気温:1968年,
A22-m,2015年度版,2015,A22-m-YY_MinTemperature_pp.shp,豪雪地帯（気象データ）（ポイント）,A22_031969,各年度別最低気温:1969年,
A22-m,2015年度版,2015,A22-m-YY_MinTemperature_pp.shp,豪雪地帯（気象データ）（ポイント）,A22_031970,各年度別最低気温:1970年,
A22-m,2015年度版,2015,A22-m-YY_MinTemperature_pp.shp,豪雪地帯（気象データ）（ポイント）,A22_031971,各年度別最低気温:1971年,
A22-m,2015年度版,2015,A22-m-YY_MinTemperature_pp.shp,豪雪地帯（気象データ）（ポイント）,A22_031972,各年度別最低気温:1972年,
A22-m,2015年度版,2015,A22-m-YY_MinTemperature_pp.shp,豪雪地帯（気象データ）（ポイント）,A22_031973,各年度別最低気温:1973年,
A22-m,2015年度版,2015,A22-m-YY_MinTemperature_pp.shp,豪雪地帯（気象データ）（ポイント）,A22_031974,各年度別最低気温:1974年,
A22-m,2015年度版,2015,A22-m-YY_MinTemperature_pp.shp,豪雪地帯（気象データ）（ポイント）,A22_031975,各年度別最低気温:1975年,
A22-m,2015年度版,2015,A22-m-YY_MinTemperature_pp.shp,豪雪地帯（気象データ）（ポイント）,A22_031976,各年度別最低気温:1976年,
A22-m,2015年度版,2015,A22-m-YY_MinTemperature_pp.shp,豪雪地帯（気象データ）（ポイント）,A22_031977,各年度別最低気温:1977年,
A22-m,2015年度版,2015,A22-m-YY_MinTemperature_pp.shp,豪雪地帯（気象データ）（ポイント）,A22_031978,各年度別最低気温:1978年,
A22-m,2015年度版,2015,A22-m-YY_MinTemperature_pp.shp,豪雪地帯（気象データ）（ポイント）,A22_031979,各年度別最低気温:1979年,
A22-m,2015年度版,2015,A22-m-YY_MinTemperature_pp.shp,豪雪地帯（気象データ）（ポイント）,A22_031980,各年度別最低気温:1980年,
A22-m,2015年度版,2015,A22-m-YY_MinTemperature_pp.shp,豪雪地帯（気象データ）（ポイント）,A22_031981,各年度別最低気温:1981年,
A22-m,2015年度版,2015,A22-m-YY_MinTemperature_pp.shp,豪雪地帯（気象データ）（ポイント）,A22_031982,各年度別最低気温:1982年,
A22-m,2015年度版,2015,A22-m-YY_MinTemperature_pp.shp,豪雪地帯（気象データ）（ポイント）,A22_031983,各年度別最低気温:1983年,
A22-m,2015年度版,2015,A22-m-YY_MinTemperature_pp.shp,豪雪地帯（気象データ）（ポイント）,A22_031984,各年度別最低気温:1984年,
A22-m,2015年度版,2015,A22-m-YY_MinTemperature_pp.shp,豪雪地帯（気象データ）（ポイント）,A22_031985,各年度別最低気温:1985年,
A22-m,2015年度版,2015,A22-m-YY_MinTemperature_pp.shp,豪雪地帯（気象データ）（ポイント）,A22_031986,各年度別最低気温:1986年,
A22-m,2015年度版,2015,A22-m-YY_MinTemperature_pp.shp,豪雪地帯（気象データ）（ポイント）,A22_031987,各年度別最低気温:1987年,
A22-m,2015年度版,2015,A22-m-YY_MinTemperature_pp.shp,豪雪地帯（気象データ）（ポイント）,A22_031988,各年度別最低気温:1988年,
A22-m,2015年度版,2015,A22-m-YY_MinTemperature_pp.shp,豪雪地帯（気象データ）（ポイント）,A22_031989,各年度別最低気温:1989年,
A22-m,2015年度版,2015,A22-m-YY_MinTemperature_pp.shp,豪雪地帯（気象データ）（ポイント）,A22_031990,各年度別最低気温:1990年,
A22-m,2015年度版,2015,A22-m-YY_MinTemperature_pp.shp,豪雪地帯（気象データ）（ポイント）,A22_031991,各年度別最低気温:1991年,
A22-m,2015年度版,2015,A22-m-YY_MinTemperature_pp.shp,豪雪地帯（気象データ）（ポイント）,A22_031992,各年度別最低気温:1992年,
A22-m,2015年度版,2015,A22-m-YY_MinTemperature_pp.shp,豪雪地帯（気象データ）（ポイント）,A22_031993,各年度別最低気温:1993年,
A22-m,2015年度版,2015,A22-m-YY_MinTemperature_pp.shp,豪雪地帯（気象データ）（ポイント）,A22_031994,各年度別最低気温:1994年,
A22-m,2015年度版,2015,A22-m-YY_MinTemperature_pp.shp,豪雪地帯（気象データ）（ポイント）,A22_031995,各年度別最低気温:1995年,
A22-m,2015年度版,2015,A22-m-YY_MinTemperature_pp.shp,豪雪地帯（気象データ）（ポイント）,A22_031996,各年度別最低気温:1996年,
A22-m,2015年度版,2015,A22-m-YY_MinTemperature_pp.shp,豪雪地帯（気象データ）（ポイント）,A22_031997,各年度別最低気温:1997年,
A22-m,2015年度版,2015,A22-m-YY_MinTemperature_pp.shp,豪雪地帯（気象データ）（ポイント）,A22_031998,各年度別最低気温:1998年,
A22-m,2015年度版,2015,A22-m-YY_MinTemperature_pp.shp,豪雪地帯（気象データ）（ポイント）,A22_031999,各年度別最低気温:1999年,
A22-m,2015年度版,2015,A22-m-YY_MinTemperature_pp.shp,豪雪地帯（気象データ）（ポイント）,A22_032000,各年度別最低気温:2000年,
A22-m,2015年度版,2015,A22-m-YY_MinTemperature_pp.shp,豪雪地帯（気象データ）（ポイント）,A22_032001,各年度別最低気温:2001年,
A22-m,2015年度版,2015,A22-m-YY_MinTemperature_pp.shp,豪雪地帯（気象データ）（ポイント）,A22_032002,各年度別最低気温:2002年,
A22-m,2015年度版,2015,A22-m-YY_MinTemperature_pp.shp,豪雪地帯（気象データ）（ポイント）,A22_032003,各年度別最低気温:2003年,
A22-m,2015年度版,2015,A22-m-YY_MinTemperature_pp.shp,豪雪地帯（気象データ）（ポイント）,A22_032004,各年度別最低気温:2004年,
A22-m,2015年度版,2015,A22-m-YY_MinTemperature_pp.shp,豪雪地帯（気象データ）（ポイント）,A22_032005,各年度別最低気温:2005年,
A22-m,2015年度版,2015,A22-m-YY_MinTemperature_pp.shp,豪雪地帯（気象データ）（ポイント）,A22_032006,各年度別最低気温:2006年,
A22-m,2015年度版,2015,A22-m-YY_MinTemperature_pp.shp,豪雪地帯（気象データ）（ポイント）,A22_032007,各年度別最低気温:2007年,
A22-m,2015年度版,2015,A22-m-YY_MinTemperature_pp.shp,豪雪地帯（気象データ）（ポイント）,A22_032008,各年度別最低気温:2008年,
A22-m,2015年度版,2015,A22-m-YY_MinTemperature_pp.shp,豪雪地帯（気象データ）（ポイント）,A22_032009,各年度別最低気温:2009年,
A22-m,2015年度版,2015,A22-m-YY_MinTemperature_pp.shp,豪雪地帯（気象データ）（ポイント）,A22_032010,各年度別最低気温:2010年,
A22-m,2015年度版,2015,A22-m-YY_MinTemperature_pp.shp,豪雪地帯（気象データ）（ポイント）,A22_032011,各年度別最低気温:2011年,
A22-m,2015年度版,2015,A22-m-YY_MinTemperature_pp.shp,豪雪地帯（気象データ）（ポイント）,A22_032012,各年度別最低気温:2012年,
A22-m,2015年度版,2015,A22-m-YY_MinTemperature_pp.shp,豪雪地帯（気象データ）（ポイント）,A22_032013,各年度別最低気温:2013年,
A22-m,2015年度版,2015,A22-m-YY_MinTemperature_pp.shp,豪雪地帯（気象データ）（ポイント）,A22_050001,位置特定レベル,
A22-m,2015年度版,2015,A22-m-YY_MeanWindSpeed_PP.shp,豪雪地帯（気象データ）（ポイント）,A22_000001,観測点名,
A22-m,2015年度版,2015,A22-m-YY_MeanWindSpeed_PP.shp,豪雪地帯（気象データ）（ポイント）,A22_000002,観測点の所在地,
A22-m,2015年度版,2015,A22-m-YY_MeanWindSpeed_PP.shp,豪雪地帯（気象データ）（ポイント）,A22_000003,観測点の管理者,
A22-m,2015年度版,2015,A22-m-YY_MeanWindSpeed_PP.shp,豪雪地帯（気象データ）（ポイント）,A22_040001,各年度別平均風速（平均値）,
A22-m,2015年度版,2015,A22-m-YY_MeanWindSpeed_PP.shp,豪雪地帯（気象データ）（ポイント）,A22_040002,各年度別平均風速（最大値）,
A22-m,2015年度版,2015,A22-m-YY_MeanWindSpeed_PP.shp,豪雪地帯（気象データ）（ポイント）,A22_041872,各年度別平均風速:1872年,
A22-m,2015年度版,2015,A22-m-YY_MeanWindSpeed_PP.shp,豪雪地帯（気象データ）（ポイント）,A22_041873,各年度別平均風速:1873年,
A22-m,2015年度版,2015,A22-m-YY_MeanWindSpeed_PP.shp,豪雪地帯（気象データ）（ポイント）,A22_041874,各年度別平均風速:1874年,
A22-m,2015年度版,2015,A22-m-YY_MeanWindSpeed_PP.shp,豪雪地帯（気象データ）（ポイント）,A22_041875,各年度別平均風速:1875年,
A22-m,2015年度版,2015,A22-m-YY_MeanWindSpeed_PP.shp,豪雪地帯（気象データ）（ポイント）,A22_041876,各年度別平均風速:1876年,
A22-m,2015年度版,2015,A22-m-YY_MeanWindSpeed_PP.shp,豪雪地帯（気象データ）（ポイント）,A22_041877,各年度別平均風速:1877年,
A22-m,2015年度版,2015,A22-m-YY_MeanWindSpeed_PP.shp,豪雪地帯（気象データ）（ポイント）,A22_041878,各年度別平均風速:1878年,
A22-m,2015年度版,2015,A22-m-YY_MeanWindSpeed_PP.shp,豪雪地帯（気象データ）（ポイント）,A22_041879,各年度別平均風速:1879年,
A22-m,2015年度版,2015,A22-m-YY_MeanWindSpeed_PP.shp,豪雪地帯（気象データ）（ポイント）,A22_041880,各年度別平均風速:1880年,
A22-m,2015年度版,2015,A22-m-YY_MeanWindSpeed_PP.shp,豪雪地帯（気象データ）（ポイント）,A22_041881,各年度別平均風速:1881年,
A22-m,2015年度版,2015,A22-m-YY_MeanWindSpeed_PP.shp,豪雪地帯（気象データ）（ポイント）,A22_041882,各年度別平均風速:1882年,
A22-m,2015年度版,2015,A22-m-YY_MeanWindSpeed_PP.shp,豪雪地帯（気象データ）（ポイント）,A22_041883,各年度別平均風速:1883年,
A22-m,2015年度版,2015,A22-m-YY_MeanWindSpeed_PP.shp,豪雪地帯（気象データ）（ポイント）,A22_041884,各年度別平均風速:1884年,
A22-m,2015年度版,2015,A22-m-YY_MeanWindSpeed_PP.shp,豪雪地帯（気象データ）（ポイント）,A22_041885,各年度別平均風速:1885年,
A22-m,2015年度版,2015,A22-m-YY_MeanWindSpeed_PP.shp,豪雪地帯（気象データ）（ポイント）,A22_041886,各年度別平均風速:1886年,
A22-m,2015年度版,2015,A22-m-YY_MeanWindSpeed_PP.shp,豪雪地帯（気象データ）（ポイント）,A22_041887,各年度別平均風速:1887年,
A22-m,2015年度版,2015,A22-m-YY_MeanWindSpeed_PP.shp,豪雪地帯（気象データ）（ポイント）,A22_041888,各年度別平均風速:1888年,
A22-m,2015年度版,2015,A22-m-YY_MeanWindSpeed_PP.shp,豪雪地帯（気象データ）（ポイント）,A22_041889,各年度別平均風速:1889年,
A22-m,2015年度版,2015,A22-m-YY_MeanWindSpeed_PP.shp,豪雪地帯（気象データ）（ポイント）,A22_041890,各年度別平均風速:1890年,
A22-m,2015年度版,2015,A22-m-YY_MeanWindSpeed_PP.shp,豪雪地帯（気象データ）（ポイント）,A22_041891,各年度別平均風速:1891年,
A22-m,2015年度版,2015,A22-m-YY_MeanWindSpeed_PP.shp,豪雪地帯（気象データ）（ポイント）,A22_041892,各年度別平均風速:1892年,
A22-m,2015年度版,2015,A22-m-YY_MeanWindSpeed_PP.shp,豪雪地帯（気象データ）（ポイント）,A22_041893,各年度別平均風速:1893年,
A22-m,2015年度版,2015,A22-m-YY_MeanWindSpeed_PP.shp,豪雪地帯（気象データ）（ポイント）,A22_041894,各年度別平均風速:1894年,
A22-m,2015年度版,2015,A22-m-YY_MeanWindSpeed_PP.shp,豪雪地帯（気象データ）（ポイント）,A22_041895,各年度別平均風速:1895年,
A22-m,2015年度版,2015,A22-m-YY_MeanWindSpeed_PP.shp,豪雪地帯（気象データ）（ポイント）,A22_041896,各年度別平均風速:1896年,
A22-m,2015年度版,2015,A22-m-YY_MeanWindSpeed_PP.shp,豪雪地帯（気象データ）（ポイント）,A22_041897,各年度別平均風速:1897年,
A22-m,2015年度版,2015,A22-m-YY_MeanWindSpeed_PP.shp,豪雪地帯（気象データ）（ポイント）,A22_041898,各年度別平均風速:1898年,
A22-m,2015年度版,2015,A22-m-YY_MeanWindSpeed_PP.shp,豪雪地帯（気象データ）（ポイント）,A22_041899,各年度別平均風速:1899年,
A22-m,2015年度版,2015,A22-m-YY_MeanWindSpeed_PP.shp,豪雪地帯（気象データ）（ポイント）,A22_041900,各年度別平均風速:1900年,
A22-m,2015年度版,2015,A22-m-YY_MeanWindSpeed_PP.shp,豪雪地帯（気象データ）（ポイント）,A22_041901,各年度別平均風速:1901年,
A22-m,2015年度版,2015,A22-m-YY_MeanWindSpeed_PP.shp,豪雪地帯（気象データ）（ポイント）,A22_041902,各年度別平均風速:1902年,
A22-m,2015年度版,2015,A22-m-YY_MeanWindSpeed_PP.shp,豪雪地帯（気象データ）（ポイント）,A22_041903,各年度別平均風速:1903年,
A22-m,2015年度版,2015,A22-m-YY_MeanWindSpeed_PP.shp,豪雪地帯（気象データ）（ポイント）,A22_041904,各年度別平均風速:1904年,
A22-m,2015年度版,2015,A22-m-YY_MeanWindSpeed_PP.shp,豪雪地帯（気象データ）（ポイント）,A22_041905,各年度別平均風速:1905年,
A22-m,2015年度版,2015,A22-m-YY_MeanWindSpeed_PP.shp,豪雪地帯（気象データ）（ポイント）,A22_041906,各年度別平均風速:1906年,
A22-m,2015年度版,2015,A22-m-YY_MeanWindSpeed_PP.shp,豪雪地帯（気象データ）（ポイント）,A22_041907,各年度別平均風速:1907年,
A22-m,2015年度版,2015,A22-m-YY_MeanWindSpeed_PP.shp,豪雪地帯（気象データ）（ポイント）,A22_041908,各年度別平均風速:1908年,
A22-m,2015年度版,2015,A22-m-YY_MeanWindSpeed_PP.shp,豪雪地帯（気象データ）（ポイント）,A22_041909,各年度別平均風速:1909年,
A22-m,2015年度版,2015,A22-m-YY_MeanWindSpeed_PP.shp,豪雪地帯（気象データ）（ポイント）,A22_041910,各年度別平均風速:1910年,
A22-m,2015年度版,2015,A22-m-YY_MeanWindSpeed_PP.shp,豪雪地帯（気象データ）（ポイント）,A22_041911,各年度別平均風速:1911年,
A22-m,2015年度版,2015,A22-m-YY_MeanWindSpeed_PP.shp,豪雪地帯（気象データ）（ポイント）,A22_041912,各年度別平均風速:1912年,
A22-m,2015年度版,2015,A22-m-YY_MeanWindSpeed_PP.shp,豪雪地帯（気象データ）（ポイント）,A22_041913,各年度別平均風速:1913年,
A22-m,2015年度版,2015,A22-m-YY_MeanWindSpeed_PP.shp,豪雪地帯（気象データ）（ポイント）,A22_041914,各年度別平均風速:1914年,
A22-m,2015年度版,2015,A22-m-YY_MeanWindSpeed_PP.shp,豪雪地帯（気象データ）（ポイント）,A22_041915,各年度別平均風速:1915年,
A22-m,2015年度版,2015,A22-m-YY_MeanWindSpeed_PP.shp,豪雪地帯（気象データ）（ポイント）,A22_041916,各年度別平均風速:1916年,
A22-m,2015年度版,2015,A22-m-YY_MeanWindSpeed_PP.shp,豪雪地帯（気象データ）（ポイント）,A22_041917,各年度別平均風速:1917年,
A22-m,2015年度版,2015,A22-m-YY_MeanWindSpeed_PP.shp,豪雪地帯（気象データ）（ポイント）,A22_041918,各年度別平均風速:1918年,
A22-m,2015年度版,2015,A22-m-YY_MeanWindSpeed_PP.shp,豪雪地帯（気象データ）（ポイント）,A22_041919,各年度別平均風速:1919年,
A22-m,2015年度版,2015,A22-m-YY_MeanWindSpeed_PP.shp,豪雪地帯（気象データ）（ポイント）,A22_041920,各年度別平均風速:1920年,
A22-m,2015年度版,2015,A22-m-YY_MeanWindSpeed_PP.shp,豪雪地帯（気象データ）（ポイント）,A22_041921,各年度別平均風速:1921年,
A22-m,2015年度版,2015,A22-m-YY_MeanWindSpeed_PP.shp,豪雪地帯（気象データ）（ポイント）,A22_041922,各年度別平均風速:1922年,
A22-m,2015年度版,2015,A22-m-YY_MeanWindSpeed_PP.shp,豪雪地帯（気象データ）（ポイント）,A22_041923,各年度別平均風速:1923年,
A22-m,2015年度版,2015,A22-m-YY_MeanWindSpeed_PP.shp,豪雪地帯（気象データ）（ポイント）,A22_041924,各年度別平均風速:1924年,
A22-m,2015年度版,2015,A22-m-YY_MeanWindSpeed_PP.shp,豪雪地帯（気象データ）（ポイント）,A22_041925,各年度別平均風速:1925年,
A22-m,2015年度版,2015,A22-m-YY_MeanWindSpeed_PP.shp,豪雪地帯（気象データ）（ポイント）,A22_041926,各年度別平均風速:1926年,
A22-m,2015年度版,2015,A22-m-YY_MeanWindSpeed_PP.shp,豪雪地帯（気象データ）（ポイント）,A22_041927,各年度別平均風速:1927年,
A22-m,2015年度版,2015,A22-m-YY_MeanWindSpeed_PP.shp,豪雪地帯（気象データ）（ポイント）,A22_041928,各年度別平均風速:1928年,
A22-m,2015年度版,2015,A22-m-YY_MeanWindSpeed_PP.shp,豪雪地帯（気象データ）（ポイント）,A22_041929,各年度別平均風速:1929年,
A22-m,2015年度版,2015,A22-m-YY_MeanWindSpeed_PP.shp,豪雪地帯（気象データ）（ポイント）,A22_041930,各年度別平均風速:1930年,
A22-m,2015年度版,2015,A22-m-YY_MeanWindSpeed_PP.shp,豪雪地帯（気象データ）（ポイント）,A22_041931,各年度別平均風速:1931年,
A22-m,2015年度版,2015,A22-m-YY_MeanWindSpeed_PP.shp,豪雪地帯（気象データ）（ポイント）,A22_041932,各年度別平均風速:1932年,
A22-m,2015年度版,2015,A22-m-YY_MeanWindSpeed_PP.shp,豪雪地帯（気象データ）（ポイント）,A22_041933,各年度別平均風速:1933年,
A22-m,2015年度版,2015,A22-m-YY_MeanWindSpeed_PP.shp,豪雪地帯（気象データ）（ポイント）,A22_041934,各年度別平均風速:1934年,
A22-m,2015年度版,2015,A22-m-YY_MeanWindSpeed_PP.shp,豪雪地帯（気象データ）（ポイント）,A22_041935,各年度別平均風速:1935年,
A22-m,2015年度版,2015,A22-m-YY_MeanWindSpeed_PP.shp,豪雪地帯（気象データ）（ポイント）,A22_041936,各年度別平均風速:1936年,
A22-m,2015年度版,2015,A22-m-YY_MeanWindSpeed_PP.shp,豪雪地帯（気象データ）（ポイント）,A22_041937,各年度別平均風速:1937年,
A22-m,2015年度版,2015,A22-m-YY_MeanWindSpeed_PP.shp,豪雪地帯（気象データ）（ポイント）,A22_041938,各年度別平均風速:1938年,
A22-m,2015年度版,2015,A22-m-YY_MeanWindSpeed_PP.shp,豪雪地帯（気象データ）（ポイント）,A22_041939,各年度別平均風速:1939年,
A22-m,2015年度版,2015,A22-m-YY_MeanWindSpeed_PP.shp,豪雪地帯（気象データ）（ポイント）,A22_041940,各年度別平均風速:1940年,
A22-m,2015年度版,2015,A22-m-YY_MeanWindSpeed_PP.shp,豪雪地帯（気象データ）（ポイント）,A22_041941,各年度別平均風速:1941年,
A22-m,2015年度版,2015,A22-m-YY_MeanWindSpeed_PP.shp,豪雪地帯（気象データ）（ポイント）,A22_041942,各年度別平均風速:1942年,
A22-m,2015年度版,2015,A22-m-YY_MeanWindSpeed_PP.shp,豪雪地帯（気象データ）（ポイント）,A22_041943,各年度別平均風速:1943年,
A22-m,2015年度版,2015,A22-m-YY_MeanWindSpeed_PP.shp,豪雪地帯（気象データ）（ポイント）,A22_041944,各年度別平均風速:1944年,
A22-m,2015年度版,2015,A22-m-YY_MeanWindSpeed_PP.shp,豪雪地帯（気象データ）（ポイント）,A22_041945,各年度別平均風速:1945年,
A22-m,2015年度版,2015,A22-m-YY_MeanWindSpeed_PP.shp,豪雪地帯（気象データ）（ポイント）,A22_041946,各年度別平均風速:1946年,
A22-m,2015年度版,2015,A22-m-YY_MeanWindSpeed_PP.shp,豪雪地帯（気象データ）（ポイント）,A22_041947,各年度別平均風速:1947年,
A22-m,2015年度版,2015,A22-m-YY_MeanWindSpeed_PP.shp,豪雪地帯（気象データ）（ポイント）,A22_041948,各年度別平均風速:1948年,
A22-m,2015年度版,2015,A22-m-YY_MeanWindSpeed_PP.shp,豪雪地帯（気象データ）（ポイント）,A22_041949,各年度別平均風速:1949年,
A22-m,2015年度版,2015,A22-m-YY_MeanWindSpeed_PP.shp,豪雪地帯（気象データ）（ポイント）,A22_041950,各年度別平均風速:1950年,
A22-m,2015年度版,2015,A22-m-YY_MeanWindSpeed_PP.shp,豪雪地帯（気象データ）（ポイント）,A22_041951,各年度別平均風速:1951年,
A22-m,2015年度版,2015,A22-m-YY_MeanWindSpeed_PP.shp,豪雪地帯（気象データ）（ポイント）,A22_041952,各年度別平均風速:1952年,
A22-m,2015年度版,2015,A22-m-YY_MeanWindSpeed_PP.shp,豪雪地帯（気象データ）（ポイント）,A22_041953,各年度別平均風速:1953年,
A22-m,2015年度版,2015,A22-m-YY_MeanWindSpeed_PP.shp,豪雪地帯（気象データ）（ポイント）,A22_041954,各年度別平均風速:1954年,
A22-m,2015年度版,2015,A22-m-YY_MeanWindSpeed_PP.shp,豪雪地帯（気象データ）（ポイント）,A22_041955,各年度別平均風速:1955年,
A22-m,2015年度版,2015,A22-m-YY_MeanWindSpeed_PP.shp,豪雪地帯（気象データ）（ポイント）,A22_041956,各年度別平均風速:1956年,
A22-m,2015年度版,2015,A22-m-YY_MeanWindSpeed_PP.shp,豪雪地帯（気象データ）（ポイント）,A22_041957,各年度別平均風速:1957年,
A22-m,2015年度版,2015,A22-m-YY_MeanWindSpeed_PP.shp,豪雪地帯（気象データ）（ポイント）,A22_041958,各年度別平均風速:1958年,
A22-m,2015年度版,2015,A22-m-YY_MeanWindSpeed_PP.shp,豪雪地帯（気象データ）（ポイント）,A22_041959,各年度別平均風速:1959年,
A22-m,2015年度版,2015,A22-m-YY_MeanWindSpeed_PP.shp,豪雪地帯（気象データ）（ポイント）,A22_041960,各年度別平均風速:1960年,
A22-m,2015年度版,2015,A22-m-YY_MeanWindSpeed_PP.shp,豪雪地帯（気象データ）（ポイント）,A22_041961,各年度別平均風速:1961年,
A22-m,2015年度版,2015,A22-m-YY_MeanWindSpeed_PP.shp,豪雪地帯（気象データ）（ポイント）,A22_041962,各年度別平均風速:1962年,
A22-m,2015年度版,2015,A22-m-YY_MeanWindSpeed_PP.shp,豪雪地帯（気象データ）（ポイント）,A22_041963,各年度別平均風速:1963年,
A22-m,2015年度版,2015,A22-m-YY_MeanWindSpeed_PP.shp,豪雪地帯（気象データ）（ポイント）,A22_041964,各年度別平均風速:1964年,
A22-m,2015年度版,2015,A22-m-YY_MeanWindSpeed_PP.shp,豪雪地帯（気象データ）（ポイント）,A22_041965,各年度別平均風速:1965年,
A22-m,2015年度版,2015,A22-m-YY_MeanWindSpeed_PP.shp,豪雪地帯（気象データ）（ポイント）,A22_041966,各年度別平均風速:1966年,
A22-m,2015年度版,2015,A22-m-YY_MeanWindSpeed_PP.shp,豪雪地帯（気象データ）（ポイント）,A22_041967,各年度別平均風速:1967年,
A22-m,2015年度版,2015,A22-m-YY_MeanWindSpeed_PP.shp,豪雪地帯（気象データ）（ポイント）,A22_041968,各年度別平均風速:1968年,
A22-m,2015年度版,2015,A22-m-YY_MeanWindSpeed_PP.shp,豪雪地帯（気象データ）（ポイント）,A22_041969,各年度別平均風速:1969年,
A22-m,2015年度版,2015,A22-m-YY_MeanWindSpeed_PP.shp,豪雪地帯（気象データ）（ポイント）,A22_041970,各年度別平均風速:1970年,
A22-m,2015年度版,2015,A22-m-YY_MeanWindSpeed_PP.shp,豪雪地帯（気象データ）（ポイント）,A22_041971,各年度別平均風速:1971年,
A22-m,2015年度版,2015,A22-m-YY_MeanWindSpeed_PP.shp,豪雪地帯（気象データ）（ポイント）,A22_041972,各年度別平均風速:1972年,
A22-m,2015年度版,2015,A22-m-YY_MeanWindSpeed_PP.shp,豪雪地帯（気象データ）（ポイント）,A22_041973,各年度別平均風速:1973年,
A22-m,2015年度版,2015,A22-m-YY_MeanWindSpeed_PP.shp,豪雪地帯（気象データ）（ポイント）,A22_041974,各年度別平均風速:1974年,
A22-m,2015年度版,2015,A22-m-YY_MeanWindSpeed_PP.shp,豪雪地帯（気象データ）（ポイント）,A22_041975,各年度別平均風速:1975年,
A22-m,2015年度版,2015,A22-m-YY_MeanWindSpeed_PP.shp,豪雪地帯（気象データ）（ポイント）,A22_041976,各年度別平均風速:1976年,
A22-m,2015年度版,2015,A22-m-YY_MeanWindSpeed_PP.shp,豪雪地帯（気象データ）（ポイント）,A22_041977,各年度別平均風速:1977年,
A22-m,2015年度版,2015,A22-m-YY_MeanWindSpeed_PP.shp,豪雪地帯（気象データ）（ポイント）,A22_041978,各年度別平均風速:1978年,
A22-m,2015年度版,2015,A22-m-YY_MeanWindSpeed_PP.shp,豪雪地帯（気象データ）（ポイント）,A22_041979,各年度別平均風速:1979年,
A22-m,2015年度版,2015,A22-m-YY_MeanWindSpeed_PP.shp,豪雪地帯（気象データ）（ポイント）,A22_041980,各年度別平均風速:1980年,
A22-m,2015年度版,2015,A22-m-YY_MeanWindSpeed_PP.shp,豪雪地帯（気象データ）（ポイント）,A22_041981,各年度別平均風速:1981年,
A22-m,2015年度版,2015,A22-m-YY_MeanWindSpeed_PP.shp,豪雪地帯（気象データ）（ポイント）,A22_041982,各年度別平均風速:1982年,
A22-m,2015年度版,2015,A22-m-YY_MeanWindSpeed_PP.shp,豪雪地帯（気象データ）（ポイント）,A22_041983,各年度別平均風速:1983年,
A22-m,2015年度版,2015,A22-m-YY_MeanWindSpeed_PP.shp,豪雪地帯（気象データ）（ポイント）,A22_041984,各年度別平均風速:1984年,
A22-m,2015年度版,2015,A22-m-YY_MeanWindSpeed_PP.shp,豪雪地帯（気象データ）（ポイント）,A22_041985,各年度別平均風速:1985年,
A22-m,2015年度版,2015,A22-m-YY_MeanWindSpeed_PP.shp,豪雪地帯（気象データ）（ポイント）,A22_041986,各年度別平均風速:1986年,
A22-m,2015年度版,2015,A22-m-YY_MeanWindSpeed_PP.shp,豪雪地帯（気象データ）（ポイント）,A22_041987,各年度別平均風速:1987年,
A22-m,2015年度版,2015,A22-m-YY_MeanWindSpeed_PP.shp,豪雪地帯（気象データ）（ポイント）,A22_041988,各年度別平均風速:1988年,
A22-m,2015年度版,2015,A22-m-YY_MeanWindSpeed_PP.shp,豪雪地帯（気象データ）（ポイント）,A22_041989,各年度別平均風速:1989年,
A22-m,2015年度版,2015,A22-m-YY_MeanWindSpeed_PP.shp,豪雪地帯（気象データ）（ポイント）,A22_041990,各年度別平均風速:1990年,
A22-m,2015年度版,2015,A22-m-YY_MeanWindSpeed_PP.shp,豪雪地帯（気象データ）（ポイント）,A22_041991,各年度別平均風速:1991年,
A22-m,2015年度版,2015,A22-m-YY_MeanWindSpeed_PP.shp,豪雪地帯（気象データ）（ポイント）,A22_041992,各年度別平均風速:1992年,
A22-m,2015年度版,2015,A22-m-YY_MeanWindSpeed_PP.shp,豪雪地帯（気象データ）（ポイント）,A22_041993,各年度別平均風速:1993年,
A22-m,2015年度版,2015,A22-m-YY_MeanWindSpeed_PP.shp,豪雪地帯（気象データ）（ポイント）,A22_041994,各年度別平均風速:1994年,
A22-m,2015年度版,2015,A22-m-YY_MeanWindSpeed_PP.shp,豪雪地帯（気象データ）（ポイント）,A22_041995,各年度別平均風速:1995年,
A22-m,2015年度版,2015,A22-m-YY_MeanWindSpeed_PP.shp,豪雪地帯（気象データ）（ポイント）,A22_041996,各年度別平均風速:1996年,
A22-m,2015年度版,2015,A22-m-YY_MeanWindSpeed_PP.shp,豪雪地帯（気象データ）（ポイント）,A22_041997,各年度別平均風速:1997年,
A22-m,2015年度版,2015,A22-m-YY_MeanWindSpeed_PP.shp,豪雪地帯（気象データ）（ポイント）,A22_041998,各年度別平均風速:1998年,
A22-m,2015年度版,2015,A22-m-YY_MeanWindSpeed_PP.shp,豪雪地帯（気象データ）（ポイント）,A22_041999,各年度別平均風速:1999年,
A22-m,2015年度版,2015,A22-m-YY_MeanWindSpeed_PP.shp,豪雪地帯（気象データ）（ポイント）,A22_042000,各年度別平均風速:2000年,
A22-m,2015年度版,2015,A22-m-YY_MeanWindSpeed_PP.shp,豪雪地帯（気象データ）（ポイント）,A22_042001,各年度別平均風速:2001年,
A22-m,2015年度版,2015,A22-m-YY_MeanWindSpeed_PP.shp,豪雪地帯（気象データ）（ポイント）,A22_042002,各年度別平均風速:2002年,
A22-m,2015年度版,2015,A22-m-YY_MeanWindSpeed_PP.shp,豪雪地帯（気象データ）（ポイント）,A22_042003,各年度別平均風速:2003年,
A22-m,2015年度版,2015,A22-m-YY_MeanWindSpeed_PP.shp,豪雪地帯（気象データ）（ポイント）,A22_042004,各年度別平均風速:2004年,
A22-m,2015年度版,2015,A22-m-YY_MeanWindSpeed_PP.shp,豪雪地帯（気象データ）（ポイント）,A22_042005,各年度別平均風速:2005年,
A22-m,2015年度版,2015,A22-m-YY_MeanWindSpeed_PP.shp,豪雪地帯（気象データ）（ポイント）,A22_042006,各年度別平均風速:2006年,
A22-m,2015年度版,2015,A22-m-YY_MeanWindSpeed_PP.shp,豪雪地帯（気象データ）（ポイント）,A22_042007,各年度別平均風速:2007年,
A22-m,2015年度版,2015,A22-m-YY_MeanWindSpeed_PP.shp,豪雪地帯（気象データ）（ポイント）,A22_042008,各年度別平均風速:2008年,
A22-m,2015年度版,2015,A22-m-YY_MeanWindSpeed_PP.shp,豪雪地帯（気象データ）（ポイント）,A22_042009,各年度別平均風速:2009年,
A22-m,2015年度版,2015,A22-m-YY_MeanWindSpeed_PP.shp,豪雪地帯（気象データ）（ポイント）,A22_042010,各年度別平均風速:2010年,
A22-m,2015年度版,2015,A22-m-YY_MeanWindSpeed_PP.shp,豪雪地帯（気象データ）（ポイント）,A22_042011,各年度別平均風速:2011年,
A22-m,2015年度版,2015,A22-m-YY_MeanWindSpeed_PP.shp,豪雪地帯（気象データ）（ポイント）,A22_042012,各年度別平均風速:2012年,
A22-m,2015年度版,2015,A22-m-YY_MeanWindSpeed_PP.shp,豪雪地帯（気象データ）（ポイント）,A22_042013,各年度別平均風速:2013年,
A22-m,2015年度版,2015,A22-m-YY_MeanWindSpeed_PP.shp,豪雪地帯（気象データ）（ポイント）,A22_050001,位置特定レベル,
A22-m,2015年度版,2015,A22-m-YY_SnowDisaster_PP.shp,豪雪地帯（気象データ）（ポリゴン）,A22_100001,,
A22-m,2015年度版,2015,A22-m-YY_SnowDisaster_PP.shp,豪雪地帯（気象データ）（ポリゴン）,A22_100002,,
A22-m,2015年度版,2015,A22-m-YY_SnowDisaster_PP.shp,豪雪地帯（気象データ）（ポリゴン）,A22_100003,,
A22-m,2015年度版,2015,A22-m-YY_SnowDisaster_PP.shp,豪雪地帯（気象データ）（ポリゴン）,A22_100004,,
A22-m,2015年度版,2015,A22-m-YY_SnowDisaster_PP.shp,豪雪地帯（気象データ）（ポリゴン）,A22_100005,,
A22-m,2015年度版,2015,A22-m-YY_SnowDisaster_PP.shp,豪雪地帯（気象データ）（ポリゴン）,A22_100006,,
A22-m,2015年度版,2015,A22-m-YY_SnowDisaster_PP.shp,豪雪地帯（気象データ）（ポリゴン）,A22_100007,,
A22-m,2015年度版,2015,A22-m-YY_SnowCoolingSystem_PP.shp,豪雪地帯（気象データ）（ポイント）,A22_40001,利雪施設名,
A22-m,2015年度版,2015,A22-m-YY_SnowCoolingSystem_PP.shp,豪雪地帯（気象データ）（ポイント）,A22_40002,利雪施設の設置者,
A22-m,2015年度版,2015,A22-m-YY_SnowCoolingSystem_PP.shp,豪雪地帯（気象データ）（ポイント）,A22_40003,利雪施設の所在地,
A22-m,2015年度版,2015,A22-m-YY_SnowCoolingSystem_PP.shp,豪雪地帯（気象データ）（ポイント）,A22_40004,冷熱源確保方式,
A22-m,2015年度版,2015,A22-m-YY_SnowCoolingSystem_PP.shp,豪雪地帯（気象データ）（ポイント）,A22_40005,冷熱供給方式,
A22-m,2015年度版,2015,A22-m-YY_SnowCoolingSystem_PP.shp,豪雪地帯（気象データ）（ポイント）,A22_40006,完成年度,
A22-m,2015年度版,2015,A22-m-YY_SnowCoolingSystem_PP.shp,豪雪地帯（気象データ）（ポイント）,A22_40007,施設の規模,
A22-m,2015年度版,2015,A22-m-YY_SnowCoolingSystem_PP.shp,豪雪地帯（気象データ）（ポイント）,A22_40008,貯雪量,
A22-m,2015年度版,2015,A22-m-YY_SnowCoolingSystem_PP.shp,豪雪地帯（気象データ）（ポイント）,A22_40009,位置特定レベル,
A22s,2012年度版,2012,A22s_YY_01_PP.shp,豪雪地帯統計情報（ポリゴン）,A22_001,豪雪地帯_豪雪地帯ID,
A22s,2012年度版,2012,A22s_YY_01_PP.shp,豪雪地帯統計情報（ポリゴン）,A22_002,豪雪地帯_行政コード,
A22s,2012年度版,2012,A22s_YY_01_PP.shp,豪雪地帯統計情報（ポリゴン）,A22_003,豪雪地帯_都道府県名,
A22s,2012年度版,2012,A22s_YY_01_PP.shp,豪雪地帯統計情報（ポリゴン）,A22_004,豪雪地帯_支庁名,
A22s,2012年度版,2012,A22s_YY_01_PP.shp,豪雪地帯統計情報（ポリゴン）,A22_005,豪雪地帯_郡・政令市名,
A22s,2012年度版,2012,A22s_YY_01_PP.shp,豪雪地帯統計情報（ポリゴン）,A22_006,豪雪地帯_市区町村名,
A22s,2012年度版,2012,A22s_YY_01_PP.shp,豪雪地帯統計情報（ポリゴン）,A22_007,豪雪地帯_豪雪区分コード,
A22s,2012年度版,2012,A22s_YY_01_PP.shp,豪雪地帯統計情報（ポリゴン）,A22_008,豪雪地帯_指定状況コード,
A22s,2012年度版,2012,A22s_YY_01_PP.shp,豪雪地帯統計情報（ポリゴン）,A22_009,人口・世帯数_調査年度,
A22s,2012年度版,2012,A22s_YY_01_PP.shp,豪雪地帯統計情報（ポリゴン）,A22_010,人口・世帯数_概要_人口,
A22s,2012年度版,2012,A22s_YY_01_PP.shp,豪雪地帯統計情報（ポリゴン）,A22_011,人口・世帯数_概要_世帯数,
A22s,2012年度版,2012,A22s_YY_01_PP.shp,豪雪地帯統計情報（ポリゴン）,A22_012,人口・世帯数_男_国勢調査人口総数,
A22s,2012年度版,2012,A22s_YY_01_PP.shp,豪雪地帯統計情報（ポリゴン）,A22_013,人口・世帯数_男_年少人口_0-4,
A22s,2012年度版,2012,A22s_YY_01_PP.shp,豪雪地帯統計情報（ポリゴン）,A22_014,人口・世帯数_男_年少人口_5-9,
A22s,2012年度版,2012,A22s_YY_01_PP.shp,豪雪地帯統計情報（ポリゴン）,A22_015,人口・世帯数_男_年少人口_10-14,
A22s,2012年度版,2012,A22s_YY_01_PP.shp,豪雪地帯統計情報（ポリゴン）,A22_016,人口・世帯数_男_年少人口_小計,
A22s,2012年度版,2012,A22s_YY_01_PP.shp,豪雪地帯統計情報（ポリゴン）,A22_017,人口・世帯数_男_生産年齢人口_15-19,
A22s,2012年度版,2012,A22s_YY_01_PP.shp,豪雪地帯統計情報（ポリゴン）,A22_018,人口・世帯数_男_生産年齢人口_20-24,
A22s,2012年度版,2012,A22s_YY_01_PP.shp,豪雪地帯統計情報（ポリゴン）,A22_019,人口・世帯数_男_生産年齢人口_25-29,
A22s,2012年度版,2012,A22s_YY_01_PP.shp,豪雪地帯統計情報（ポリゴン）,A22_020,人口・世帯数_男_生産年齢人口_30-34,
A22s,2012年度版,2012,A22s_YY_01_PP.shp,豪雪地帯統計情報（ポリゴン）,A22_021,人口・世帯数_男_生産年齢人口_35-39,
A22s,2012年度版,2012,A22s_YY_01_PP.shp,豪雪地帯統計情報（ポリゴン）,A22_022,人口・世帯数_男_生産年齢人口_40-44,
A22s,2012年度版,2012,A22s_YY_01_PP.shp,豪雪地帯統計情報（ポリゴン）,A22_023,人口・世帯数_男_生産年齢人口_45-49,
A22s,2012年度版,2012,A22s_YY_01_PP.shp,豪雪地帯統計情報（ポリゴン）,A22_024,人口・世帯数_男_生産年齢人口_50-54,
A22s,2012年度版,2012,A22s_YY_01_PP.shp,豪雪地帯統計情報（ポリゴン）,A22_025,人口・世帯数_男_生産年齢人口_55-59,
A22s,2012年度版,2012,A22s_YY_01_PP.shp,豪雪地帯統計情報（ポリゴン）,A22_026,人口・世帯数_男_生産年齢人口_60-64,
A22s,2012年度版,2012,A22s_YY_01_PP.shp,豪雪地帯統計情報（ポリゴン）,A22_027,人口・世帯数_男_生産年齢人口_小計,
A22s,2012年度版,2012,A22s_YY_01_PP.shp,豪雪地帯統計情報（ポリゴン）,A22_028,人口・世帯数_男_老年人口_65-69,
A22s,2012年度版,2012,A22s_YY_01_PP.shp,豪雪地帯統計情報（ポリゴン）,A22_029,人口・世帯数_男_老年人口_70-74,
A22s,2012年度版,2012,A22s_YY_01_PP.shp,豪雪地帯統計情報（ポリゴン）,A22_030,人口・世帯数_男_老年人口_75-79,
A22s,2012年度版,2012,A22s_YY_01_PP.shp,豪雪地帯統計情報（ポリゴン）,A22_031,人口・世帯数_男_老年人口_80-84,
A22s,2012年度版,2012,A22s_YY_01_PP.shp,豪雪地帯統計情報（ポリゴン）,A22_032,人口・世帯数_男_老年人口_85歳以上,
A22s,2012年度版,2012,A22s_YY_01_PP.shp,豪雪地帯統計情報（ポリゴン）,A22_033,人口・世帯数_男_老年人口_小計,
A22s,2012年度版,2012,A22s_YY_01_PP.shp,豪雪地帯統計情報（ポリゴン）,A22_034,人口・世帯数_男_不詳,
A22s,2012年度版,2012,A22s_YY_01_PP.shp,豪雪地帯統計情報（ポリゴン）,A22_035,人口・世帯数_女_国勢調査人口総数,
A22s,2012年度版,2012,A22s_YY_01_PP.shp,豪雪地帯統計情報（ポリゴン）,A22_036,人口・世帯数_女_年少人口_0-4,
A22s,2012年度版,2012,A22s_YY_01_PP.shp,豪雪地帯統計情報（ポリゴン）,A22_037,人口・世帯数_女_年少人口_5-9,
A22s,2012年度版,2012,A22s_YY_01_PP.shp,豪雪地帯統計情報（ポリゴン）,A22_038,人口・世帯数_女_年少人口_10-14,
A22s,2012年度版,2012,A22s_YY_01_PP.shp,豪雪地帯統計情報（ポリゴン）,A22_039,人口・世帯数_女_年少人口_小計,
A22s,2012年度版,2012,A22s_YY_01_PP.shp,豪雪地帯統計情報（ポリゴン）,A22_040,人口・世帯数_女_生産年齢人口_15-19,
A22s,2012年度版,2012,A22s_YY_01_PP.shp,豪雪地帯統計情報（ポリゴン）,A22_041,人口・世帯数_女_生産年齢人口_20-24,
A22s,2012年度版,2012,A22s_YY_01_PP.shp,豪雪地帯統計情報（ポリゴン）,A22_042,人口・世帯数_女_生産年齢人口_25-29,
A22s,2012年度版,2012,A22s_YY_01_PP.shp,豪雪地帯統計情報（ポリゴン）,A22_043,人口・世帯数_女_生産年齢人口_30-34,
A22s,2012年度版,2012,A22s_YY_01_PP.shp,豪雪地帯統計情報（ポリゴン）,A22_044,人口・世帯数_女_生産年齢人口_35-39,
A22s,2012年度版,2012,A22s_YY_01_PP.shp,豪雪地帯統計情報（ポリゴン）,A22_045,人口・世帯数_女_生産年齢人口_40-44,
A22s,2012年度版,2012,A22s_YY_01_PP.shp,豪雪地帯統計情報（ポリゴン）,A22_046,人口・世帯数_女_生産年齢人口_45-49,
A22s,2012年度版,2012,A22s_YY_01_PP.shp,豪雪地帯統計情報（ポリゴン）,A22_047,人口・世帯数_女_生産年齢人口_50-54,
A22s,2012年度版,2012,A22s_YY_01_PP.shp,豪雪地帯統計情報（ポリゴン）,A22_048,人口・世帯数_女_生産年齢人口_55-59,
A22s,2012年度版,2012,A22s_YY_01_PP.shp,豪雪地帯統計情報（ポリゴン）,A22_049,人口・世帯数_女_生産年齢人口_60-64,
A22s,2012年度版,2012,A22s_YY_01_PP.shp,豪雪地帯統計情報（ポリゴン）,A22_050,人口・世帯数_女_生産年齢人口_小計,
A22s,2012年度版,2012,A22s_YY_01_PP.shp,豪雪地帯統計情報（ポリゴン）,A22_051,人口・世帯数_女_老年人口_65-69,
A22s,2012年度版,2012,A22s_YY_01_PP.shp,豪雪地帯統計情報（ポリゴン）,A22_052,人口・世帯数_女_老年人口_70-74,
A22s,2012年度版,2012,A22s_YY_01_PP.shp,豪雪地帯統計情報（ポリゴン）,A22_053,人口・世帯数_女_老年人口_75-79,
A22s,2012年度版,2012,A22s_YY_01_PP.shp,豪雪地帯統計情報（ポリゴン）,A22_054,人口・世帯数_女_老年人口_80-84,
A22s,2012年度版,2012,A22s_YY_01_PP.shp,豪雪地帯統計情報（ポリゴン）,A22_055,人口・世帯数_女_老年人口_85歳以上,
A22s,2012年度版,2012,A22s_YY_01_PP.shp,豪雪地帯統計情報（ポリゴン）,A22_056,人口・世帯数_女_老年人口_小計,
A22s,2012年度版,2012,A22s_YY_01_PP.shp,豪雪地帯統計情報（ポリゴン）,A22_057,人口・世帯数_女_不詳,
A22s,2012年度版,2012,A22s_YY_01_PP.shp,豪雪地帯統計情報（ポリゴン）,A22_058,人口・世帯数_男女計_国勢調査人口総数,
A22s,2012年度版,2012,A22s_YY_01_PP.shp,豪雪地帯統計情報（ポリゴン）,A22_059,人口・世帯数_男女計_年少人口_0-4,
A22s,2012年度版,2012,A22s_YY_01_PP.shp,豪雪地帯統計情報（ポリゴン）,A22_060,人口・世帯数_男女計_年少人口_5-9,
A22s,2012年度版,2012,A22s_YY_01_PP.shp,豪雪地帯統計情報（ポリゴン）,A22_061,人口・世帯数_男女計_年少人口_10-14,
A22s,2012年度版,2012,A22s_YY_01_PP.shp,豪雪地帯統計情報（ポリゴン）,A22_062,人口・世帯数_男女計_年少人口_小計,
A22s,2012年度版,2012,A22s_YY_01_PP.shp,豪雪地帯統計情報（ポリゴン）,A22_063,人口・世帯数_男女計_生産年齢人口_15-19,
A22s,2012年度版,2012,A22s_YY_01_PP.shp,豪雪地帯統計情報（ポリゴン）,A22_064,人口・世帯数_男女計_生産年齢人口_20-24,
A22s,2012年度版,2012,A22s_YY_01_PP.shp,豪雪地帯統計情報（ポリゴン）,A22_065,人口・世帯数_男女計_生産年齢人口_25-29,
A22s,2012年度版,2012,A22s_YY_01_PP.shp,豪雪地帯統計情報（ポリゴン）,A22_066,人口・世帯数_男女計_生産年齢人口_30-34,
A22s,2012年度版,2012,A22s_YY_01_PP.shp,豪雪地帯統計情報（ポリゴン）,A22_067,人口・世帯数_男女計_生産年齢人口_35-39,
A22s,2012年度版,2012,A22s_YY_01_PP.shp,豪雪地帯統計情報（ポリゴン）,A22_068,人口・世帯数_男女計_生産年齢人口_40-44,
A22s,2012年度版,2012,A22s_YY_01_PP.shp,豪雪地帯統計情報（ポリゴン）,A22_069,人口・世帯数_男女計_生産年齢人口_45-49,
A22s,2012年度版,2012,A22s_YY_01_PP.shp,豪雪地帯統計情報（ポリゴン）,A22_070,人口・世帯数_男女計_生産年齢人口_50-54,
A22s,2012年度版,2012,A22s_YY_01_PP.shp,豪雪地帯統計情報（ポリゴン）,A22_071,人口・世帯数_男女計_生産年齢人口_55-59,
A22s,2012年度版,2012,A22s_YY_01_PP.shp,豪雪地帯統計情報（ポリゴン）,A22_072,人口・世帯数_男女計_生産年齢人口_60-64,
A22s,2012年度版,2012,A22s_YY_01_PP.shp,豪雪地帯統計情報（ポリゴン）,A22_073,人口・世帯数_男女計_生産年齢人口_小計,
A22s,2012年度版,2012,A22s_YY_01_PP.shp,豪雪地帯統計情報（ポリゴン）,A22_074,人口・世帯数_男女計_老年人口_65-69,
A22s,2012年度版,2012,A22s_YY_01_PP.shp,豪雪地帯統計情報（ポリゴン）,A22_075,人口・世帯数_男女計_老年人口_70-74,
A22s,2012年度版,2012,A22s_YY_01_PP.shp,豪雪地帯統計情報（ポリゴン）,A22_076,人口・世帯数_男女計_老年人口_75-79,
A22s,2012年度版,2012,A22s_YY_01_PP.shp,豪雪地帯統計情報（ポリゴン）,A22_077,人口・世帯数_男女計_老年人口_80-84,
A22s,2012年度版,2012,A22s_YY_01_PP.shp,豪雪地帯統計情報（ポリゴン）,A22_078,人口・世帯数_男女計_老年人口_85歳以上,
A22s,2012年度版,2012,A22s_YY_01_PP.shp,豪雪地帯統計情報（ポリゴン）,A22_079,人口・世帯数_男女計_老年人口_小計,
A22s,2012年度版,2012,A22s_YY_01_PP.shp,豪雪地帯統計情報（ポリゴン）,A22_080,人口・世帯数_男女計_不詳,
A22s,2012年度版,2012,A22s_YY_01_PP.shp,豪雪地帯統計情報（ポリゴン）,A22_081,人口・世帯数_就業者数_就業者総数,
A22s,2012年度版,2012,A22s_YY_01_PP.shp,豪雪地帯統計情報（ポリゴン）,A22_082,人口・世帯数_就業者数_第1次_農業,
A22s,2012年度版,2012,A22s_YY_01_PP.shp,豪雪地帯統計情報（ポリゴン）,A22_083,人口・世帯数_就業者数_第1次_農業、林業,
A22s,2012年度版,2012,A22s_YY_01_PP.shp,豪雪地帯統計情報（ポリゴン）,A22_084,人口・世帯数_就業者数_第1次_農業、林業（うち農業）,
A22s,2012年度版,2012,A22s_YY_01_PP.shp,豪雪地帯統計情報（ポリゴン）,A22_085,人口・世帯数_就業者数_第1次_林業,
A22s,2012年度版,2012,A22s_YY_01_PP.shp,豪雪地帯統計情報（ポリゴン）,A22_086,人口・世帯数_就業者数_第1次_漁業,
A22s,2012年度版,2012,A22s_YY_01_PP.shp,豪雪地帯統計情報（ポリゴン）,A22_087,人口・世帯数_就業者数_第1次_小計,
A22s,2012年度版,2012,A22s_YY_01_PP.shp,豪雪地帯統計情報（ポリゴン）,A22_088,人口・世帯数_就業者数_第2次_鉱業,
A22s,2012年度版,2012,A22s_YY_01_PP.shp,豪雪地帯統計情報（ポリゴン）,A22_089,人口・世帯数_就業者数_第2次_鉱業、採石業、砂利採取業,
A22s,2012年度版,2012,A22s_YY_01_PP.shp,豪雪地帯統計情報（ポリゴン）,A22_090,人口・世帯数_就業者数_第2次_建設業,
A22s,2012年度版,2012,A22s_YY_01_PP.shp,豪雪地帯統計情報（ポリゴン）,A22_091,人口・世帯数_就業者数_第2次_製造業,
A22s,2012年度版,2012,A22s_YY_01_PP.shp,豪雪地帯統計情報（ポリゴン）,A22_092,人口・世帯数_就業者数_第2次_小計,
A22s,2012年度版,2012,A22s_YY_01_PP.shp,豪雪地帯統計情報（ポリゴン）,A22_093,人口・世帯数_就業者数_第3次_電気・ガス・熱供給・水道業,
A22s,2012年度版,2012,A22s_YY_01_PP.shp,豪雪地帯統計情報（ポリゴン）,A22_094,人口・世帯数_就業者数_第3次_運輸・通信業,
A22s,2012年度版,2012,A22s_YY_01_PP.shp,豪雪地帯統計情報（ポリゴン）,A22_095,人口・世帯数_就業者数_第3次_情報・通信業,
A22s,2012年度版,2012,A22s_YY_01_PP.shp,豪雪地帯統計情報（ポリゴン）,A22_096,人口・世帯数_就業者数_第3次_運輸業,
A22s,2012年度版,2012,A22s_YY_01_PP.shp,豪雪地帯統計情報（ポリゴン）,A22_097,人口・世帯数_就業者数_第3次_運輸業、郵便業,
A22s,2012年度版,2012,A22s_YY_01_PP.shp,豪雪地帯統計情報（ポリゴン）,A22_098,人口・世帯数_就業者数_第3次_卸売・小売業・飲食店,
A22s,2012年度版,2012,A22s_YY_01_PP.shp,豪雪地帯統計情報（ポリゴン）,A22_099,人口・世帯数_就業者数_第3次_卸売・小売業,
A22s,2012年度版,2012,A22s_YY_01_PP.shp,豪雪地帯統計情報（ポリゴン）,A22_100,人口・世帯数_就業者数_第3次_金融・保険業,
A22s,2012年度版,2012,A22s_YY_01_PP.shp,豪雪地帯統計情報（ポリゴン）,A22_101,人口・世帯数_就業者数_第3次_不動産業,
A22s,2012年度版,2012,A22s_YY_01_PP.shp,豪雪地帯統計情報（ポリゴン）,A22_102,人口・世帯数_就業者数_第3次_不動産業、物品賃貸業,
A22s,2012年度版,2012,A22s_YY_01_PP.shp,豪雪地帯統計情報（ポリゴン）,A22_103,人口・世帯数_就業者数_第3次_学術研究、専門・技術サービス業,
A22s,2012年度版,2012,A22s_YY_01_PP.shp,豪雪地帯統計情報（ポリゴン）,A22_104,人口・世帯数_就業者数_第3次_飲食店・宿泊業,
A22s,2012年度版,2012,A22s_YY_01_PP.shp,豪雪地帯統計情報（ポリゴン）,A22_105,人口・世帯数_就業者数_第3次_宿泊業、飲食サービス業,
A22s,2012年度版,2012,A22s_YY_01_PP.shp,豪雪地帯統計情報（ポリゴン）,A22_106,人口・世帯数_就業者数_第3次_生活関連サービス業、娯楽業,
A22s,2012年度版,2012,A22s_YY_01_PP.shp,豪雪地帯統計情報（ポリゴン）,A22_107,人口・世帯数_就業者数_第3次_医療･福祉,
A22s,2012年度版,2012,A22s_YY_01_PP.shp,豪雪地帯統計情報（ポリゴン）,A22_108,人口・世帯数_就業者数_第3次_教育・学習支援業,
A22s,2012年度版,2012,A22s_YY_01_PP.shp,豪雪地帯統計情報（ポリゴン）,A22_109,人口・世帯数_就業者数_第3次_複合サービス事業,
A22s,2012年度版,2012,A22s_YY_01_PP.shp,豪雪地帯統計情報（ポリゴン）,A22_110,人口・世帯数_就業者数_第3次_サービス業,
A22s,2012年度版,2012,A22s_YY_01_PP.shp,豪雪地帯統計情報（ポリゴン）,A22_111,人口・世帯数_就業者数_第3次_公務,
A22s,2012年度版,2012,A22s_YY_01_PP.shp,豪雪地帯統計情報（ポリゴン）,A22_112,人口・世帯数_就業者数_第3次_小計,
A22s,2012年度版,2012,A22s_YY_01_PP.shp,豪雪地帯統計情報（ポリゴン）,A22_113,人口・世帯数_就業者数_分類不能,
A22s,2012年度版,2012,A22s_YY_02_PP.shp,豪雪地帯統計情報（ポリゴン）,A22_001,豪雪地帯_豪雪地帯ID,
A22s,2012年度版,2012,A22s_YY_02_PP.shp,豪雪地帯統計情報（ポリゴン）,A22_002,豪雪地帯_行政コード,
A22s,2012年度版,2012,A22s_YY_02_PP.shp,豪雪地帯統計情報（ポリゴン）,A22_003,豪雪地帯_都道府県名,
A22s,2012年度版,2012,A22s_YY_02_PP.shp,豪雪地帯統計情報（ポリゴン）,A22_004,豪雪地帯_支庁名,
A22s,2012年度版,2012,A22s_YY_02_PP.shp,豪雪地帯統計情報（ポリゴン）,A22_005,豪雪地帯_郡・政令市名,
A22s,2012年度版,2012,A22s_YY_02_PP.shp,豪雪地帯統計情報（ポリゴン）,A22_006,豪雪地帯_市区町村名,
A22s,2012年度版,2012,A22s_YY_02_PP.shp,豪雪地帯統計情報（ポリゴン）,A22_007,豪雪地帯_豪雪区分コード,
A22s,2012年度版,2012,A22s_YY_02_PP.shp,豪雪地帯統計情報（ポリゴン）,A22_008,豪雪地帯_指定状況コード,
A22s,2012年度版,2012,A22s_YY_02_PP.shp,豪雪地帯統計情報（ポリゴン）,A22_114,産業_調査年度,
A22s,2012年度版,2012,A22s_YY_02_PP.shp,豪雪地帯統計情報（ポリゴン）,A22_115,産業_事業所_全産業,
A22s,2012年度版,2012,A22s_YY_02_PP.shp,豪雪地帯統計情報（ポリゴン）,A22_116,産業_事業所_全産業（S公務を除く）,
A22s,2012年度版,2012,A22s_YY_02_PP.shp,豪雪地帯統計情報（ポリゴン）,A22_117,産業_事業所_農林漁業,
A22s,2012年度版,2012,A22s_YY_02_PP.shp,豪雪地帯統計情報（ポリゴン）,A22_118,産業_事業所_非農林漁業1,
A22s,2012年度版,2012,A22s_YY_02_PP.shp,豪雪地帯統計情報（ポリゴン）,A22_119,産業_事業所_非農林漁業2,
A22s,2012年度版,2012,A22s_YY_02_PP.shp,豪雪地帯統計情報（ポリゴン）,A22_120,産業_事業所_鉱業,
A22s,2012年度版,2012,A22s_YY_02_PP.shp,豪雪地帯統計情報（ポリゴン）,A22_121,産業_事業所_鉱業、採石業、砂利採取業,
A22s,2012年度版,2012,A22s_YY_02_PP.shp,豪雪地帯統計情報（ポリゴン）,A22_122,産業_事業所_建設業,
A22s,2012年度版,2012,A22s_YY_02_PP.shp,豪雪地帯統計情報（ポリゴン）,A22_123,産業_事業所_製造業,
A22s,2012年度版,2012,A22s_YY_02_PP.shp,豪雪地帯統計情報（ポリゴン）,A22_124,産業_事業所_電気・ガス・熱供給・水道業,
A22s,2012年度版,2012,A22s_YY_02_PP.shp,豪雪地帯統計情報（ポリゴン）,A22_125,産業_事業所_運輸・通信業,
A22s,2012年度版,2012,A22s_YY_02_PP.shp,豪雪地帯統計情報（ポリゴン）,A22_126,産業_事業所_情報・通信業,
A22s,2012年度版,2012,A22s_YY_02_PP.shp,豪雪地帯統計情報（ポリゴン）,A22_127,産業_事業所_運輸業,
A22s,2012年度版,2012,A22s_YY_02_PP.shp,豪雪地帯統計情報（ポリゴン）,A22_128,産業_事業所_運輸業、郵便業,
A22s,2012年度版,2012,A22s_YY_02_PP.shp,豪雪地帯統計情報（ポリゴン）,A22_129,産業_事業所_卸売・小売業・飲食業,
A22s,2012年度版,2012,A22s_YY_02_PP.shp,豪雪地帯統計情報（ポリゴン）,A22_130,産業_事業所_卸売・小売業,
A22s,2012年度版,2012,A22s_YY_02_PP.shp,豪雪地帯統計情報（ポリゴン）,A22_131,産業_事業所_金融・保険業,
A22s,2012年度版,2012,A22s_YY_02_PP.shp,豪雪地帯統計情報（ポリゴン）,A22_132,産業_事業所_不動産業,
A22s,2012年度版,2012,A22s_YY_02_PP.shp,豪雪地帯統計情報（ポリゴン）,A22_133,産業_事業所_不動産業、物品賃貸業,
A22s,2012年度版,2012,A22s_YY_02_PP.shp,豪雪地帯統計情報（ポリゴン）,A22_134,産業_事業所_学術研究、専門・技術サービス業,
A22s,2012年度版,2012,A22s_YY_02_PP.shp,豪雪地帯統計情報（ポリゴン）,A22_135,産業_事業所_飲食店・宿泊業,
A22s,2012年度版,2012,A22s_YY_02_PP.shp,豪雪地帯統計情報（ポリゴン）,A22_136,産業_事業所_宿泊業、飲食サービス業,
A22s,2012年度版,2012,A22s_YY_02_PP.shp,豪雪地帯統計情報（ポリゴン）,A22_137,産業_事業所_生活関連サービス業、娯楽業,
A22s,2012年度版,2012,A22s_YY_02_PP.shp,豪雪地帯統計情報（ポリゴン）,A22_138,産業_事業所_医療･福祉,
A22s,2012年度版,2012,A22s_YY_02_PP.shp,豪雪地帯統計情報（ポリゴン）,A22_139,産業_事業所_教育・学習支援業,
A22s,2012年度版,2012,A22s_YY_02_PP.shp,豪雪地帯統計情報（ポリゴン）,A22_140,産業_事業所_複合サービス事業,
A22s,2012年度版,2012,A22s_YY_02_PP.shp,豪雪地帯統計情報（ポリゴン）,A22_141,産業_事業所_サービス業,
A22s,2012年度版,2012,A22s_YY_02_PP.shp,豪雪地帯統計情報（ポリゴン）,A22_142,産業_事業所_公務,
A22s,2012年度版,2012,A22s_YY_02_PP.shp,豪雪地帯統計情報（ポリゴン）,A22_143,産業_事業所_1～4人,
A22s,2012年度版,2012,A22s_YY_02_PP.shp,豪雪地帯統計情報（ポリゴン）,A22_144,産業_事業所_5～9人,
A22s,2012年度版,2012,A22s_YY_02_PP.shp,豪雪地帯統計情報（ポリゴン）,A22_145,産業_事業所_10～19人,
A22s,2012年度版,2012,A22s_YY_02_PP.shp,豪雪地帯統計情報（ポリゴン）,A22_146,産業_事業所_20～29人,
A22s,2012年度版,2012,A22s_YY_02_PP.shp,豪雪地帯統計情報（ポリゴン）,A22_147,産業_事業所_30人以上,
A22s,2012年度版,2012,A22s_YY_02_PP.shp,豪雪地帯統計情報（ポリゴン）,A22_148,産業_事業所_派遣・下請従業者のみ,
A22s,2012年度版,2012,A22s_YY_02_PP.shp,豪雪地帯統計情報（ポリゴン）,A22_149,産業_事業所_経営組織別事業所数（民営事業所）,
A22s,2012年度版,2012,A22s_YY_02_PP.shp,豪雪地帯統計情報（ポリゴン）,A22_150,産業_事業所_事業所の形態別事業所数（民営事業所）,
A22s,2012年度版,2012,A22s_YY_02_PP.shp,豪雪地帯統計情報（ポリゴン）,A22_151,産業_事業所_うち個人,
A22s,2012年度版,2012,A22s_YY_02_PP.shp,豪雪地帯統計情報（ポリゴン）,A22_152,産業_事業所_うち法人,
A22s,2012年度版,2012,A22s_YY_02_PP.shp,豪雪地帯統計情報（ポリゴン）,A22_153,産業_事業所_うち会社,
A22s,2012年度版,2012,A22s_YY_02_PP.shp,豪雪地帯統計情報（ポリゴン）,A22_154,産業_事業所_店舗・飲食店,
A22s,2012年度版,2012,A22s_YY_02_PP.shp,豪雪地帯統計情報（ポリゴン）,A22_155,産業_事業所_事務所・営業所,
A22s,2012年度版,2012,A22s_YY_02_PP.shp,豪雪地帯統計情報（ポリゴン）,A22_156,産業_事業所_工場・作業所・鉱業所,
A22s,2012年度版,2012,A22s_YY_02_PP.shp,豪雪地帯統計情報（ポリゴン）,A22_157,産業_事業所_輸送センター・配送センター・これらの倉庫,
A22s,2012年度版,2012,A22s_YY_02_PP.shp,豪雪地帯統計情報（ポリゴン）,A22_158,産業_事業所_自家用倉庫・自家用油槽所,
A22s,2012年度版,2012,A22s_YY_02_PP.shp,豪雪地帯統計情報（ポリゴン）,A22_159,産業_事業所_外見上一般の住居と区別しにくい事業所,
A22s,2012年度版,2012,A22s_YY_02_PP.shp,豪雪地帯統計情報（ポリゴン）,A22_160,産業_事業所_その他（学校・病院・寺社・旅館・浴場など）,
A23,2016年度版,2016,A23-YY_PP.shp,特殊土壌地帯（ポリゴン）,A23_001,特殊土壌ID,
A23,2016年度版,2016,A23-YY_PP.shp,特殊土壌地帯（ポリゴン）,A23_002,行政区域コード,
A23,2016年度版,2016,A23-YY_PP.shp,特殊土壌地帯（ポリゴン）,A23_003,都道府県名,
A23,2016年度版,2016,A23-YY_PP.shp,特殊土壌地帯（ポリゴン）,A23_004,支庁・振興局名,
A23,2016年度版,2016,A23-YY_PP.shp,特殊土壌地帯（ポリゴン）,A23_005,郡・政令都市名,
A23,2016年度版,2016,A23-YY_PP.shp,特殊土壌地帯（ポリゴン）,A23_006,市区町村名,
A23,2016年度版,2016,A23-YY_PP.shp,特殊土壌地帯（ポリゴン）,A23_007,原典市区町村名,
A23,2016年度版,2016,A23-YY_PP.shp,特殊土壌地帯（ポリゴン）,A23_008,旧市町村名,
A23,2016年度版,2016,A23-YY_PP.shp,特殊土壌地帯（ポリゴン）,A23_009,特殊土壌区分コード,
A24,2016年度版,2016,A24-YY_PP.shp,振興山村（ポリゴン）,A24_001,振興山村ID,
A24,2016年度版,2016,A24-YY_PP.shp,振興山村（ポリゴン）,A24_002,行政区域コード,
A24,2016年度版,2016,A24-YY_PP.shp,振興山村（ポリゴン）,A24_003,都道府県名,
A24,2016年度版,2016,A24-YY_PP.shp,振興山村（ポリゴン）,A24_004,支庁・振興局名,
A24,2016年度版,2016,A24-YY_PP.shp,振興山村（ポリゴン）,A24_005,郡・政令都市名,
A24,2016年度版,2016,A24-YY_PP.shp,振興山村（ポリゴン）,A24_006,市区町村名,
A24,2016年度版,2016,A24-YY_PP.shp,振興山村（ポリゴン）,A24_007,原典市区町村名,
A24,2016年度版,2016,A24-YY_PP.shp,振興山村（ポリゴン）,A24_008,合併前市町村名,
A24,2016年度版,2016,A24-YY_PP.shp,振興山村（ポリゴン）,A24_009,旧市町村名,
A24,2016年度版,2016,A24-YY_PP.shp,振興山村（ポリゴン）,A24_010,指定年度,
A24,2016年度版,2016,A24-YY_PP.shp,振興山村（ポリゴン）,A24_011,指定番号,
A25,2016年度版,2016,A25-YY_PP.shp,特定農山村地域（ポリゴン）,A25_001,特定農山村ID,
A25,2016年度版,2016,A25-YY_PP.shp,特定農山村地域（ポリゴン）,A25_002,行政区域コード,
A25,2016年度版,2016,A25-YY_PP.shp,特定農山村地域（ポリゴン）,A25_003,都道府県名,
A25,2016年度版,2016,A25-YY_PP.shp,特定農山村地域（ポリゴン）,A25_004,支庁・振興局名,
A25,2016年度版,2016,A25-YY_PP.shp,特定農山村地域（ポリゴン）,A25_005,郡・政令都市名,
A25,2016年度版,2016,A25-YY_PP.shp,特定農山村地域（ポリゴン）,A25_006,市区町村名,
A25,2016年度版,2016,A25-YY_PP.shp,特定農山村地域（ポリゴン）,A25_007,原典市区町村名,
A25,2016年度版,2016,A25-YY_PP.shp,特定農山村地域（ポリゴン）,A25_008,旧市町村名,
A26,2010年度版,2010,A26-YY_PP-g_SedimentDisasterHazardArea_Surface.shp,土砂災害危険箇所（ポリゴン）,A26_001,危険箇所種別コード,
A26,2010年度版,2010,A26-YY_PP-g_SedimentDisasterHazardArea_Surface.shp,土砂災害危険箇所（ポリゴン）,A26_002,備考,
A26,2010年度版,2010,A26-YY_PP-g_SedimentDisasterHazardArea_Line.shp,土砂災害危険箇所（ライン）,A26_003,危険箇所種別コード,
A26,2010年度版,2010,A26-YY_PP-g_SedimentDisasterHazardArea_Line.shp,土砂災害危険箇所（ライン）,A26_004,備考,
A26,2010年度版,2010,A26-YY_PP-g_SedimentDisasterHazardArea_Point.shp,土砂災害危険箇所（ポイント）,A26_005,危険箇所種別コード,
A26,2010年度版,2010,A26-YY_PP-g_SedimentDisasterHazardArea_Point.shp,土砂災害危険箇所（ポイント）,A26_006,備考,
A27,2023年度版,2023,A27-YY_PP.shp,小学校区（ポリゴン）,A27_001,行政区域コード,
A27,2023年度版,2023,A27-YY_PP.shp,小学校区（ポリゴン）,A27_002,設置主体,
A27,2023年度版,2023,A27-YY_PP.shp,小学校区（ポリゴン）,A27_003,学校コード,
A27,2023年度版,2023,A27-YY_PP.shp,小学校区（ポリゴン）,A27_004,名称,
A27,2023年度版,2023,A27-YY_PP.shp,小学校区（ポリゴン）,A27_005,所在地,
A28,2022年度版,2022,A28-YY_WorldNaturalHeritage.shp,世界自然遺産（ポリゴン）,WHC,世界自然遺産名称コード,
A30a5,第1.1版,,A30a5-YY_mmmm_SedimentDisasterAndSnowslide.shp,土砂災害・雪崩メッシュ,A30a5_001,発生場所（都道府県）,
A30a5,第1.1版,,A30a5-YY_mmmm_SedimentDisasterAndSnowslide.shp,土砂災害・雪崩メッシュ,A30a5_002,発生場所（郡・市・区・町・村）,
A30a5,第1.1版,,A30a5-YY_mmmm_SedimentDisasterAndSnowslide.shp,土砂災害・雪崩メッシュ,A30a5_003,発生日,
A30a5,第1.1版,,A30a5-YY_mmmm_SedimentDisasterAndSnowslide.shp,土砂災害・雪崩メッシュ,A30a5_004,災害の種類,
A30a5,第1.1版,,A30a5-YY_mmmm_SedimentDisasterAndSnowslide.shp,土砂災害・雪崩メッシュ,A30a5_005,最大24時間雨量,
A30a5,第1.1版,,A30a5-YY_mmmm_SedimentDisasterAndSnowslide.shp,土砂災害・雪崩メッシュ,A30a5_006,最大時間雨量,
A30a5,第1.1版,,A30a5-YY_mmmm_SedimentDisasterAndSnowslide.shp,土砂災害・雪崩メッシュ,A30a5_007,勾配,
A30a5,第1.1版,,A30a5-YY_mmmm_SedimentDisasterAndSnowslide.shp,土砂災害・雪崩メッシュ,A30a5_008,流出土砂量,
A30a5,第1.1版,,A30a5-YY_mmmm_SedimentDisasterAndSnowslide.shp,土砂災害・雪崩メッシュ,A30a5_009,地すべり・雪崩の長さ,
A30a5,第1.1版,,A30a5-YY_mmmm_SedimentDisasterAndSnowslide.shp,土砂災害・雪崩メッシュ,A30a5_010,空間属性（メッシュ）,
A30b,第1.1版,,AppearancePoint_Gust.shp,竜巻等の突風等（ポイント）,A30b_001,竜巻等の突風番号,
A30b,第1.1版,,DisappearancePoint_Gust.shp,竜巻等の突風等（ポイント）,A30b_001,竜巻等の突風番号,
A30b,第1.1版,,AppearancePoint_Gust.shp,竜巻等の突風等（ポイント）,A30b_002,竜巻ダウンバースト区別,
A30b,第1.1版,,DisappearancePoint_Gust.shp,竜巻等の突風等（ポイント）,A30b_002,竜巻ダウンバースト区別,
A30b,第1.1版,,AppearancePoint_Gust.shp,竜巻等の突風等（ポイント）,A30b_003,発生:日時,
A30b,第1.1版,,DisappearancePoint_Gust.shp,竜巻等の突風等（ポイント）,A30b_003,発生:日時,
A30b,第1.1版,,AppearancePoint_Gust.shp,竜巻等の突風等（ポイント）,A30b_004,発生:誤差,
A30b,第1.1版,,DisappearancePoint_Gust.shp,竜巻等の突風等（ポイント）,A30b_004,発生:誤差,
A30b,第1.1版,,AppearancePoint_Gust.shp,竜巻等の突風等（ポイント）,A30b_005,発生:都道府県名,
A30b,第1.1版,,DisappearancePoint_Gust.shp,竜巻等の突風等（ポイント）,A30b_005,発生:都道府県名,
A30b,第1.1版,,AppearancePoint_Gust.shp,竜巻等の突風等（ポイント）,A30b_006,発生:市区町村名,
A30b,第1.1版,,DisappearancePoint_Gust.shp,竜巻等の突風等（ポイント）,A30b_006,発生:市区町村名,
A30b,第1.1版,,AppearancePoint_Gust.shp,竜巻等の突風等（ポイント）,A30b_007,発生:番地,
A30b,第1.1版,,DisappearancePoint_Gust.shp,竜巻等の突風等（ポイント）,A30b_007,発生:番地,
A30b,第1.1版,,AppearancePoint_Gust.shp,竜巻等の突風等（ポイント）,A30b_008,消滅:日時,
A30b,第1.1版,,DisappearancePoint_Gust.shp,竜巻等の突風等（ポイント）,A30b_008,消滅:日時,
A30b,第1.1版,,AppearancePoint_Gust.shp,竜巻等の突風等（ポイント）,A30b_009,消滅:誤差,
A30b,第1.1版,,DisappearancePoint_Gust.shp,竜巻等の突風等（ポイント）,A30b_009,消滅:誤差,
A30b,第1.1版,,AppearancePoint_Gust.shp,竜巻等の突風等（ポイント）,A30b_010,消滅:都道府県名,
A30b,第1.1版,,DisappearancePoint_Gust.shp,竜巻等の突風等（ポイント）,A30b_010,消滅:都道府県名,
A30b,第1.1版,,AppearancePoint_Gust.shp,竜巻等の突風等（ポイント）,A30b_011,消滅:市区町村名,
A30b,第1.1版,,DisappearancePoint_Gust.shp,竜巻等の突風等（ポイント）,A30b_011,消滅:市区町村名,
A30b,第1.1版,,AppearancePoint_Gust.shp,竜巻等の突風等（ポイント）,A30b_012,消滅:番地,
A30b,第1.1版,,DisappearancePoint_Gust.shp,竜巻等の突風等（ポイント）,A30b_012,消滅:番地,
A30b,第1.1版,,AppearancePoint_Gust.shp,竜巻等の突風等（ポイント）,A30b_013,藤田スケール（Fスケール）,
A30b,第1.1版,,DisappearancePoint_Gust.shp,竜巻等の突風等（ポイント）,A30b_013,藤田スケール（Fスケール）,
A30b,第1.1版,,AppearancePoint_Gust.shp,竜巻等の突風等（ポイント）,A30b_014,被害域:幅,
A30b,第1.1版,,DisappearancePoint_Gust.shp,竜巻等の突風等（ポイント）,A30b_014,被害域:幅,
A30b,第1.1版,,AppearancePoint_Gust.shp,竜巻等の突風等（ポイント）,A30b_015,被害域:長さ,
A30b,第1.1版,,DisappearancePoint_Gust.shp,竜巻等の突風等（ポイント）,A30b_015,被害域:長さ,
A30b,第1.1版,,AppearancePoint_Gust.shp,竜巻等の突風等（ポイント）,A30b_016,移動:方向1,
A30b,第1.1版,,DisappearancePoint_Gust.shp,竜巻等の突風等（ポイント）,A30b_016,移動:方向1,
A30b,第1.1版,,AppearancePoint_Gust.shp,竜巻等の突風等（ポイント）,A30b_017,移動:方向2,
A30b,第1.1版,,DisappearancePoint_Gust.shp,竜巻等の突風等（ポイント）,A30b_017,移動:方向2,
A30b,第1.1版,,AppearancePoint_Gust.shp,竜巻等の突風等（ポイント）,A30b_018,移動:速度,
A30b,第1.1版,,DisappearancePoint_Gust.shp,竜巻等の突風等（ポイント）,A30b_018,移動:速度,
A30b,第1.1版,,AppearancePoint_Gust.shp,竜巻等の突風等（ポイント）,A30b_019,継続時間,
A30b,第1.1版,,DisappearancePoint_Gust.shp,竜巻等の突風等（ポイント）,A30b_019,継続時間,
A30b,第1.1版,,AppearancePoint_Gust.shp,竜巻等の突風等（ポイント）,A30b_020,x回転方向,
A30b,第1.1版,,DisappearancePoint_Gust.shp,竜巻等の突風等（ポイント）,A30b_020,x回転方向,
A30b,第1.1版,,AppearancePoint_Gust.shp,竜巻等の突風等（ポイント）,A30b_021,発生地点区別,
A30b,第1.1版,,DisappearancePoint_Gust.shp,竜巻等の突風等（ポイント）,A30b_021,発生地点区別,
A30b,第1.1版,,AppearancePoint_Gust.shp,竜巻等の突風等（ポイント）,A30b_022,総観場:1,
A30b,第1.1版,,DisappearancePoint_Gust.shp,竜巻等の突風等（ポイント）,A30b_022,総観場:1,
A30b,第1.1版,,AppearancePoint_Gust.shp,竜巻等の突風等（ポイント）,A30b_023,総観場:2,
A30b,第1.1版,,DisappearancePoint_Gust.shp,竜巻等の突風等（ポイント）,A30b_023,総観場:2,
A30b,第1.1版,,AppearancePoint_Gust.shp,竜巻等の突風等（ポイント）,A30b_024,総観場:3,
A30b,第1.1版,,DisappearancePoint_Gust.shp,竜巻等の突風等（ポイント）,A30b_024,総観場:3,
A30b,第1.1版,,AppearancePoint_Gust.shp,竜巻等の突風等（ポイント）,A30b_025,総観規模じょう乱からの位置,
A30b,第1.1版,,DisappearancePoint_Gust.shp,竜巻等の突風等（ポイント）,A30b_025,総観規模じょう乱からの位置,
A30b,第1.1版,,AppearancePoint_Gust.shp,竜巻等の突風等（ポイント）,A30b_026,特徴,
A30b,第1.1版,,DisappearancePoint_Gust.shp,竜巻等の突風等（ポイント）,A30b_026,特徴,
A30b,第1.1版,,AppearancePoint_Gust.shp,竜巻等の突風等（ポイント）,A30b_027,発生位置の緯度誤差範囲,
A30b,第1.1版,,DisappearancePoint_Gust.shp,竜巻等の突風等（ポイント）,A30b_027,発生位置の緯度誤差範囲,
A30b,第1.1版,,AppearancePoint_Gust.shp,竜巻等の突風等（ポイント）,A30b_028,発生位置の経度誤差範囲,
A30b,第1.1版,,DisappearancePoint_Gust.shp,竜巻等の突風等（ポイント）,A30b_028,発生位置の経度誤差範囲,
A30b,第1.1版,,AppearancePoint_Gust.shp,竜巻等の突風等（ポイント）,A30b_029,発生位置の緯度,
A30b,第1.1版,,DisappearancePoint_Gust.shp,竜巻等の突風等（ポイント）,A30b_029,発生位置の緯度,
A30b,第1.1版,,AppearancePoint_Gust.shp,竜巻等の突風等（ポイント）,A30b_030,発生位置の経度,
A30b,第1.1版,,DisappearancePoint_Gust.shp,竜巻等の突風等（ポイント）,A30b_030,発生位置の経度,
A30b,第1.1版,,AppearancePoint_Gust.shp,竜巻等の突風等（ポイント）,A30b_031,消滅位置の緯度誤差範囲,
A30b,第1.1版,,DisappearancePoint_Gust.shp,竜巻等の突風等（ポイント）,A30b_031,消滅位置の緯度誤差範囲,
A30b,第1.1版,,AppearancePoint_Gust.shp,竜巻等の突風等（ポイント）,A30b_032,消滅位置の経度誤差範囲,
A30b,第1.1版,,DisappearancePoint_Gust.shp,竜巻等の突風等（ポイント）,A30b_032,消滅位置の経度誤差範囲,
A30b,第1.1版,,AppearancePoint_Gust.shp,竜巻等の突風等（ポイント）,A30b_033,消滅位置の緯度,
A30b,第1.1版,,DisappearancePoint_Gust.shp,竜巻等の突風等（ポイント）,A30b_033,消滅位置の緯度,
A30b,第1.1版,,AppearancePoint_Gust.shp,竜巻等の突風等（ポイント）,A30b_034,消滅位置の経度,
A30b,第1.1版,,DisappearancePoint_Gust.shp,竜巻等の突風等（ポイント）,A30b_034,消滅位置の経度,
A31a,2025年度版,2025,01_計画規模,洪水浸水想定区域（河川単位）（ポリゴン）,A31a_101,河川番号,
A31a,2025年度版,2025,01_計画規模,洪水浸水想定区域（河川単位）（ポリゴン）,A31a_102,河川名,
A31a,2025年度版,2025,01_計画規模,洪水浸水想定区域（河川単位）（ポリゴン）,A31a_103,河川管理者番号,
A31a,2025年度版,2025,01_計画規模,洪水浸水想定区域（河川単位）（ポリゴン）,A31a_104,河川管理者,
A31a,2025年度版,2025,01_計画規模,洪水浸水想定区域（河川単位）（ポリゴン）,A31a_105,浸水深ランク,
A31a,2025年度版,2025,02_想定最大規模,洪水浸水想定区域（河川単位）（ポリゴン）,A31a_201,河川番号,
A31a,2025年度版,2025,02_想定最大規模,洪水浸水想定区域（河川単位）（ポリゴン）,A31a_202,河川名,
A31a,2025年度版,2025,02_想定最大規模,洪水浸水想定区域（河川単位）（ポリゴン）,A31a_203,河川管理番号,
A31a,2025年度版,2025,02_想定最大規模,洪水浸水想定区域（河川単位）（ポリゴン）,A31a_204,河川管理者,
A31a,2025年度版,2025,02_想定最大規模,洪水浸水想定区域（河川単位）（ポリゴン）,A31a_205,浸水深ランク,
A31a,2025年度版,2025,03_浸水継続時間,洪水浸水想定区域（河川単位）（ポリゴン）,A31a_301,河川番号,
A31a,2025年度版,2025,03_浸水継続時間,洪水浸水想定区域（河川単位）（ポリゴン）,A31a_302,河川名,
A31a,2025年度版,2025,03_浸水継続時間,洪水浸水想定区域（河川単位）（ポリゴン）,A31a_303,河川管理番号,
A31a,2025年度版,2025,03_浸水継続時間,洪水浸水想定区域（河川単位）（ポリゴン）,A31a_304,河川管理者,
A31a,2025年度版,2025,03_浸水継続時間,洪水浸水想定区域（河川単位）（ポリゴン）,A31a_305,浸水継続時間ランク,
A31a,2025年度版,2025,04_家屋倒壊等氾濫,洪水浸水想定区域（河川単位）（ポリゴン）,A31a_401,河川番号,
A31a,2025年度版,2025,04_家屋倒壊等氾濫,洪水浸水想定区域（河川単位）（ポリゴン）,A31a_402,河川名,
A31a,2025年度版,2025,04_家屋倒壊等氾濫,洪水浸水想定区域（河川単位）（ポリゴン）,A31a_403,河川管理番号,
A31a,2025年度版,2025,04_家屋倒壊等氾濫,洪水浸水想定区域（河川単位）（ポリゴン）,A31a_404,河川管理者,
A31a,2025年度版,2025,04_家屋倒壊等氾濫,洪水浸水想定区域（河川単位）（ポリゴン）,A31a_405,危険区域区分,
A31b,2025年度版,2025,01_計画規模,洪水浸水想定区域（1次メッシュ単位）（ポリゴン）,A31b_101,浸水深ランク,
A31b,2025年度版,2025,02_想定最大規模,洪水浸水想定区域（1次メッシュ単位）（ポリゴン）,A31b_201,浸水深ランク,
A31b,2025年度版,2025,03_浸水継続時間,洪水浸水想定区域（1次メッシュ単位）（ポリゴン）,A31b_301,浸水継続時間ランク,
A31b,2025年度版,2025,04_家屋倒壊等氾濫想定区域,洪水浸水想定区域（1次メッシュ単位）（ポリゴン）,A31b_401,危険区域区分,
A32,2023年度版,2023,A32-YY_PP.shp,中学校区（ポリゴン）,A32_001,行政区域コード,
A32,2023年度版,2023,A32-YY_PP.shp,中学校区（ポリゴン）,A32_002,設置主体,
A32,2023年度版,2023,A32-YY_PP.shp,中学校区（ポリゴン）,A32_003,学校コード,
A32,2023年度版,2023,A32-YY_PP.shp,中学校区（ポリゴン）,A32_004,名称,
A32,2023年度版,2023,A32-YY_PP.shp,中学校区（ポリゴン）,A32_005,所在地,
A33,2025年度版,2025,A33-YY_PPPolygon.shp,土砂災害警戒区域（ポリゴン）,A33_001,現象の種類,
A33,2025年度版,2025,A33-YY_PPPolygon.shp,土砂災害警戒区域（ポリゴン）,A33_002,区域区分,
A33,2025年度版,2025,A33-YY_PPPolygon.shp,土砂災害警戒区域（ポリゴン）,A33_003,都道府県コード,
A33,2025年度版,2025,A33-YY_PPPolygon.shp,土砂災害警戒区域（ポリゴン）,A33_004,区域番号,
A33,2025年度版,2025,A33-YY_PPPolygon.shp,土砂災害警戒区域（ポリゴン）,A33_005,区域名,
A33,2025年度版,2025,A33-YY_PPPolygon.shp,土砂災害警戒区域（ポリゴン）,A33_006,所在地,
A33,2025年度版,2025,A33-YY_PPPolygon.shp,土砂災害警戒区域（ポリゴン）,A33_007,公示日,
A33,2025年度版,2025,A33-YY_PPPolygon.shp,土砂災害警戒区域（ポリゴン）,A33_008,特別警戒未指定フラグ,
A33,2025年度版,2025,A33-YY_PPLine.shp,土砂災害警戒区域（ライン）,A33_001,現象の種類,
A33,2025年度版,2025,A33-YY_PPLine.shp,土砂災害警戒区域（ライン）,A33_002,区域区分,
A33,2025年度版,2025,A33-YY_PPLine.shp,土砂災害警戒区域（ライン）,A33_003,都道府県コード,
A33,2025年度版,2025,A33-YY_PPLine.shp,土砂災害警戒区域（ライン）,A33_004,区域番号,
A33,2025年度版,2025,A33-YY_PPLine.shp,土砂災害警戒区域（ライン）,A33_005,区域名,
A33,2025年度版,2025,A33-YY_PPLine.shp,土砂災害警戒区域（ライン）,A33_006,所在地,
A33,2025年度版,2025,A33-YY_PPLine.shp,土砂災害警戒区域（ライン）,A33_007,公示日,
A33,2025年度版,2025,A33-YY_PPLine.shp,土砂災害警戒区域（ライン）,A33_008,特別警戒未指定フラグ,
A34,2022年度版,2022,A34a-230328.shp,世界文化遺産（ポリゴン）,A34a_001,構成資産範囲ID,
A34,2022年度版,2022,A34a-230328.shp,世界文化遺産（ポリゴン）,A34a_002,世界遺産番号,
A34,2022年度版,2022,A34a-230328.shp,世界文化遺産（ポリゴン）,A34a_003,世界文化遺産名,
A34,2022年度版,2022,A34a-230328.shp,世界文化遺産（ポリゴン）,A34a_004,地区名,
A34,2022年度版,2022,A34a-230328.shp,世界文化遺産（ポリゴン）,A34a_005,都道府県名,
A34,2022年度版,2022,A34a-230328.shp,世界文化遺産（ポリゴン）,A34a_006,構成資産範囲面積,
A34,2022年度版,2022,A34a-230328.shp,世界文化遺産（ポリゴン）,A34a_007,構成資産,
A34,2022年度版,2022,A34a-230328.shp,世界文化遺産（ポリゴン）,A34a_008,登録基準区分,
A34,2022年度版,2022,A34a-230328.shp,世界文化遺産（ポリゴン）,A34a_009,記載年月,
A34,2022年度版,2022,A34b-230328.shp,世界文化遺産（ポイント）,A34b_001,構成資産範囲ID,
A34,2022年度版,2022,A34b-230328.shp,世界文化遺産（ポイント）,A34b_002,世界遺産番号,
A34,2022年度版,2022,A34b-230328.shp,世界文化遺産（ポイント）,A34b_003,世界文化遺産名,
A34,2022年度版,2022,A34b-230328.shp,世界文化遺産（ポイント）,A34b_004,地区名,
A34,2022年度版,2022,A34b-230328.shp,世界文化遺産（ポイント）,A34b_005,都道府県名,
A34,2022年度版,2022,A34b-230328.shp,世界文化遺産（ポイント）,A34b_006,構成資産範囲面積,
A34,2022年度版,2022,A34b-230328.shp,世界文化遺産（ポイント）,A34b_007,構成資産,
A34,2022年度版,2022,A34b-230328.shp,世界文化遺産（ポイント）,A34b_008,登録基準区分,
A34,2022年度版,2022,A34b-230328.shp,世界文化遺産（ポイント）,A34b_009,記載年月,
A34,2022年度版,2022,A34c-230328.shp,世界文化遺産（ライン）,A34c_001,構成資産範囲ID,
A34,2022年度版,2022,A34c-230328.shp,世界文化遺産（ライン）,A34c_002,世界遺産番号,
A34,2022年度版,2022,A34c-230328.shp,世界文化遺産（ライン）,A34c_003,世界文化遺産名,
A34,2022年度版,2022,A34c-230328.shp,世界文化遺産（ライン）,A34c_004,地区名,
A34,2022年度版,2022,A34c-230328.shp,世界文化遺産（ライン）,A34c_005,都道府県名,
A34,2022年度版,2022,A34c-230328.shp,世界文化遺産（ライン）,A34c_006,構成資産範囲面積,
A34,2022年度版,2022,A34c-230328.shp,世界文化遺産（ライン）,A34c_007,構成資産,
A34,2022年度版,2022,A34c-230328.shp,世界文化遺産（ライン）,A34c_008,登録基準区分,
A34,2022年度版,2022,A34c-230328.shp,世界文化遺産（ライン）,A34c_009,記載年月,
A34,2022年度版,2022,A34d-230328.shp,世界文化遺産（ポイント）,A34d_001,構成資産範囲ID,
A34,2022年度版,2022,A34d-230328.shp,世界文化遺産（ポイント）,A34d_002,世界遺産番号,
A34,2022年度版,2022,A34d-230328.shp,世界文化遺産（ポイント）,A34d_003,世界文化遺産名,
A34,2022年度版,2022,A34d-230328.shp,世界文化遺産（ポイント）,A34d_004,地区名,
A34,2022年度版,2022,A34d-230328.shp,世界文化遺産（ポイント）,A34d_005,都道府県名,
A34,2022年度版,2022,A34d-230328.shp,世界文化遺産（ポイント）,A34d_006,構成資産範囲面積,
A34,2022年度版,2022,A34d-230328.shp,世界文化遺産（ポイント）,A34d_007,構成資産,
A34,2022年度版,2022,A34d-230328.shp,世界文化遺産（ポイント）,A34d_008,登録基準区分,
A34,2022年度版,2022,A34d-230328.shp,世界文化遺産（ポイント）,A34d_009,記載年月,
A34,2022年度版,2022,A34e-230328.shp,世界文化遺産（ポイント）,A34e_001,構成資産ID,
A34,2022年度版,2022,A34e-230328.shp,世界文化遺産（ポイント）,A34e_002,世界遺産番号,
A34,2022年度版,2022,A34e-230328.shp,世界文化遺産（ポイント）,A34e_003,世界文化遺産名,
A34,2022年度版,2022,A34e-230328.shp,世界文化遺産（ポイント）,A34e_004,構成資産名,
A34,2022年度版,2022,A34f-230328.shp,世界文化遺産（ポリゴン）,A34f_001,緩衝地帯ID,
A34,2022年度版,2022,A34f-230328.shp,世界文化遺産（ポリゴン）,A34f_002,世界遺産番号,
A34,2022年度版,2022,A34f-230328.shp,世界文化遺産（ポリゴン）,A34f_003,世界文化遺産名,
A34,2022年度版,2022,A34f-230328.shp,世界文化遺産（ポリゴン）,A34f_004,地区名,
A34,2022年度版,2022,A34f-230328.shp,世界文化遺産（ポリゴン）,A34f_005,緩衝地帯面積,
A34,2022年度版,2022,A34g-230328.shp,世界文化遺産（ポイント）,A34g_001,緩衝地帯ID,
A34,2022年度版,2022,A34g-230328.shp,世界文化遺産（ポイント）,A34g_002,世界遺産番号,
A34,2022年度版,2022,A34g-230328.shp,世界文化遺産（ポイント）,A34g_003,世界文化遺産名,
A34,2022年度版,2022,A34g-230328.shp,世界文化遺産（ポイント）,A34g_004,地区名,
A34,2022年度版,2022,A34g-230328.shp,世界文化遺産（ポイント）,A34g_005,緩衝地帯面積,
A35a,2014年度版,2014,A35a-YY_PP.shp,景観計画区域（ポリゴン）,A35a_001,景観計画区域ID,
A35a,2014年度版,2014,A35a-YY_PP.shp,景観計画区域（ポリゴン）,A35a_002,都道府県コード,
A35a,2014年度版,2014,A35a-YY_PP.shp,景観計画区域（ポリゴン）,A35a_003,団体名,
A35a,2014年度版,2014,A35a-YY_PP.shp,景観計画区域（ポリゴン）,A35a_004,行政区域コード,
A35a,2014年度版,2014,A35a-YY_PP.shp,景観計画区域（ポリゴン）,A35a_005,策定年月日,
A35a,2014年度版,2014,A35a-YY_PP.shp,景観計画区域（ポリゴン）,A35a_006,面積,
A35a,2014年度版,2014,A35a-YY_PP.shp,景観計画区域（ポリゴン）,A35a_007,景観計画未策定フラグ,
A35a,2014年度版,2014,A35b-YY_PP.shp,景観計画区域（ポイント）,A35b_001,景観計画区域ID,
A35a,2014年度版,2014,A35b-YY_PP.shp,景観計画区域（ポイント）,A35b_002,都道府県コード,
A35a,2014年度版,2014,A35b-YY_PP.shp,景観計画区域（ポイント）,A35b_003,団体名,
A35a,2014年度版,2014,A35b-YY_PP.shp,景観計画区域（ポイント）,A35b_004,行政区域コード,
A35a,2014年度版,2014,A35b-YY_PP.shp,景観計画区域（ポイント）,A35b_005,策定年月日,
A35a,2014年度版,2014,A35b-YY_PP.shp,景観計画区域（ポイント）,A35b_006,面積,
A35a,2014年度版,2014,A35b-YY_PP.shp,景観計画区域（ポイント）,A35b_007,景観計画未策定フラグ,
A35a,2014年度版,2014,A35c-YY_PP.shp,景観計画区域（ポリゴン）,A35c_001,景観計画区域ID,
A35a,2014年度版,2014,A35c-YY_PP.shp,景観計画区域（ポリゴン）,A35c_002,都道府県コード,
A35a,2014年度版,2014,A35c-YY_PP.shp,景観計画区域（ポリゴン）,A35c_003,団体名,
A35a,2014年度版,2014,A35c-YY_PP.shp,景観計画区域（ポリゴン）,A35c_004,行政区域コード,
A35a,2014年度版,2014,A35c-YY_PP.shp,景観計画区域（ポリゴン）,A35c_005,地区名称,
A35b,2014年度版,2014,A35d-YY_PP.shp,景観地区・準景観地区（ポリゴン）,A35d_001,景観地区ID,
A35b,2014年度版,2014,A35d-YY_PP.shp,景観地区・準景観地区（ポリゴン）,A35d_002,都道府県コード,
A35b,2014年度版,2014,A35d-YY_PP.shp,景観地区・準景観地区（ポリゴン）,A35d_003,団体名,
A35b,2014年度版,2014,A35d-YY_PP.shp,景観地区・準景観地区（ポリゴン）,A35d_004,行政区域コード,
A35b,2014年度版,2014,A35d-YY_PP.shp,景観地区・準景観地区（ポリゴン）,A35d_005,名称,
A35b,2014年度版,2014,A35d-YY_PP.shp,景観地区・準景観地区（ポリゴン）,A35d_006,位置,
A35b,2014年度版,2014,A35d-YY_PP.shp,景観地区・準景観地区（ポリゴン）,A35d_007,面積,
A35b,2014年度版,2014,A35d-YY_PP.shp,景観地区・準景観地区（ポリゴン）,A35d_008,決定年月日,
A35b,2014年度版,2014,A35d-YY_PP.shp,景観地区・準景観地区（ポリゴン）,A35d_009,種別コード,
A35b,2014年度版,2014,A35e-YY_PP.shp,景観地区・準景観地区（ポイント）,A35e_001,景観地区ID,
A35b,2014年度版,2014,A35e-YY_PP.shp,景観地区・準景観地区（ポイント）,A35e_002,都道府県コード,
A35b,2014年度版,2014,A35e-YY_PP.shp,景観地区・準景観地区（ポイント）,A35e_003,団体名,
A35b,2014年度版,2014,A35e-YY_PP.shp,景観地区・準景観地区（ポイント）,A35e_004,行政区域コード,
A35b,2014年度版,2014,A35e-YY_PP.shp,景観地区・準景観地区（ポイント）,A35e_005,名称,
A35b,2014年度版,2014,A35e-YY_PP.shp,景観地区・準景観地区（ポイント）,A35e_006,位置,
A35b,2014年度版,2014,A35e-YY_PP.shp,景観地区・準景観地区（ポイント）,A35e_007,面積,
A35b,2014年度版,2014,A35e-YY_PP.shp,景観地区・準景観地区（ポイント）,A35e_008,決定年月日,
A35b,2014年度版,2014,A35e-YY_PP.shp,景観地区・準景観地区（ポイント）,A35e_009,種別コード,
A35b,2014年度版,2014,A35f-YY_PP.shp,景観地区・準景観地区（ポリゴン）,A35f_001,景観地区ゾーンID,
A35b,2014年度版,2014,A35f-YY_PP.shp,景観地区・準景観地区（ポリゴン）,A35f_002,都道府県コード,
A35b,2014年度版,2014,A35f-YY_PP.shp,景観地区・準景観地区（ポリゴン）,A35f_003,団体名,
A35b,2014年度版,2014,A35f-YY_PP.shp,景観地区・準景観地区（ポリゴン）,A35f_004,行政区域コード,
A35b,2014年度版,2014,A35f-YY_PP.shp,景観地区・準景観地区（ポリゴン）,A35f_005,景観地区・準景観地区名称,
A35b,2014年度版,2014,A35f-YY_PP.shp,景観地区・準景観地区（ポリゴン）,A35f_006,ゾーン名称,
A35b,2014年度版,2014,A35f-YY_PP.shp,景観地区・準景観地区（ポリゴン）,A35f_007,種別,
A35c,2014年度版,2014,A35g-YY_PP.shp,景観重要建造物・樹木（ポイント）,A35g_001,景観重要建造物ID,
A35c,2014年度版,2014,A35g-YY_PP.shp,景観重要建造物・樹木（ポイント）,A35g_002,都道府県コード,
A35c,2014年度版,2014,A35g-YY_PP.shp,景観重要建造物・樹木（ポイント）,A35g_003,団体名,
A35c,2014年度版,2014,A35g-YY_PP.shp,景観重要建造物・樹木（ポイント）,A35g_004,行政区域コード,
A35c,2014年度版,2014,A35g-YY_PP.shp,景観重要建造物・樹木（ポイント）,A35g_005,指定番号,
A35c,2014年度版,2014,A35g-YY_PP.shp,景観重要建造物・樹木（ポイント）,A35g_006,指定年月日,
A35c,2014年度版,2014,A35g-YY_PP.shp,景観重要建造物・樹木（ポイント）,A35g_007,名称,
A35c,2014年度版,2014,A35g-YY_PP.shp,景観重要建造物・樹木（ポイント）,A35g_008,所在地,
A35c,2014年度版,2014,A35g-YY_PP.shp,景観重要建造物・樹木（ポイント）,A35g_009,外観の特徴,
A35c,2014年度版,2014,A35h-YY_PP.shp,景観重要建造物・樹木（ポイント）,A35h_001,景観重要樹木ID,
A35c,2014年度版,2014,A35h-YY_PP.shp,景観重要建造物・樹木（ポイント）,A35h_002,都道府県コード,
A35c,2014年度版,2014,A35h-YY_PP.shp,景観重要建造物・樹木（ポイント）,A35h_003,団体名,
A35c,2014年度版,2014,A35h-YY_PP.shp,景観重要建造物・樹木（ポイント）,A35h_004,行政区域コード,
A35c,2014年度版,2014,A35h-YY_PP.shp,景観重要建造物・樹木（ポイント）,A35h_005,指定番号,
A35c,2014年度版,2014,A35h-YY_PP.shp,景観重要建造物・樹木（ポイント）,A35h_006,指定年月日,
A35c,2014年度版,2014,A35h-YY_PP.shp,景観重要建造物・樹木（ポイント）,A35h_007,樹種,
A35c,2014年度版,2014,A35h-YY_PP.shp,景観重要建造物・樹木（ポイント）,A35h_008,所在地,
A35c,2014年度版,2014,A35h-YY_PP.shp,景観重要建造物・樹木（ポイント）,A35h_009,外観の特徴,
A37,2015年度版,2015,A37-YY_PeninsulaRoadCirculation_PP.shp,半島循環道路（ライン）,A37_000001,指定時の路線名,
A37,2015年度版,2015,A37-YY_PeninsulaRoadCirculation_PP.shp,半島循環道路（ライン）,A37_000002,半島振興対策実施地域名,
A37,2015年度版,2015,A37-YY_PeninsulaRoadCirculation_PP.shp,半島循環道路（ライン）,A37_000003,指定時の道路種別,
A37,2015年度版,2015,A37-YY_PeninsulaRoadCirculation_PP.shp,半島循環道路（ライン）,A37_000004,最大交通量,
A37,2015年度版,2015,A37-YY_PeninsulaRoadCirculation_PP.shp,半島循環道路（ライン）,A37_000005,平均交通量,
A37,2015年度版,2015,A37-YY_PeninsulaRoadCirculation_PP.shp,半島循環道路（ライン）,A37_000006,指定時の区間（住所）,
A37,2015年度版,2015,A37-YY_PeninsulaRoad_PP.shp,半島循環道路（ライン）,A37_100001,半島振興対策実施地域名,
A37,2015年度版,2015,A37-YY_PeninsulaRoad_PP.shp,半島循環道路（ライン）,A37_100002,道路種別,
A37,2015年度版,2015,A37-YY_TrafficRegulationForUnusualWeatherInPeninsula_PP.shp,半島循環道路（ライン）,A37_200001,路線名,
A37,2015年度版,2015,A37-YY_TrafficRegulationForUnusualWeatherInPeninsula_PP.shp,半島循環道路（ライン）,A37_200002,道路種別,
A37,2015年度版,2015,A37-YY_TrafficRegulationForUnusualWeatherInPeninsula_PP.shp,半島循環道路（ライン）,A37_200003,規制基準雨量（連続雨量）,
A37,2015年度版,2015,A37-YY_TrafficRegulationForUnusualWeatherInPeninsula_PP.shp,半島循環道路（ライン）,A37_200004,規制基準雨量（1時間雨量）,
A37,2015年度版,2015,A37-YY_TrafficRegulationForUnusualWeatherInPeninsula_PP.shp,半島循環道路（ライン）,A37_200005,規制基準雨量（24時間雨量）,
A37,2015年度版,2015,A37-YY_TrafficRegulationForUnusualWeatherInPeninsula_PP.shp,半島循環道路（ライン）,A37_200006,規制基準,
A37,2015年度版,2015,A37-YY_TrafficRegulationForUnusualWeatherInPeninsula_PP.shp,半島循環道路（ライン）,A37_210001,通行規制区間の起点（住所）,
A37,2015年度版,2015,A37-YY_TrafficRegulationForUnusualWeatherInPeninsula_PP.shp,半島循環道路（ライン）,A37_210002,通行規制区間の終点（住所）,
A37,2015年度版,2015,A37-YY_PeninsulaDevelopmentTargetMunicipality_PP.shp,半島循環道路（ポリゴン）,A37_300001,半島ID,
A37,2015年度版,2015,A37-YY_PeninsulaDevelopmentTargetMunicipality_PP.shp,半島循環道路（ポリゴン）,A37_300002,半島振興対策実施地域名,
A37,2015年度版,2015,A37-YY_PeninsulaDevelopmentTargetMunicipality_PP.shp,半島循環道路（ポリゴン）,A37_300003,市町村名,
A37,2015年度版,2015,A37-YY_PeninsulaDevelopmentTargetMunicipality_PP.shp,半島循環道路（ポリゴン）,A37_300004,地域指定当時の市町村名,
A37,2015年度版,2015,A37-YY_PeninsulaDevelopmentTargetMunicipality_PP.shp,半島循環道路（ポリゴン）,A37_300005,集計単位となる団体名（救急搬送）,
A37,2015年度版,2015,A37-YY_PeninsulaDevelopmentTargetMunicipality_PP.shp,半島循環道路（ポリゴン）,A37_300006,データ整備時の行政コード,
A37,2015年度版,2015,A37-YY_PeninsulaDevelopmentTargetMunicipality_PP.shp,半島循環道路（ポリゴン）,A37_300007,集計単位フラグ（救急搬送）,
A37,2015年度版,2015,A37-YY_PeninsulaDevelopmentTargetMunicipality_PP.shp,半島循環道路（ポリゴン）,A37_310001,年平均日射量,
A37,2015年度版,2015,A37-YY_PeninsulaDevelopmentTargetMunicipality_PP.shp,半島循環道路（ポリゴン）,A37_310002,平均風速（標高30m）,
A37,2015年度版,2015,A37-YY_PeninsulaDevelopmentTargetMunicipality_PP.shp,半島循環道路（ポリゴン）,A37_310003,平均風速（標高50m）,
A37,2015年度版,2015,A37-YY_PeninsulaDevelopmentTargetMunicipality_PP.shp,半島循環道路（ポリゴン）,A37_310004,平均風速（標高70m）,
A37,2015年度版,2015,A37-YY_PeninsulaDevelopmentTargetMunicipality_PP.shp,半島循環道路（ポリゴン）,A37_320001,耕作放棄地面積,
A37,2015年度版,2015,A37-YY_PeninsulaDevelopmentTargetMunicipality_PP.shp,半島循環道路（ポリゴン）,A37_330001,宿泊能力（客室数）,
A37,2015年度版,2015,A37-YY_PeninsulaDevelopmentTargetMunicipality_PP.shp,半島循環道路（ポリゴン）,A37_330002,宿泊能力（収容人数）,
A37,2015年度版,2015,A37-YY_PeninsulaDevelopmentTargetMunicipality_PP.shp,半島循環道路（ポリゴン）,A37_341966,各年別救急車出動件数:1966年,
A37,2015年度版,2015,A37-YY_PeninsulaDevelopmentTargetMunicipality_PP.shp,半島循環道路（ポリゴン）,A37_341967,各年別救急車出動件数:1967年,
A37,2015年度版,2015,A37-YY_PeninsulaDevelopmentTargetMunicipality_PP.shp,半島循環道路（ポリゴン）,A37_341968,各年別救急車出動件数:1968年,
A37,2015年度版,2015,A37-YY_PeninsulaDevelopmentTargetMunicipality_PP.shp,半島循環道路（ポリゴン）,A37_341969,各年別救急車出動件数:1969年,
A37,2015年度版,2015,A37-YY_PeninsulaDevelopmentTargetMunicipality_PP.shp,半島循環道路（ポリゴン）,A37_341970,各年別救急車出動件数:1970年,
A37,2015年度版,2015,A37-YY_PeninsulaDevelopmentTargetMunicipality_PP.shp,半島循環道路（ポリゴン）,A37_341971,各年別救急車出動件数:1971年,
A37,2015年度版,2015,A37-YY_PeninsulaDevelopmentTargetMunicipality_PP.shp,半島循環道路（ポリゴン）,A37_341972,各年別救急車出動件数:1972年,
A37,2015年度版,2015,A37-YY_PeninsulaDevelopmentTargetMunicipality_PP.shp,半島循環道路（ポリゴン）,A37_341973,各年別救急車出動件数:1973年,
A37,2015年度版,2015,A37-YY_PeninsulaDevelopmentTargetMunicipality_PP.shp,半島循環道路（ポリゴン）,A37_341974,各年別救急車出動件数:1974年,
A37,2015年度版,2015,A37-YY_PeninsulaDevelopmentTargetMunicipality_PP.shp,半島循環道路（ポリゴン）,A37_341975,各年別救急車出動件数:1975年,
A37,2015年度版,2015,A37-YY_PeninsulaDevelopmentTargetMunicipality_PP.shp,半島循環道路（ポリゴン）,A37_341976,各年別救急車出動件数:1976年,
A37,2015年度版,2015,A37-YY_PeninsulaDevelopmentTargetMunicipality_PP.shp,半島循環道路（ポリゴン）,A37_341977,各年別救急車出動件数:1977年,
A37,2015年度版,2015,A37-YY_PeninsulaDevelopmentTargetMunicipality_PP.shp,半島循環道路（ポリゴン）,A37_341978,各年別救急車出動件数:1978年,
A37,2015年度版,2015,A37-YY_PeninsulaDevelopmentTargetMunicipality_PP.shp,半島循環道路（ポリゴン）,A37_341979,各年別救急車出動件数:1979年,
A37,2015年度版,2015,A37-YY_PeninsulaDevelopmentTargetMunicipality_PP.shp,半島循環道路（ポリゴン）,A37_341980,各年別救急車出動件数:1980年,
A37,2015年度版,2015,A37-YY_PeninsulaDevelopmentTargetMunicipality_PP.shp,半島循環道路（ポリゴン）,A37_341981,各年別救急車出動件数:1981年,
A37,2015年度版,2015,A37-YY_PeninsulaDevelopmentTargetMunicipality_PP.shp,半島循環道路（ポリゴン）,A37_341982,各年別救急車出動件数:1982年,
A37,2015年度版,2015,A37-YY_PeninsulaDevelopmentTargetMunicipality_PP.shp,半島循環道路（ポリゴン）,A37_341983,各年別救急車出動件数:1983年,
A37,2015年度版,2015,A37-YY_PeninsulaDevelopmentTargetMunicipality_PP.shp,半島循環道路（ポリゴン）,A37_341984,各年別救急車出動件数:1984年,
A37,2015年度版,2015,A37-YY_PeninsulaDevelopmentTargetMunicipality_PP.shp,半島循環道路（ポリゴン）,A37_341985,各年別救急車出動件数:1985年,
A37,2015年度版,2015,A37-YY_PeninsulaDevelopmentTargetMunicipality_PP.shp,半島循環道路（ポリゴン）,A37_341986,各年別救急車出動件数:1986年,
A37,2015年度版,2015,A37-YY_PeninsulaDevelopmentTargetMunicipality_PP.shp,半島循環道路（ポリゴン）,A37_341987,各年別救急車出動件数:1987年,
A37,2015年度版,2015,A37-YY_PeninsulaDevelopmentTargetMunicipality_PP.shp,半島循環道路（ポリゴン）,A37_341988,各年別救急車出動件数:1988年,
A37,2015年度版,2015,A37-YY_PeninsulaDevelopmentTargetMunicipality_PP.shp,半島循環道路（ポリゴン）,A37_341989,各年別救急車出動件数:1989年,
A37,2015年度版,2015,A37-YY_PeninsulaDevelopmentTargetMunicipality_PP.shp,半島循環道路（ポリゴン）,A37_341990,各年別救急車出動件数:1990年,
A37,2015年度版,2015,A37-YY_PeninsulaDevelopmentTargetMunicipality_PP.shp,半島循環道路（ポリゴン）,A37_341991,各年別救急車出動件数:1991年,
A37,2015年度版,2015,A37-YY_PeninsulaDevelopmentTargetMunicipality_PP.shp,半島循環道路（ポリゴン）,A37_341992,各年別救急車出動件数:1992年,
A37,2015年度版,2015,A37-YY_PeninsulaDevelopmentTargetMunicipality_PP.shp,半島循環道路（ポリゴン）,A37_341993,各年別救急車出動件数:1993年,
A37,2015年度版,2015,A37-YY_PeninsulaDevelopmentTargetMunicipality_PP.shp,半島循環道路（ポリゴン）,A37_341994,各年別救急車出動件数:1994年,
A37,2015年度版,2015,A37-YY_PeninsulaDevelopmentTargetMunicipality_PP.shp,半島循環道路（ポリゴン）,A37_341995,各年別救急車出動件数:1995年,
A37,2015年度版,2015,A37-YY_PeninsulaDevelopmentTargetMunicipality_PP.shp,半島循環道路（ポリゴン）,A37_341996,各年別救急車出動件数:1996年,
A37,2015年度版,2015,A37-YY_PeninsulaDevelopmentTargetMunicipality_PP.shp,半島循環道路（ポリゴン）,A37_341997,各年別救急車出動件数:1997年,
A37,2015年度版,2015,A37-YY_PeninsulaDevelopmentTargetMunicipality_PP.shp,半島循環道路（ポリゴン）,A37_341998,各年別救急車出動件数:1998年,
A37,2015年度版,2015,A37-YY_PeninsulaDevelopmentTargetMunicipality_PP.shp,半島循環道路（ポリゴン）,A37_341999,各年別救急車出動件数:1999年,
A37,2015年度版,2015,A37-YY_PeninsulaDevelopmentTargetMunicipality_PP.shp,半島循環道路（ポリゴン）,A37_342000,各年別救急車出動件数:2000年,
A37,2015年度版,2015,A37-YY_PeninsulaDevelopmentTargetMunicipality_PP.shp,半島循環道路（ポリゴン）,A37_342001,各年別救急車出動件数:2001年,
A37,2015年度版,2015,A37-YY_PeninsulaDevelopmentTargetMunicipality_PP.shp,半島循環道路（ポリゴン）,A37_342002,各年別救急車出動件数:2002年,
A37,2015年度版,2015,A37-YY_PeninsulaDevelopmentTargetMunicipality_PP.shp,半島循環道路（ポリゴン）,A37_342003,各年別救急車出動件数:2003年,
A37,2015年度版,2015,A37-YY_PeninsulaDevelopmentTargetMunicipality_PP.shp,半島循環道路（ポリゴン）,A37_342004,各年別救急車出動件数:2004年,
A37,2015年度版,2015,A37-YY_PeninsulaDevelopmentTargetMunicipality_PP.shp,半島循環道路（ポリゴン）,A37_342005,各年別救急車出動件数:2005年,
A37,2015年度版,2015,A37-YY_PeninsulaDevelopmentTargetMunicipality_PP.shp,半島循環道路（ポリゴン）,A37_342006,各年別救急車出動件数:2006年,
A37,2015年度版,2015,A37-YY_PeninsulaDevelopmentTargetMunicipality_PP.shp,半島循環道路（ポリゴン）,A37_342007,各年別救急車出動件数:2007年,
A37,2015年度版,2015,A37-YY_PeninsulaDevelopmentTargetMunicipality_PP.shp,半島循環道路（ポリゴン）,A37_342008,各年別救急車出動件数:2008年,
A37,2015年度版,2015,A37-YY_PeninsulaDevelopmentTargetMunicipality_PP.shp,半島循環道路（ポリゴン）,A37_342009,各年別救急車出動件数:2009年,
A37,2015年度版,2015,A37-YY_PeninsulaDevelopmentTargetMunicipality_PP.shp,半島循環道路（ポリゴン）,A37_342010,各年別救急車出動件数:2010年,
A37,2015年度版,2015,A37-YY_PeninsulaDevelopmentTargetMunicipality_PP.shp,半島循環道路（ポリゴン）,A37_342011,各年別救急車出動件数:2011年,
A37,2015年度版,2015,A37-YY_PeninsulaDevelopmentTargetMunicipality_PP.shp,半島循環道路（ポリゴン）,A37_342012,各年別救急車出動件数:2012年,
A37,2015年度版,2015,A37-YY_PeninsulaDevelopmentTargetMunicipality_PP.shp,半島循環道路（ポリゴン）,A37_342013,各年別救急車出動件数:2013年,
A37,2015年度版,2015,A37-YY_PeninsulaDevelopmentTargetMunicipality_PP.shp,半島循環道路（ポリゴン）,A37_351966,各年別消防防災ヘリ出動件数:1966年,
A37,2015年度版,2015,A37-YY_PeninsulaDevelopmentTargetMunicipality_PP.shp,半島循環道路（ポリゴン）,A37_351967,各年別消防防災ヘリ出動件数:1967年,
A37,2015年度版,2015,A37-YY_PeninsulaDevelopmentTargetMunicipality_PP.shp,半島循環道路（ポリゴン）,A37_351968,各年別消防防災ヘリ出動件数:1968年,
A37,2015年度版,2015,A37-YY_PeninsulaDevelopmentTargetMunicipality_PP.shp,半島循環道路（ポリゴン）,A37_351969,各年別消防防災ヘリ出動件数:1969年,
A37,2015年度版,2015,A37-YY_PeninsulaDevelopmentTargetMunicipality_PP.shp,半島循環道路（ポリゴン）,A37_351970,各年別消防防災ヘリ出動件数:1970年,
A37,2015年度版,2015,A37-YY_PeninsulaDevelopmentTargetMunicipality_PP.shp,半島循環道路（ポリゴン）,A37_351971,各年別消防防災ヘリ出動件数:1971年,
A37,2015年度版,2015,A37-YY_PeninsulaDevelopmentTargetMunicipality_PP.shp,半島循環道路（ポリゴン）,A37_351972,各年別消防防災ヘリ出動件数:1972年,
A37,2015年度版,2015,A37-YY_PeninsulaDevelopmentTargetMunicipality_PP.shp,半島循環道路（ポリゴン）,A37_351973,各年別消防防災ヘリ出動件数:1973年,
A37,2015年度版,2015,A37-YY_PeninsulaDevelopmentTargetMunicipality_PP.shp,半島循環道路（ポリゴン）,A37_351974,各年別消防防災ヘリ出動件数:1974年,
A37,2015年度版,2015,A37-YY_PeninsulaDevelopmentTargetMunicipality_PP.shp,半島循環道路（ポリゴン）,A37_351975,各年別消防防災ヘリ出動件数:1975年,
A37,2015年度版,2015,A37-YY_PeninsulaDevelopmentTargetMunicipality_PP.shp,半島循環道路（ポリゴン）,A37_351976,各年別消防防災ヘリ出動件数:1976年,
A37,2015年度版,2015,A37-YY_PeninsulaDevelopmentTargetMunicipality_PP.shp,半島循環道路（ポリゴン）,A37_351977,各年別消防防災ヘリ出動件数:1977年,
A37,2015年度版,2015,A37-YY_PeninsulaDevelopmentTargetMunicipality_PP.shp,半島循環道路（ポリゴン）,A37_351978,各年別消防防災ヘリ出動件数:1978年,
A37,2015年度版,2015,A37-YY_PeninsulaDevelopmentTargetMunicipality_PP.shp,半島循環道路（ポリゴン）,A37_351979,各年別消防防災ヘリ出動件数:1979年,
A37,2015年度版,2015,A37-YY_PeninsulaDevelopmentTargetMunicipality_PP.shp,半島循環道路（ポリゴン）,A37_351980,各年別消防防災ヘリ出動件数:1980年,
A37,2015年度版,2015,A37-YY_PeninsulaDevelopmentTargetMunicipality_PP.shp,半島循環道路（ポリゴン）,A37_351981,各年別消防防災ヘリ出動件数:1981年,
A37,2015年度版,2015,A37-YY_PeninsulaDevelopmentTargetMunicipality_PP.shp,半島循環道路（ポリゴン）,A37_351982,各年別消防防災ヘリ出動件数:1982年,
A37,2015年度版,2015,A37-YY_PeninsulaDevelopmentTargetMunicipality_PP.shp,半島循環道路（ポリゴン）,A37_351983,各年別消防防災ヘリ出動件数:1983年,
A37,2015年度版,2015,A37-YY_PeninsulaDevelopmentTargetMunicipality_PP.shp,半島循環道路（ポリゴン）,A37_351984,各年別消防防災ヘリ出動件数:1984年,
A37,2015年度版,2015,A37-YY_PeninsulaDevelopmentTargetMunicipality_PP.shp,半島循環道路（ポリゴン）,A37_351985,各年別消防防災ヘリ出動件数:1985年,
A37,2015年度版,2015,A37-YY_PeninsulaDevelopmentTargetMunicipality_PP.shp,半島循環道路（ポリゴン）,A37_351986,各年別消防防災ヘリ出動件数:1986年,
A37,2015年度版,2015,A37-YY_PeninsulaDevelopmentTargetMunicipality_PP.shp,半島循環道路（ポリゴン）,A37_351987,各年別消防防災ヘリ出動件数:1987年,
A37,2015年度版,2015,A37-YY_PeninsulaDevelopmentTargetMunicipality_PP.shp,半島循環道路（ポリゴン）,A37_351988,各年別消防防災ヘリ出動件数:1988年,
A37,2015年度版,2015,A37-YY_PeninsulaDevelopmentTargetMunicipality_PP.shp,半島循環道路（ポリゴン）,A37_351989,各年別消防防災ヘリ出動件数:1989年,
A37,2015年度版,2015,A37-YY_PeninsulaDevelopmentTargetMunicipality_PP.shp,半島循環道路（ポリゴン）,A37_351990,各年別消防防災ヘリ出動件数:1990年,
A37,2015年度版,2015,A37-YY_PeninsulaDevelopmentTargetMunicipality_PP.shp,半島循環道路（ポリゴン）,A37_351991,各年別消防防災ヘリ出動件数:1991年,
A37,2015年度版,2015,A37-YY_PeninsulaDevelopmentTargetMunicipality_PP.shp,半島循環道路（ポリゴン）,A37_351992,各年別消防防災ヘリ出動件数:1992年,
A37,2015年度版,2015,A37-YY_PeninsulaDevelopmentTargetMunicipality_PP.shp,半島循環道路（ポリゴン）,A37_351993,各年別消防防災ヘリ出動件数:1993年,
A37,2015年度版,2015,A37-YY_PeninsulaDevelopmentTargetMunicipality_PP.shp,半島循環道路（ポリゴン）,A37_351994,各年別消防防災ヘリ出動件数:1994年,
A37,2015年度版,2015,A37-YY_PeninsulaDevelopmentTargetMunicipality_PP.shp,半島循環道路（ポリゴン）,A37_351995,各年別消防防災ヘリ出動件数:1995年,
A37,2015年度版,2015,A37-YY_PeninsulaDevelopmentTargetMunicipality_PP.shp,半島循環道路（ポリゴン）,A37_351996,各年別消防防災ヘリ出動件数:1996年,
A37,2015年度版,2015,A37-YY_PeninsulaDevelopmentTargetMunicipality_PP.shp,半島循環道路（ポリゴン）,A37_351997,各年別消防防災ヘリ出動件数:1997年,
A37,2015年度版,2015,A37-YY_PeninsulaDevelopmentTargetMunicipality_PP.shp,半島循環道路（ポリゴン）,A37_351998,各年別消防防災ヘリ出動件数:1998年,
A37,2015年度版,2015,A37-YY_PeninsulaDevelopmentTargetMunicipality_PP.shp,半島循環道路（ポリゴン）,A37_351999,各年別消防防災ヘリ出動件数:1999年,
A37,2015年度版,2015,A37-YY_PeninsulaDevelopmentTargetMunicipality_PP.shp,半島循環道路（ポリゴン）,A37_352000,各年別消防防災ヘリ出動件数:2000年,
A37,2015年度版,2015,A37-YY_PeninsulaDevelopmentTargetMunicipality_PP.shp,半島循環道路（ポリゴン）,A37_352001,各年別消防防災ヘリ出動件数:2001年,
A37,2015年度版,2015,A37-YY_PeninsulaDevelopmentTargetMunicipality_PP.shp,半島循環道路（ポリゴン）,A37_352002,各年別消防防災ヘリ出動件数:2002年,
A37,2015年度版,2015,A37-YY_PeninsulaDevelopmentTargetMunicipality_PP.shp,半島循環道路（ポリゴン）,A37_352003,各年別消防防災ヘリ出動件数:2003年,
A37,2015年度版,2015,A37-YY_PeninsulaDevelopmentTargetMunicipality_PP.shp,半島循環道路（ポリゴン）,A37_352004,各年別消防防災ヘリ出動件数:2004年,
A37,2015年度版,2015,A37-YY_PeninsulaDevelopmentTargetMunicipality_PP.shp,半島循環道路（ポリゴン）,A37_352005,各年別消防防災ヘリ出動件数:2005年,
A37,2015年度版,2015,A37-YY_PeninsulaDevelopmentTargetMunicipality_PP.shp,半島循環道路（ポリゴン）,A37_352006,各年別消防防災ヘリ出動件数:2006年,
A37,2015年度版,2015,A37-YY_PeninsulaDevelopmentTargetMunicipality_PP.shp,半島循環道路（ポリゴン）,A37_352007,各年別消防防災ヘリ出動件数:2007年,
A37,2015年度版,2015,A37-YY_PeninsulaDevelopmentTargetMunicipality_PP.shp,半島循環道路（ポリゴン）,A37_352008,各年別消防防災ヘリ出動件数:2008年,
A37,2015年度版,2015,A37-YY_PeninsulaDevelopmentTargetMunicipality_PP.shp,半島循環道路（ポリゴン）,A37_352009,各年別消防防災ヘリ出動件数:2009年,
A37,2015年度版,2015,A37-YY_PeninsulaDevelopmentTargetMunicipality_PP.shp,半島循環道路（ポリゴン）,A37_352010,各年別消防防災ヘリ出動件数:2010年,
A37,2015年度版,2015,A37-YY_PeninsulaDevelopmentTargetMunicipality_PP.shp,半島循環道路（ポリゴン）,A37_352011,各年別消防防災ヘリ出動件数:2011年,
A37,2015年度版,2015,A37-YY_PeninsulaDevelopmentTargetMunicipality_PP.shp,半島循環道路（ポリゴン）,A37_352012,各年別消防防災ヘリ出動件数:2012年,
A37,2015年度版,2015,A37-YY_PeninsulaDevelopmentTargetMunicipality_PP.shp,半島循環道路（ポリゴン）,A37_352013,各年別消防防災ヘリ出動件数:2013年,
A37,2015年度版,2015,A37-YY_PeninsulaDevelopmentTargetMunicipality_PP.shp,半島循環道路（ポリゴン）,A37_361966,各年別平均現場到着所要時間:1966年,
A37,2015年度版,2015,A37-YY_PeninsulaDevelopmentTargetMunicipality_PP.shp,半島循環道路（ポリゴン）,A37_361967,各年別平均現場到着所要時間:1967年,
A37,2015年度版,2015,A37-YY_PeninsulaDevelopmentTargetMunicipality_PP.shp,半島循環道路（ポリゴン）,A37_361968,各年別平均現場到着所要時間:1968年,
A37,2015年度版,2015,A37-YY_PeninsulaDevelopmentTargetMunicipality_PP.shp,半島循環道路（ポリゴン）,A37_361969,各年別平均現場到着所要時間:1969年,
A37,2015年度版,2015,A37-YY_PeninsulaDevelopmentTargetMunicipality_PP.shp,半島循環道路（ポリゴン）,A37_361970,各年別平均現場到着所要時間:1970年,
A37,2015年度版,2015,A37-YY_PeninsulaDevelopmentTargetMunicipality_PP.shp,半島循環道路（ポリゴン）,A37_361971,各年別平均現場到着所要時間:1971年,
A37,2015年度版,2015,A37-YY_PeninsulaDevelopmentTargetMunicipality_PP.shp,半島循環道路（ポリゴン）,A37_361972,各年別平均現場到着所要時間:1972年,
A37,2015年度版,2015,A37-YY_PeninsulaDevelopmentTargetMunicipality_PP.shp,半島循環道路（ポリゴン）,A37_361973,各年別平均現場到着所要時間:1973年,
A37,2015年度版,2015,A37-YY_PeninsulaDevelopmentTargetMunicipality_PP.shp,半島循環道路（ポリゴン）,A37_361974,各年別平均現場到着所要時間:1974年,
A37,2015年度版,2015,A37-YY_PeninsulaDevelopmentTargetMunicipality_PP.shp,半島循環道路（ポリゴン）,A37_361975,各年別平均現場到着所要時間:1975年,
A37,2015年度版,2015,A37-YY_PeninsulaDevelopmentTargetMunicipality_PP.shp,半島循環道路（ポリゴン）,A37_361976,各年別平均現場到着所要時間:1976年,
A37,2015年度版,2015,A37-YY_PeninsulaDevelopmentTargetMunicipality_PP.shp,半島循環道路（ポリゴン）,A37_361977,各年別平均現場到着所要時間:1977年,
A37,2015年度版,2015,A37-YY_PeninsulaDevelopmentTargetMunicipality_PP.shp,半島循環道路（ポリゴン）,A37_361978,各年別平均現場到着所要時間:1978年,
A37,2015年度版,2015,A37-YY_PeninsulaDevelopmentTargetMunicipality_PP.shp,半島循環道路（ポリゴン）,A37_361979,各年別平均現場到着所要時間:1979年,
A37,2015年度版,2015,A37-YY_PeninsulaDevelopmentTargetMunicipality_PP.shp,半島循環道路（ポリゴン）,A37_361980,各年別平均現場到着所要時間:1980年,
A37,2015年度版,2015,A37-YY_PeninsulaDevelopmentTargetMunicipality_PP.shp,半島循環道路（ポリゴン）,A37_361981,各年別平均現場到着所要時間:1981年,
A37,2015年度版,2015,A37-YY_PeninsulaDevelopmentTargetMunicipality_PP.shp,半島循環道路（ポリゴン）,A37_361982,各年別平均現場到着所要時間:1982年,
A37,2015年度版,2015,A37-YY_PeninsulaDevelopmentTargetMunicipality_PP.shp,半島循環道路（ポリゴン）,A37_361983,各年別平均現場到着所要時間:1983年,
A37,2015年度版,2015,A37-YY_PeninsulaDevelopmentTargetMunicipality_PP.shp,半島循環道路（ポリゴン）,A37_361984,各年別平均現場到着所要時間:1984年,
A37,2015年度版,2015,A37-YY_PeninsulaDevelopmentTargetMunicipality_PP.shp,半島循環道路（ポリゴン）,A37_361985,各年別平均現場到着所要時間:1985年,
A37,2015年度版,2015,A37-YY_PeninsulaDevelopmentTargetMunicipality_PP.shp,半島循環道路（ポリゴン）,A37_361986,各年別平均現場到着所要時間:1986年,
A37,2015年度版,2015,A37-YY_PeninsulaDevelopmentTargetMunicipality_PP.shp,半島循環道路（ポリゴン）,A37_361987,各年別平均現場到着所要時間:1987年,
A37,2015年度版,2015,A37-YY_PeninsulaDevelopmentTargetMunicipality_PP.shp,半島循環道路（ポリゴン）,A37_361988,各年別平均現場到着所要時間:1988年,
A37,2015年度版,2015,A37-YY_PeninsulaDevelopmentTargetMunicipality_PP.shp,半島循環道路（ポリゴン）,A37_361989,各年別平均現場到着所要時間:1989年,
A37,2015年度版,2015,A37-YY_PeninsulaDevelopmentTargetMunicipality_PP.shp,半島循環道路（ポリゴン）,A37_361990,各年別平均現場到着所要時間:1990年,
A37,2015年度版,2015,A37-YY_PeninsulaDevelopmentTargetMunicipality_PP.shp,半島循環道路（ポリゴン）,A37_361991,各年別平均現場到着所要時間:1991年,
A37,2015年度版,2015,A37-YY_PeninsulaDevelopmentTargetMunicipality_PP.shp,半島循環道路（ポリゴン）,A37_361992,各年別平均現場到着所要時間:1992年,
A37,2015年度版,2015,A37-YY_PeninsulaDevelopmentTargetMunicipality_PP.shp,半島循環道路（ポリゴン）,A37_361993,各年別平均現場到着所要時間:1993年,
A37,2015年度版,2015,A37-YY_PeninsulaDevelopmentTargetMunicipality_PP.shp,半島循環道路（ポリゴン）,A37_361994,各年別平均現場到着所要時間:1994年,
A37,2015年度版,2015,A37-YY_PeninsulaDevelopmentTargetMunicipality_PP.shp,半島循環道路（ポリゴン）,A37_361995,各年別平均現場到着所要時間:1995年,
A37,2015年度版,2015,A37-YY_PeninsulaDevelopmentTargetMunicipality_PP.shp,半島循環道路（ポリゴン）,A37_361996,各年別平均現場到着所要時間:1996年,
A37,2015年度版,2015,A37-YY_PeninsulaDevelopmentTargetMunicipality_PP.shp,半島循環道路（ポリゴン）,A37_361997,各年別平均現場到着所要時間:1997年,
A37,2015年度版,2015,A37-YY_PeninsulaDevelopmentTargetMunicipality_PP.shp,半島循環道路（ポリゴン）,A37_361998,各年別平均現場到着所要時間:1998年,
A37,2015年度版,2015,A37-YY_PeninsulaDevelopmentTargetMunicipality_PP.shp,半島循環道路（ポリゴン）,A37_361999,各年別平均現場到着所要時間:1999年,
A37,2015年度版,2015,A37-YY_PeninsulaDevelopmentTargetMunicipality_PP.shp,半島循環道路（ポリゴン）,A37_362000,各年別平均現場到着所要時間:2000年,
A37,2015年度版,2015,A37-YY_PeninsulaDevelopmentTargetMunicipality_PP.shp,半島循環道路（ポリゴン）,A37_362001,各年別平均現場到着所要時間:2001年,
A37,2015年度版,2015,A37-YY_PeninsulaDevelopmentTargetMunicipality_PP.shp,半島循環道路（ポリゴン）,A37_362002,各年別平均現場到着所要時間:2002年,
A37,2015年度版,2015,A37-YY_PeninsulaDevelopmentTargetMunicipality_PP.shp,半島循環道路（ポリゴン）,A37_362003,各年別平均現場到着所要時間:2003年,
A37,2015年度版,2015,A37-YY_PeninsulaDevelopmentTargetMunicipality_PP.shp,半島循環道路（ポリゴン）,A37_362004,各年別平均現場到着所要時間:2004年,
A37,2015年度版,2015,A37-YY_PeninsulaDevelopmentTargetMunicipality_PP.shp,半島循環道路（ポリゴン）,A37_362005,各年別平均現場到着所要時間:2005年,
A37,2015年度版,2015,A37-YY_PeninsulaDevelopmentTargetMunicipality_PP.shp,半島循環道路（ポリゴン）,A37_362006,各年別平均現場到着所要時間:2006年,
A37,2015年度版,2015,A37-YY_PeninsulaDevelopmentTargetMunicipality_PP.shp,半島循環道路（ポリゴン）,A37_362007,各年別平均現場到着所要時間:2007年,
A37,2015年度版,2015,A37-YY_PeninsulaDevelopmentTargetMunicipality_PP.shp,半島循環道路（ポリゴン）,A37_362008,各年別平均現場到着所要時間:2008年,
A37,2015年度版,2015,A37-YY_PeninsulaDevelopmentTargetMunicipality_PP.shp,半島循環道路（ポリゴン）,A37_362009,各年別平均現場到着所要時間:2009年,
A37,2015年度版,2015,A37-YY_PeninsulaDevelopmentTargetMunicipality_PP.shp,半島循環道路（ポリゴン）,A37_362010,各年別平均現場到着所要時間:2010年,
A37,2015年度版,2015,A37-YY_PeninsulaDevelopmentTargetMunicipality_PP.shp,半島循環道路（ポリゴン）,A37_362011,各年別平均現場到着所要時間:2011年,
A37,2015年度版,2015,A37-YY_PeninsulaDevelopmentTargetMunicipality_PP.shp,半島循環道路（ポリゴン）,A37_362012,各年別平均現場到着所要時間:2012年,
A37,2015年度版,2015,A37-YY_PeninsulaDevelopmentTargetMunicipality_PP.shp,半島循環道路（ポリゴン）,A37_362013,各年別平均現場到着所要時間:2013年,
A37,2015年度版,2015,A37-YY_PeninsulaDevelopmentTargetMunicipality_PP.shp,半島循環道路（ポリゴン）,A37_371966,各年別平均病院収容時間:1966年,
A37,2015年度版,2015,A37-YY_PeninsulaDevelopmentTargetMunicipality_PP.shp,半島循環道路（ポリゴン）,A37_371967,各年別平均病院収容時間:1967年,
A37,2015年度版,2015,A37-YY_PeninsulaDevelopmentTargetMunicipality_PP.shp,半島循環道路（ポリゴン）,A37_371968,各年別平均病院収容時間:1968年,
A37,2015年度版,2015,A37-YY_PeninsulaDevelopmentTargetMunicipality_PP.shp,半島循環道路（ポリゴン）,A37_371969,各年別平均病院収容時間:1969年,
A37,2015年度版,2015,A37-YY_PeninsulaDevelopmentTargetMunicipality_PP.shp,半島循環道路（ポリゴン）,A37_371970,各年別平均病院収容時間:1970年,
A37,2015年度版,2015,A37-YY_PeninsulaDevelopmentTargetMunicipality_PP.shp,半島循環道路（ポリゴン）,A37_371971,各年別平均病院収容時間:1971年,
A37,2015年度版,2015,A37-YY_PeninsulaDevelopmentTargetMunicipality_PP.shp,半島循環道路（ポリゴン）,A37_371972,各年別平均病院収容時間:1972年,
A37,2015年度版,2015,A37-YY_PeninsulaDevelopmentTargetMunicipality_PP.shp,半島循環道路（ポリゴン）,A37_371973,各年別平均病院収容時間:1973年,
A37,2015年度版,2015,A37-YY_PeninsulaDevelopmentTargetMunicipality_PP.shp,半島循環道路（ポリゴン）,A37_371974,各年別平均病院収容時間:1974年,
A37,2015年度版,2015,A37-YY_PeninsulaDevelopmentTargetMunicipality_PP.shp,半島循環道路（ポリゴン）,A37_371975,各年別平均病院収容時間:1975年,
A37,2015年度版,2015,A37-YY_PeninsulaDevelopmentTargetMunicipality_PP.shp,半島循環道路（ポリゴン）,A37_371976,各年別平均病院収容時間:1976年,
A37,2015年度版,2015,A37-YY_PeninsulaDevelopmentTargetMunicipality_PP.shp,半島循環道路（ポリゴン）,A37_371977,各年別平均病院収容時間:1977年,
A37,2015年度版,2015,A37-YY_PeninsulaDevelopmentTargetMunicipality_PP.shp,半島循環道路（ポリゴン）,A37_371978,各年別平均病院収容時間:1978年,
A37,2015年度版,2015,A37-YY_PeninsulaDevelopmentTargetMunicipality_PP.shp,半島循環道路（ポリゴン）,A37_371979,各年別平均病院収容時間:1979年,
A37,2015年度版,2015,A37-YY_PeninsulaDevelopmentTargetMunicipality_PP.shp,半島循環道路（ポリゴン）,A37_371980,各年別平均病院収容時間:1980年,
A37,2015年度版,2015,A37-YY_PeninsulaDevelopmentTargetMunicipality_PP.shp,半島循環道路（ポリゴン）,A37_371981,各年別平均病院収容時間:1981年,
A37,2015年度版,2015,A37-YY_PeninsulaDevelopmentTargetMunicipality_PP.shp,半島循環道路（ポリゴン）,A37_371982,各年別平均病院収容時間:1982年,
A37,2015年度版,2015,A37-YY_PeninsulaDevelopmentTargetMunicipality_PP.shp,半島循環道路（ポリゴン）,A37_371983,各年別平均病院収容時間:1983年,
A37,2015年度版,2015,A37-YY_PeninsulaDevelopmentTargetMunicipality_PP.shp,半島循環道路（ポリゴン）,A37_371984,各年別平均病院収容時間:1984年,
A37,2015年度版,2015,A37-YY_PeninsulaDevelopmentTargetMunicipality_PP.shp,半島循環道路（ポリゴン）,A37_371985,各年別平均病院収容時間:1985年,
A37,2015年度版,2015,A37-YY_PeninsulaDevelopmentTargetMunicipality_PP.shp,半島循環道路（ポリゴン）,A37_371986,各年別平均病院収容時間:1986年,
A37,2015年度版,2015,A37-YY_PeninsulaDevelopmentTargetMunicipality_PP.shp,半島循環道路（ポリゴン）,A37_371987,各年別平均病院収容時間:1987年,
A37,2015年度版,2015,A37-YY_PeninsulaDevelopmentTargetMunicipality_PP.shp,半島循環道路（ポリゴン）,A37_371988,各年別平均病院収容時間:1988年,
A37,2015年度版,2015,A37-YY_PeninsulaDevelopmentTargetMunicipality_PP.shp,半島循環道路（ポリゴン）,A37_371989,各年別平均病院収容時間:1989年,
A37,2015年度版,2015,A37-YY_PeninsulaDevelopmentTargetMunicipality_PP.shp,半島循環道路（ポリゴン）,A37_371990,各年別平均病院収容時間:1990年,
A37,2015年度版,2015,A37-YY_PeninsulaDevelopmentTargetMunicipality_PP.shp,半島循環道路（ポリゴン）,A37_371991,各年別平均病院収容時間:1991年,
A37,2015年度版,2015,A37-YY_PeninsulaDevelopmentTargetMunicipality_PP.shp,半島循環道路（ポリゴン）,A37_371992,各年別平均病院収容時間:1992年,
A37,2015年度版,2015,A37-YY_PeninsulaDevelopmentTargetMunicipality_PP.shp,半島循環道路（ポリゴン）,A37_371993,各年別平均病院収容時間:1993年,
A37,2015年度版,2015,A37-YY_PeninsulaDevelopmentTargetMunicipality_PP.shp,半島循環道路（ポリゴン）,A37_371994,各年別平均病院収容時間:1994年,
A37,2015年度版,2015,A37-YY_PeninsulaDevelopmentTargetMunicipality_PP.shp,半島循環道路（ポリゴン）,A37_371995,各年別平均病院収容時間:1995年,
A37,2015年度版,2015,A37-YY_PeninsulaDevelopmentTargetMunicipality_PP.shp,半島循環道路（ポリゴン）,A37_371996,各年別平均病院収容時間:1996年,
A37,2015年度版,2015,A37-YY_PeninsulaDevelopmentTargetMunicipality_PP.shp,半島循環道路（ポリゴン）,A37_371997,各年別平均病院収容時間:1997年,
A37,2015年度版,2015,A37-YY_PeninsulaDevelopmentTargetMunicipality_PP.shp,半島循環道路（ポリゴン）,A37_371998,各年別平均病院収容時間:1998年,
A37,2015年度版,2015,A37-YY_PeninsulaDevelopmentTargetMunicipality_PP.shp,半島循環道路（ポリゴン）,A37_371999,各年別平均病院収容時間:1999年,
A37,2015年度版,2015,A37-YY_PeninsulaDevelopmentTargetMunicipality_PP.shp,半島循環道路（ポリゴン）,A37_372000,各年別平均病院収容時間:2000年,
A37,2015年度版,2015,A37-YY_PeninsulaDevelopmentTargetMunicipality_PP.shp,半島循環道路（ポリゴン）,A37_372001,各年別平均病院収容時間:2001年,
A37,2015年度版,2015,A37-YY_PeninsulaDevelopmentTargetMunicipality_PP.shp,半島循環道路（ポリゴン）,A37_372002,各年別平均病院収容時間:2002年,
A37,2015年度版,2015,A37-YY_PeninsulaDevelopmentTargetMunicipality_PP.shp,半島循環道路（ポリゴン）,A37_372003,各年別平均病院収容時間:2003年,
A37,2015年度版,2015,A37-YY_PeninsulaDevelopmentTargetMunicipality_PP.shp,半島循環道路（ポリゴン）,A37_372004,各年別平均病院収容時間:2004年,
A37,2015年度版,2015,A37-YY_PeninsulaDevelopmentTargetMunicipality_PP.shp,半島循環道路（ポリゴン）,A37_372005,各年別平均病院収容時間:2005年,
A37,2015年度版,2015,A37-YY_PeninsulaDevelopmentTargetMunicipality_PP.shp,半島循環道路（ポリゴン）,A37_372006,各年別平均病院収容時間:2006年,
A37,2015年度版,2015,A37-YY_PeninsulaDevelopmentTargetMunicipality_PP.shp,半島循環道路（ポリゴン）,A37_372007,各年別平均病院収容時間:2007年,
A37,2015年度版,2015,A37-YY_PeninsulaDevelopmentTargetMunicipality_PP.shp,半島循環道路（ポリゴン）,A37_372008,各年別平均病院収容時間:2008年,
A37,2015年度版,2015,A37-YY_PeninsulaDevelopmentTargetMunicipality_PP.shp,半島循環道路（ポリゴン）,A37_372009,各年別平均病院収容時間:2009年,
A37,2015年度版,2015,A37-YY_PeninsulaDevelopmentTargetMunicipality_PP.shp,半島循環道路（ポリゴン）,A37_372010,各年別平均病院収容時間:2010年,
A37,2015年度版,2015,A37-YY_PeninsulaDevelopmentTargetMunicipality_PP.shp,半島循環道路（ポリゴン）,A37_372011,各年別平均病院収容時間:2011年,
A37,2015年度版,2015,A37-YY_PeninsulaDevelopmentTargetMunicipality_PP.shp,半島循環道路（ポリゴン）,A37_372012,各年別平均病院収容時間:2012年,
A37,2015年度版,2015,A37-YY_PeninsulaDevelopmentTargetMunicipality_PP.shp,半島循環道路（ポリゴン）,A37_372013,各年別平均病院収容時間:2013年,
A37,2015年度版,2015,A37-YY_PeninsulaDevelopmentTargetMunicipality_PP.shp,半島循環道路（ポリゴン）,A37_382000,小・中学校生徒数（H12）,
A37,2015年度版,2015,A37-YY_PeninsulaDevelopmentTargetMunicipality_PP.shp,半島循環道路（ポリゴン）,A37_382010,小・中学校生徒数（H22）,
A37,2015年度版,2015,A37-YY_PeninsulaDevelopmentTargetMunicipality_PP.shp,半島循環道路（ポリゴン）,A37_392000,高校生徒数（H12）,
A37,2015年度版,2015,A37-YY_PeninsulaDevelopmentTargetMunicipality_PP.shp,半島循環道路（ポリゴン）,A37_392010,高校生徒数（H22）,
A37,2015年度版,2015,A37-YY_PeninsulaDevelopmentTargetMunicipality_PP.shp,半島循環道路（ポリゴン）,A37_400001,最寄空港までのアクセス時間（起点の施設名）,
A37,2015年度版,2015,A37-YY_PeninsulaDevelopmentTargetMunicipality_PP.shp,半島循環道路（ポリゴン）,A37_400002,最寄空港までのアクセス時間（終点の施設名）,
A37,2015年度版,2015,A37-YY_PeninsulaDevelopmentTargetMunicipality_PP.shp,半島循環道路（ポリゴン）,A37_400003,最寄空港までのアクセス時間（平均所要時間）,
A37,2015年度版,2015,A37-YY_PeninsulaDevelopmentTargetMunicipality_PP.shp,半島循環道路（ポリゴン）,A37_410001,最寄新幹線停車駅までのアクセス時間（起点の施設名）,
A37,2015年度版,2015,A37-YY_PeninsulaDevelopmentTargetMunicipality_PP.shp,半島循環道路（ポリゴン）,A37_410002,最寄新幹線停車駅までのアクセス時間（終点の施設名）,
A37,2015年度版,2015,A37-YY_PeninsulaDevelopmentTargetMunicipality_PP.shp,半島循環道路（ポリゴン）,A37_410003,最寄新幹線停車駅までのアクセス時間（平均所要時間）,
A37,2015年度版,2015,A37-YY_PeninsulaDevelopmentTargetMunicipality_PP.shp,半島循環道路（ポリゴン）,A37_420001,最寄ICまでのアクセス時間（起点の施設名）,
A37,2015年度版,2015,A37-YY_PeninsulaDevelopmentTargetMunicipality_PP.shp,半島循環道路（ポリゴン）,A37_420002,最寄ICまでのアクセス時間（終点の施設名）,
A37,2015年度版,2015,A37-YY_PeninsulaDevelopmentTargetMunicipality_PP.shp,半島循環道路（ポリゴン）,A37_420003,最寄ICまでのアクセス時間（平均所要時間）,
A38,2020年度版,2020,A38-YY_PP_1.shp,医療圏（ポリゴン）,A38a_001,行政区域コード,
A38,2020年度版,2020,A38-YY_PP_1.shp,医療圏（ポリゴン）,A38a_002,市区町村名,
A38,2020年度版,2020,A38-YY_PP_1.shp,医療圏（ポリゴン）,A38a_003,二次医療圏コード,
A38,2020年度版,2020,A38-YY_PP_1.shp,医療圏（ポリゴン）,A38a_004,二次医療圏名,
A38,2020年度版,2020,A38-YY_PP_1.shp,医療圏（ポリゴン）,A38a_005,設定フラグ,
A38,2020年度版,2020,A38-YY_PP_2.shp,医療圏（ポリゴン）,A38b_001,行政区域コード,
A38,2020年度版,2020,A38-YY_PP_2.shp,医療圏（ポリゴン）,A38b_002,市区町村名,
A38,2020年度版,2020,A38-YY_PP_2.shp,医療圏（ポリゴン）,A38b_003,二次医療圏コード,
A38,2020年度版,2020,A38-YY_PP_2.shp,医療圏（ポリゴン）,A38b_004,二次医療圏名,
A38,2020年度版,2020,A38-YY_PP_2.shp,医療圏（ポリゴン）,A38b_005,面積（医療計画）,
A38,2020年度版,2020,A38-YY_PP_2.shp,医療圏（ポリゴン）,A38b_006,面積（国土地理院）,
A38,2020年度版,2020,A38-YY_PP_2.shp,医療圏（ポリゴン）,A38b_007,人口（医療計画）,
A38,2020年度版,2020,A38-YY_PP_2.shp,医療圏（ポリゴン）,A38b_008,総人口（住民基本台帳）,
A38,2020年度版,2020,A38-YY_PP_2.shp,医療圏（ポリゴン）,A38b_009,人口（15才未満）（住民基本台帳）,
A38,2020年度版,2020,A38-YY_PP_2.shp,医療圏（ポリゴン）,A38b_010,人口（15才以上65才未満）（住民基本台帳）,
A38,2020年度版,2020,A38-YY_PP_2.shp,医療圏（ポリゴン）,A38b_011,人口（65才以上）（住民基本台帳）,
A38,2020年度版,2020,A38-YY_PP_3.shp,医療圏（ポリゴン）,A38c_001,都道府県名,
A38,2020年度版,2020,A38-YY_PP_3.shp,医療圏（ポリゴン）,A38c_002,三次医療圏名,
A39,2015年度版,2015,A39-YY.shp,密集市街地（ポリゴン）,A39_001,都道府県コード,
A39,2015年度版,2015,A39-YY.shp,密集市街地（ポリゴン）,A39_002,行政区域コード,
A39,2015年度版,2015,A39-YY.shp,密集市街地（ポリゴン）,A39_003,市区町村名,
A39,2015年度版,2015,A39-YY.shp,密集市街地（ポリゴン）,A39_004,地区ID,
A39,2015年度版,2015,A39-YY.shp,密集市街地（ポリゴン）,A39_005,地区分割フラグ,
A39,2015年度版,2015,A39-YY.shp,密集市街地（ポリゴン）,A39_006,地区名,
A39,2015年度版,2015,A39-YY.shp,密集市街地（ポリゴン）,A39_007,地区面積,
A39,2015年度版,2015,A39-YY.shp,密集市街地（ポリゴン）,A39_008,所在地,
A39,2015年度版,2015,A39-YY.shp,密集市街地（ポリゴン）,A39_009,地区人口a,
A39,2015年度版,2015,A39-YY.shp,密集市街地（ポリゴン）,A39_010,地区人口b,
A39,2015年度版,2015,A39-YY.shp,密集市街地（ポリゴン）,A39_011,地区世帯数a,
A39,2015年度版,2015,A39-YY.shp,密集市街地（ポリゴン）,A39_012,地区世帯数b,
A39,2015年度版,2015,A39-YY.shp,密集市街地（ポリゴン）,A39_013,建物総棟数a,
A39,2015年度版,2015,A39-YY.shp,密集市街地（ポリゴン）,A39_014,建物総棟数b,
A39,2015年度版,2015,A39-YY.shp,密集市街地（ポリゴン）,A39_015,木造建物棟数,
A39,2015年度版,2015,A39-YY.shp,密集市街地（ポリゴン）,A39_016,裸木造建物棟数,
A39,2015年度版,2015,A39-YY.shp,密集市街地（ポリゴン）,A39_017,防火木造建物棟数,
A39,2015年度版,2015,A39-YY.shp,密集市街地（ポリゴン）,A39_018,準耐火木造建物棟数,
A39,2015年度版,2015,A39-YY.shp,密集市街地（ポリゴン）,A39_019,耐火木造建物棟数,
A39,2015年度版,2015,A39-YY.shp,密集市街地（ポリゴン）,A39_020,不燃領域率,
A39,2015年度版,2015,A39-YY.shp,密集市街地（ポリゴン）,A39_021,不燃領域率定義,
A39,2015年度版,2015,A39-YY.shp,密集市街地（ポリゴン）,A39_022,木防率,
A39,2015年度版,2015,A39-YY.shp,密集市街地（ポリゴン）,A39_023,調査年度,
A39,2015年度版,2015,A39-YY.shp,密集市街地（ポリゴン）,A39_024,75歳以上高齢者数,
A39,2015年度版,2015,A39-YY.shp,密集市街地（ポリゴン）,A39_025,防災再開発促進地区指定,
A40,2024年度版,2024,A40-YY_PP.shp,津波浸水想定（ポリゴン）,A40_001,都道府県名,
A40,2024年度版,2024,A40-YY_PP.shp,津波浸水想定（ポリゴン）,A40_002,都道府県コード,
A40,2024年度版,2024,A40-YY_PP.shp,津波浸水想定（ポリゴン）,A40_003,津波浸水深の区分,
A42,2018年度版,2018,A42-YY_Preservation_Area_of_Historic_Landscape.shp,歴史的風土保存区域（ポリゴン）,A42_001,都道府県名,
A42,2018年度版,2018,A42-YY_Preservation_Area_of_Historic_Landscape.shp,歴史的風土保存区域（ポリゴン）,A42_002,市町村名,
A42,2018年度版,2018,A42-YY_Preservation_Area_of_Historic_Landscape.shp,歴史的風土保存区域（ポリゴン）,A42_003,行政区域コード,
A42,2018年度版,2018,A42-YY_Preservation_Area_of_Historic_Landscape.shp,歴史的風土保存区域（ポリゴン）,A42_004,区域名称,
A42,2018年度版,2018,A42-YY_Preservation_Area_of_Historic_Landscape.shp,歴史的風土保存区域（ポリゴン）,A42_005,当初都市計画決定年月日,
A42,2018年度版,2018,A42-YY_Preservation_Area_of_Historic_Landscape.shp,歴史的風土保存区域（ポリゴン）,A42_006,最新都市計画変更年月日,
A42,2018年度版,2018,A42-YY_Preservation_Area_of_Historic_Landscape.shp,歴史的風土保存区域（ポリゴン）,A42_007,面積,
A42,2018年度版,2018,A42-YY_Preservation_Area_of_Historic_Landscape.shp,歴史的風土保存区域（ポリゴン）,A42_008,中心地緯度,
A42,2018年度版,2018,A42-YY_Preservation_Area_of_Historic_Landscape.shp,歴史的風土保存区域（ポリゴン）,A42_009,中心地経度,
A42,2018年度版,2018,A42-YY_Spacial_Preservation_Area_of_Historic_Landscape.shp,歴史的風土保存区域（ポリゴン）,A42_001,都道府県名,
A42,2018年度版,2018,A42-YY_Spacial_Preservation_Area_of_Historic_Landscape.shp,歴史的風土保存区域（ポリゴン）,A42_002,市町村名,
A42,2018年度版,2018,A42-YY_Spacial_Preservation_Area_of_Historic_Landscape.shp,歴史的風土保存区域（ポリゴン）,A42_003,行政区域コード,
A42,2018年度版,2018,A42-YY_Spacial_Preservation_Area_of_Historic_Landscape.shp,歴史的風土保存区域（ポリゴン）,A42_004,地区名称,
A42,2018年度版,2018,A42-YY_Spacial_Preservation_Area_of_Historic_Landscape.shp,歴史的風土保存区域（ポリゴン）,A42_005,種別,
A42,2018年度版,2018,A42-YY_Spacial_Preservation_Area_of_Historic_Landscape.shp,歴史的風土保存区域（ポリゴン）,A42_006,当初都市計画決定年月日,
A42,2018年度版,2018,A42-YY_Spacial_Preservation_Area_of_Historic_Landscape.shp,歴史的風土保存区域（ポリゴン）,A42_007,最新都市計画変更年月日,
A42,2018年度版,2018,A42-YY_Spacial_Preservation_Area_of_Historic_Landscape.shp,歴史的風土保存区域（ポリゴン）,A42_008,面積,
A42,2018年度版,2018,A42-YY_Spacial_Preservation_Area_of_Historic_Landscape.shp,歴史的風土保存区域（ポリゴン）,A42_009,中心地緯度,
A42,2018年度版,2018,A42-YY_Spacial_Preservation_Area_of_Historic_Landscape.shp,歴史的風土保存区域（ポリゴン）,A42_010,中心地経度,
A43,2018年度版,2018,A43-YY_ Preservation_District_of_Historic_Buildings.shp,伝統的建造物群保存地区（ポリゴン）,A43_001,都道府県名,
A43,2018年度版,2018,A43-YY_ Preservation_District_of_Historic_Buildings.shp,伝統的建造物群保存地区（ポリゴン）,A43_002,市町村名,
A43,2018年度版,2018,A43-YY_ Preservation_District_of_Historic_Buildings.shp,伝統的建造物群保存地区（ポリゴン）,A43_003,行政区域コード,
A43,2018年度版,2018,A43-YY_ Preservation_District_of_Historic_Buildings.shp,伝統的建造物群保存地区（ポリゴン）,A43_004,地区名称,
A43,2018年度版,2018,A43-YY_ Preservation_District_of_Historic_Buildings.shp,伝統的建造物群保存地区（ポリゴン）,A43_005,指定,
A43,2018年度版,2018,A43-YY_ Preservation_District_of_Historic_Buildings.shp,伝統的建造物群保存地区（ポリゴン）,A43_006,所在地,
A43,2018年度版,2018,A43-YY_ Preservation_District_of_Historic_Buildings.shp,伝統的建造物群保存地区（ポリゴン）,A43_007,種別,
A43,2018年度版,2018,A43-YY_ Preservation_District_of_Historic_Buildings.shp,伝統的建造物群保存地区（ポリゴン）,A43_008,選定日,
A43,2018年度版,2018,A43-YY_ Preservation_District_of_Historic_Buildings.shp,伝統的建造物群保存地区（ポリゴン）,A43_009,面積,
A43,2018年度版,2018,A43-YY_ Preservation_District_of_Historic_Buildings.shp,伝統的建造物群保存地区（ポリゴン）,A43_010,文化遺産オンラインURL,
A43,2018年度版,2018,A43-YY_ Preservation_District_of_Historic_Buildings.shp,伝統的建造物群保存地区（ポリゴン）,A43_011,中心地緯度,
A43,2018年度版,2018,A43-YY_ Preservation_District_of_Historic_Buildings.shp,伝統的建造物群保存地区（ポリゴン）,A43_012,中心地経度,
A44,2018年度版,2018,A44-YY_ Priority_Area_of_Plan_for_the_Maintenance_and_Improvement_of_Historical_Scenic_Beauty.shp,歴史的風致維持向上計画の重点地区（ポリゴン）,A44_001,都道府県名,
A44,2018年度版,2018,A44-YY_ Priority_Area_of_Plan_for_the_Maintenance_and_Improvement_of_Historical_Scenic_Beauty.shp,歴史的風致維持向上計画の重点地区（ポリゴン）,A44_002,市町村名,
A44,2018年度版,2018,A44-YY_ Priority_Area_of_Plan_for_the_Maintenance_and_Improvement_of_Historical_Scenic_Beauty.shp,歴史的風致維持向上計画の重点地区（ポリゴン）,A44_003,行政区域コード,
A44,2018年度版,2018,A44-YY_ Priority_Area_of_Plan_for_the_Maintenance_and_Improvement_of_Historical_Scenic_Beauty.shp,歴史的風致維持向上計画の重点地区（ポリゴン）,A44_004,計画名称,
A44,2018年度版,2018,A44-YY_ Priority_Area_of_Plan_for_the_Maintenance_and_Improvement_of_Historical_Scenic_Beauty.shp,歴史的風致維持向上計画の重点地区（ポリゴン）,A44_005,認定日,
A44,2018年度版,2018,A44-YY_ Priority_Area_of_Plan_for_the_Maintenance_and_Improvement_of_Historical_Scenic_Beauty.shp,歴史的風致維持向上計画の重点地区（ポリゴン）,A44_006,計画期間開始日,
A44,2018年度版,2018,A44-YY_ Priority_Area_of_Plan_for_the_Maintenance_and_Improvement_of_Historical_Scenic_Beauty.shp,歴史的風致維持向上計画の重点地区（ポリゴン）,A44_007,計画期間終了日,
A44,2018年度版,2018,A44-YY_ Priority_Area_of_Plan_for_the_Maintenance_and_Improvement_of_Historical_Scenic_Beauty.shp,歴史的風致維持向上計画の重点地区（ポリゴン）,A44_008,重点区域面積,
A44,2018年度版,2018,A44-YY_ Priority_Area_of_Plan_for_the_Maintenance_and_Improvement_of_Historical_Scenic_Beauty.shp,歴史的風致維持向上計画の重点地区（ポリゴン）,A44_009,中心地緯度,
A44,2018年度版,2018,A44-YY_ Priority_Area_of_Plan_for_the_Maintenance_and_Improvement_of_Historical_Scenic_Beauty.shp,歴史的風致維持向上計画の重点地区（ポリゴン）,A44_010,中心地経度,
A56,2025年度版,2025,A56-YY_PP.shp,宅地造成等工事規制区域・特定盛土等規制区域（ポリゴン）,A56_001,都道府県コード,
A56,2025年度版,2025,A56-YY_PP.shp,宅地造成等工事規制区域・特定盛土等規制区域（ポリゴン）,A56_002,行政コード,
A56,2025年度版,2025,A56-YY_PP.shp,宅地造成等工事規制区域・特定盛土等規制区域（ポリゴン）,A56_003,市区町村名,
A56,2025年度版,2025,A56-YY_PP.shp,宅地造成等工事規制区域・特定盛土等規制区域（ポリゴン）,A56_004,規制区域区分,
A56,2025年度版,2025,A56-YY_PP.shp,宅地造成等工事規制区域・特定盛土等規制区域（ポリゴン）,A56_005,指定主体区分,
A56,2025年度版,2025,A56-YY_PP.shp,宅地造成等工事規制区域・特定盛土等規制区域（ポリゴン）,A56_006,告示番号,
A56,2025年度版,2025,A56-YY_PP.shp,宅地造成等工事規制区域・特定盛土等規制区域（ポリゴン）,A56_007,施行年月日,
A45,2024年度版,2024,A45-YY_PP_SectionofUnit.shp,国有林野（ポリゴン）,A45_001,小班ID,
A45,2024年度版,2024,A45-YY_PP_SectionofUnit.shp,国有林野（ポリゴン）,A45_002,森林管理局,
A45,2024年度版,2024,A45-YY_PP_SectionofUnit.shp,国有林野（ポリゴン）,A45_003,森林管理署,
A45,2024年度版,2024,A45-YY_PP_SectionofUnit.shp,国有林野（ポリゴン）,A45_004,林班主番,
A45,2024年度版,2024,A45-YY_PP_SectionofUnit.shp,国有林野（ポリゴン）,A45_005,林班枝番,
A45,2024年度版,2024,A45-YY_PP_SectionofUnit.shp,国有林野（ポリゴン）,A45_006,小班主番,
A45,2024年度版,2024,A45-YY_PP_SectionofUnit.shp,国有林野（ポリゴン）,A45_007,小班枝番,
A45,2024年度版,2024,A45-YY_PP_SectionofUnit.shp,国有林野（ポリゴン）,A45_008,局名称,
A45,2024年度版,2024,A45-YY_PP_SectionofUnit.shp,国有林野（ポリゴン）,A45_009,署名称,
A45,2024年度版,2024,A45-YY_PP_SectionofUnit.shp,国有林野（ポリゴン）,A45_010,小班名称,
A45,2024年度版,2024,A45-YY_PP_SectionofUnit.shp,国有林野（ポリゴン）,A45_011,林小班名称,
A45,2024年度版,2024,A45-YY_PP_SectionofUnit.shp,国有林野（ポリゴン）,A45_012,材積,
A45,2024年度版,2024,A45-YY_PP_SectionofUnit.shp,国有林野（ポリゴン）,A45_013,国有林名称,
A45,2024年度版,2024,A45-YY_PP_SectionofUnit.shp,国有林野（ポリゴン）,A45_014,担当区,
A45,2024年度版,2024,A45-YY_PP_SectionofUnit.shp,国有林野（ポリゴン）,A45_015,県市町村,
A45,2024年度版,2024,A45-YY_PP_SectionofUnit.shp,国有林野（ポリゴン）,A45_016,樹種1,
A45,2024年度版,2024,A45-YY_PP_SectionofUnit.shp,国有林野（ポリゴン）,A45_017,樹立林齢1,
A45,2024年度版,2024,A45-YY_PP_SectionofUnit.shp,国有林野（ポリゴン）,A45_018,樹種2,
A45,2024年度版,2024,A45-YY_PP_SectionofUnit.shp,国有林野（ポリゴン）,A45_019,樹立林齢2,
A45,2024年度版,2024,A45-YY_PP_SectionofUnit.shp,国有林野（ポリゴン）,A45_020,樹種3,
A45,2024年度版,2024,A45-YY_PP_SectionofUnit.shp,国有林野（ポリゴン）,A45_021,樹立林齢3,
A45,2024年度版,2024,A45-YY_PP_SectionofUnit.shp,国有林野（ポリゴン）,A45_022,計画区,
A45,2024年度版,2024,A45-YY_PP_SectionofUnit.shp,国有林野（ポリゴン）,A45_023,林種の細分,
A45,2024年度版,2024,A45-YY_PP_SectionofUnit.shp,国有林野（ポリゴン）,A45_024,機能類型,
A45,2024年度版,2024,A45-YY_PP_SectionofUnit.shp,国有林野（ポリゴン）,A45_025,面積,
A45,2024年度版,2024,A45-YY_PP_SectionofUnit.shp,国有林野（ポリゴン）,A45_026,保安林１,
A45,2024年度版,2024,A45-YY_PP_SectionofUnit.shp,国有林野（ポリゴン）,A45_027,保安林２,
A45,2024年度版,2024,A45-YY_PP_SectionofUnit.shp,国有林野（ポリゴン）,A45_028,保安林３,
A45,2024年度版,2024,A45-YY_PP_SectionofUnit.shp,国有林野（ポリゴン）,A45_029,保安林４,
A45,2024年度版,2024,A45-YY_PP_SectionofUnit.shp,国有林野（ポリゴン）,A45_030,保護林,
A45,2024年度版,2024,A45-YY_PP_SectionofUnit.shp,国有林野（ポリゴン）,A45_031,緑の回廊,
A45,2024年度版,2024,A45-YY_PP_SectionofUnit.shp,国有林野（ポリゴン）,A45_032,樹立年度,
A45,2024年度版,2024,A45-YY_PP_SectionofCompartment.shp,国有林野（ポリゴン）,A45_041,林班ID,
A45,2024年度版,2024,A45-YY_PP_SectionofCompartment.shp,国有林野（ポリゴン）,A45_042,森林管理局,
A45,2024年度版,2024,A45-YY_PP_SectionofCompartment.shp,国有林野（ポリゴン）,A45_043,森林管理署,
A45,2024年度版,2024,A45-YY_PP_SectionofCompartment.shp,国有林野（ポリゴン）,A45_044,林班主番,
A45,2024年度版,2024,A45-YY_PP_SectionofCompartment.shp,国有林野（ポリゴン）,A45_045,林班枝番,
A45,2024年度版,2024,A45-YY_PP_SectionofCompartment.shp,国有林野（ポリゴン）,A45_046,局名称,
A45,2024年度版,2024,A45-YY_PP_SectionofCompartment.shp,国有林野（ポリゴン）,A45_047,署名称,
A45,2024年度版,2024,A45-YY_PP_ForestRoad.shp,国有林野（ライン）,A45_051,林道ID,
A45,2024年度版,2024,A45-YY_PP_ForestRoad.shp,国有林野（ポリゴン）,A45_052,森林管理局,
A45,2024年度版,2024,A45-YY_PP_ForestRoad.shp,国有林野（ポリゴン）,A45_053,森林管理署,
A45,2024年度版,2024,A45-YY_PP_ForestRoad.shp,国有林野（ポリゴン）,A45_054,路線番号,
A45,2024年度版,2024,A45-YY_PP_ForestRoad.shp,国有林野（ポリゴン）,A45_055,林道名,
A46,2021年度版,2021,A46-a-20_PP.shp,地すべり防止区域（ポリゴン）,A46-a_001,都道府県コード,
A46,2021年度版,2021,A46-a-20_PP.shp,地すべり防止区域（ポリゴン）,A46-a_002,行政コード,
A46,2021年度版,2021,A46-a-20_PP.shp,地すべり防止区域（ポリゴン）,A46-a_003,市町村名,
A46,2021年度版,2021,A46-a-20_PP.shp,地すべり防止区域（ポリゴン）,A46-a_004,区域名,
A46,2021年度版,2021,A46-a-20_PP.shp,地すべり防止区域（ポリゴン）,A46-a_005,所在地,
A46,2021年度版,2021,A46-a-20_PP.shp,地すべり防止区域（ポリゴン）,A46-a_006,告示年月日,
A46,2021年度版,2021,A46-a-20_PP.shp,地すべり防止区域（ポリゴン）,A46-a_007,告示番号,
A46,2021年度版,2021,A46-a-20_PP.shp,地すべり防止区域（ポリゴン）,A46-a_008,指定面積ha,
A46,2021年度版,2021,A46-a-20_PP.shp,地すべり防止区域（ポリゴン）,A46-a_009,所管省庁,
A46,2021年度版,2021,A46-b-20_PP.shp,地すべり防止区域（ポリゴン）,A46-b_001,都道府県コード,
A46,2021年度版,2021,A46-b-20_PP.shp,地すべり防止区域（ポリゴン）,A46-b_002,行政コード,
A46,2021年度版,2021,A46-b-20_PP.shp,地すべり防止区域（ポリゴン）,A46-b_003,市町村名,
A46,2021年度版,2021,A46-b-20_PP.shp,地すべり防止区域（ポリゴン）,A46-b_004,区域名,
A46,2021年度版,2021,A46-b-20_PP.shp,地すべり防止区域（ポリゴン）,A46-b_005,所在地,
A46,2021年度版,2021,A46-b-20_PP.shp,地すべり防止区域（ポリゴン）,A46-b_006,告示年月日,
A46,2021年度版,2021,A46-b-20_PP.shp,地すべり防止区域（ポリゴン）,A46-b_007,告示番号,
A46,2021年度版,2021,A46-b-20_PP.shp,地すべり防止区域（ポリゴン）,A46-b_008,指定面積ha,
A46,2021年度版,2021,A46-b-20_PP.shp,地すべり防止区域（ポリゴン）,A46-b_009,所管省庁,
A46,2021年度版,2021,A46-c-YY_PP.shp,地すべり防止区域（ポリゴン）,A46-c_001,都道府県コード,
A46,2021年度版,2021,A46-c-YY_PP.shp,地すべり防止区域（ポリゴン）,A46-c_002,行政コード,
A46,2021年度版,2021,A46-c-YY_PP.shp,地すべり防止区域（ポリゴン）,A46-c_003,市町村名,
A46,2021年度版,2021,A46-c-YY_PP.shp,地すべり防止区域（ポリゴン）,A46-c_004,区域名,
A46,2021年度版,2021,A46-c-YY_PP.shp,地すべり防止区域（ポリゴン）,A46-c_005,所在地,
A46,2021年度版,2021,A46-c-YY_PP.shp,地すべり防止区域（ポリゴン）,A46-c_006,告示年月日,
A46,2021年度版,2021,A46-c-YY_PP.shp,地すべり防止区域（ポリゴン）,A46-c_007,告示番号,
A46,2021年度版,2021,A46-c-YY_PP.shp,地すべり防止区域（ポリゴン）,A46-c_008,指定面積ha,
A46,2021年度版,2021,A46-c-YY_PP.shp,地すべり防止区域（ポリゴン）,A46-c_009,所管省庁,
A47,2021年度版,2021,A47-YY_PP.shp,急傾斜地崩壊危険区域（ポリゴン）,A47_001,都道府県コード,
A47,2021年度版,2021,A47-YY_PP.shp,急傾斜地崩壊危険区域（ポリゴン）,A47_002,行政コード,
A47,2021年度版,2021,A47-YY_PP.shp,急傾斜地崩壊危険区域（ポリゴン）,A47_003,市町村名,
A47,2021年度版,2021,A47-YY_PP.shp,急傾斜地崩壊危険区域（ポリゴン）,A47_004,区域名,
A47,2021年度版,2021,A47-YY_PP.shp,急傾斜地崩壊危険区域（ポリゴン）,A47_005,所在地,
A47,2021年度版,2021,A47-YY_PP.shp,急傾斜地崩壊危険区域（ポリゴン）,A47_006,告示年月日,
A47,2021年度版,2021,A47-YY_PP.shp,急傾斜地崩壊危険区域（ポリゴン）,A47_007,告示番号,
A47,2021年度版,2021,A47-YY_PP.shp,急傾斜地崩壊危険区域（ポリゴン）,A47_008,指定面積ha,
A48,2021年度版,2021,A48-YY_PP.shp,災害危険区域（ポリゴン）,A48_001,都道府県名,
A48,2021年度版,2021,A48-YY_PP.shp,災害危険区域（ポリゴン）,A48_002,市町村名,
A48,2021年度版,2021,A48-YY_PP.shp,災害危険区域（ポリゴン）,A48_003,代表行政コード,
A48,2021年度版,2021,A48-YY_PP.shp,災害危険区域（ポリゴン）,A48_004,指定主体区分,
A48,2021年度版,2021,A48-YY_PP.shp,災害危険区域（ポリゴン）,A48_005,区域名,
A48,2021年度版,2021,A48-YY_PP.shp,災害危険区域（ポリゴン）,A48_006,所在地,
A48,2021年度版,2021,A48-YY_PP.shp,災害危険区域（ポリゴン）,A48_007,指定理由コード,
A48,2021年度版,2021,A48-YY_PP.shp,災害危険区域（ポリゴン）,A48_008,指定理由詳細,
A48,2021年度版,2021,A48-YY_PP.shp,災害危険区域（ポリゴン）,A48_009,告示年月日,
A48,2021年度版,2021,A48-YY_PP.shp,災害危険区域（ポリゴン）,A48_010,告示番号,
A48,2021年度版,2021,A48-YY_PP.shp,災害危険区域（ポリゴン）,A48_011,根拠条例,
A48,2021年度版,2021,A48-YY_PP.shp,災害危険区域（ポリゴン）,A48_012,面積,
A48,2021年度版,2021,A48-YY_PP.shp,災害危険区域（ポリゴン）,A48_013,縮尺,
A48,2021年度版,2021,A48-YY_PP.shp,災害危険区域（ポリゴン）,A48_014,その他,
A49,2024年度版,2024,A49-YY_PP.shp,高潮浸水想定区域（ポリゴン）,A49_001,都道府県名,
A49,2024年度版,2024,A49-YY_PP.shp,高潮浸水想定区域（ポリゴン）,A49_002,都道府県コード,
A49,2024年度版,2024,A49-YY_PP.shp,高潮浸水想定区域（ポリゴン）,A49_003,浸水深の区分,
A50,2020年度版,2020,A50-YY_PP.shp,立地適正化計画区域（ポリゴン）,A50_001,都道府県コード,
A50,2020年度版,2020,A50-YY_PP.shp,立地適正化計画区域（ポリゴン）,A50_002,都道府県名,
A50,2020年度版,2020,A50-YY_PP.shp,立地適正化計画区域（ポリゴン）,A50_003,行政区域コード,
A50,2020年度版,2020,A50-YY_PP.shp,立地適正化計画区域（ポリゴン）,A50_004,市町村名,
A50,2020年度版,2020,A50-YY_PP.shp,立地適正化計画区域（ポリゴン）,A50_005,区域設定年月日,
A50,2020年度版,2020,A50-YY_PP.shp,立地適正化計画区域（ポリゴン）,A50_006,区域コード,
A50,2020年度版,2020,A50-YY_PP.shp,立地適正化計画区域（ポリゴン）,A50_007,区域名称,
A51,2025年度版,2025,A51-YY_PP.shp,雨水出水（内水）浸水想定区域（ポリゴン）,A51_001,,
A51,2025年度版,2025,A51-YY_PP.shp,雨水出水（内水）浸水想定区域（ポリゴン）,A51_002,,
A51,2025年度版,2025,A51-YY_PP.shp,雨水出水（内水）浸水想定区域（ポリゴン）,A51_003,,
A51,2025年度版,2025,A51-YY_PP.shp,雨水出水（内水）浸水想定区域（ポリゴン）,A51_004,,
A51,2025年度版,2025,A51-YY_PP.shp,雨水出水（内水）浸水想定区域（ポリゴン）,A51_004,,
A52,2023年度版,2023,A52-YY_PP.shp,砂防指定地（ポリゴン）,A52_001,都道府県コード,
A52,2023年度版,2023,A52-YY_PP.shp,砂防指定地（ポリゴン）,A52_002,市町村コード,
A52,2023年度版,2023,A52-YY_PP.shp,砂防指定地（ポリゴン）,A52_003,市町村名,
A52,2023年度版,2023,A52-YY_PP.shp,砂防指定地（ポリゴン）,A52_004,河川渓流名,
A52,2023年度版,2023,A52-YY_PP.shp,砂防指定地（ポリゴン）,A52_005,支渓名,
A52,2023年度版,2023,A52-YY_PP.shp,砂防指定地（ポリゴン）,A52_006,告示年月日,
A52,2023年度版,2023,A52-YY_PP.shp,砂防指定地（ポリゴン）,A52_007,告示番号,
A52,2023年度版,2023,A52-YY_PP.shp,砂防指定地（ポリゴン）,A52_008,指定面積（ha）,
A52,2023年度版,2023,A52-YY_PP.shp,砂防指定地（ポリゴン）,A52_009,整理番号,
A52,2023年度版,2023,A52-YY_PP.shp,砂防指定地（ポリゴン）,A52_010,指定方法,
A53,2025年度版,2025,P53-YY_PP.shp,多段階浸水想定（ポリゴン）,A53_001,水系コード,多段階浸水想定図（6図）に共通の属性
A53,2025年度版,2025,P53-YY_PP.shp,多段階浸水想定（ポリゴン）,A53_002,水系名,
A53,2025年度版,2025,P53-YY_PP.shp,多段階浸水想定（ポリゴン）,A53_003,浸水深ランク（3段階）,
A53,2025年度版,2025,P53-YY_PP.shp,多段階浸水想定（ポリゴン）,A53_004,浸水深ランク（6段階）,
A53,2025年度版,2025,P53-YY_PP.shp,多段階浸水想定（ポリゴン）,A53_005,降雨規模,
A54,2023年度版,2023,P54-YY_PP.shp,大規模盛土造成地（ポリゴン）,A54_001,盛土区分,
A54,2023年度版,2023,P54-YY_PP.shp,大規模盛土造成地（ポリゴン）,A54_002,都道府県コード,
A54,2023年度版,2023,P54-YY_PP.shp,大規模盛土造成地（ポリゴン）,A54_003,都道府県名,
A54,2023年度版,2023,P54-YY_PP.shp,大規模盛土造成地（ポリゴン）,A54_004,市区町村コード,
A54,2023年度版,2023,P54-YY_PP.shp,大規模盛土造成地（ポリゴン）,A54_005,市区町村名,
A54,2023年度版,2023,P54-YY_PP.shp,大規模盛土造成地（ポリゴン）,A54_006,盛土番号,
A55,2024年度版,2024,CCCCC_youto.shp,都市計画決定情報（ポリゴン）（ライン）（ポイント）,用途地域,名称,
A55,2024年度版,2024,CCCCC_youto.shp,都市計画決定情報（ポリゴン）（ライン）（ポイント）,YoutoID,種類コード,
A55,2024年度版,2024,CCCCC_youto.shp,都市計画決定情報（ポリゴン）（ライン）（ポイント）,容積率,容積率,
A55,2024年度版,2024,CCCCC_youto.shp,都市計画決定情報（ポリゴン）（ライン）（ポイント）,建ぺい率,建ぺい率,
A55,2024年度版,2024,CCCCC_youto.shp,都市計画決定情報（ポリゴン）（ライン）（ポイント）,Pref,都道府県名称,
A55,2024年度版,2024,CCCCC_youto.shp,都市計画決定情報（ポリゴン）（ライン）（ポイント）,Citycode,市区町村の行政コード,
A55,2024年度版,2024,CCCCC_youto.shp,都市計画決定情報（ポリゴン）（ライン）（ポイント）,Cityname,市区町村名称,
A55,2024年度版,2024,CCCCC_youto.shp,都市計画決定情報（ポリゴン）（ライン）（ポイント）,決定日,決定日,
A55,2024年度版,2024,CCCCC_youto.shp,都市計画決定情報（ポリゴン）（ライン）（ポイント）,決定区分,決定区分,
A55,2024年度版,2024,CCCCC_youto.shp,都市計画決定情報（ポリゴン）（ライン）（ポイント）,決定者,決定者,
A55,2024年度版,2024,CCCCC_youto.shp,都市計画決定情報（ポリゴン）（ライン）（ポイント）,告示番号,告示番号,
A55,2024年度版,2024,CCCCC_tokei.shp,都市計画決定情報（ポリゴン）（ライン）（ポイント）,tokeiname,名称,
A55,2024年度版,2024,CCCCC_tokei.shp,都市計画決定情報（ポリゴン）（ライン）（ポイント）,Type,種類名称,
A55,2024年度版,2024,CCCCC_tokei.shp,都市計画決定情報（ポリゴン）（ライン）（ポイント）,kubunID,種類コード,
A55,2024年度版,2024,CCCCC_tokei.shp,都市計画決定情報（ポリゴン）（ライン）（ポイント）,Pref,都道府県名称,
A55,2024年度版,2024,CCCCC_tokei.shp,都市計画決定情報（ポリゴン）（ライン）（ポイント）,Citycode,市区町村の行政コード,
A55,2024年度版,2024,CCCCC_tokei.shp,都市計画決定情報（ポリゴン）（ライン）（ポイント）,Cityname,市区町村名称,
A55,2024年度版,2024,CCCCC_tokei.shp,都市計画決定情報（ポリゴン）（ライン）（ポイント）,決定日,決定日,
A55,2024年度版,2024,CCCCC_tokei.shp,都市計画決定情報（ポリゴン）（ライン）（ポイント）,決定区分,決定区分,
A55,2024年度版,2024,CCCCC_tokei.shp,都市計画決定情報（ポリゴン）（ライン）（ポイント）,決定者,決定者,
A55,2024年度版,2024,CCCCC_tokei.shp,都市計画決定情報（ポリゴン）（ライン）（ポイント）,告示番号,告示番号,
A55,2024年度版,2024,CCCCC_senbiki.shp,都市計画決定情報（ポリゴン）（ライン）（ポイント）,区域区分,区域区分,
A55,2024年度版,2024,CCCCC_senbiki.shp,都市計画決定情報（ポリゴン）（ライン）（ポイント）,kubunID,種類コード,
A55,2024年度版,2024,CCCCC_senbiki.shp,都市計画決定情報（ポリゴン）（ライン）（ポイント）,Pref,都道府県名称,
A55,2024年度版,2024,CCCCC_senbiki.shp,都市計画決定情報（ポリゴン）（ライン）（ポイント）,Citycode,市区町村の行政コード,
A55,2024年度版,2024,CCCCC_senbiki.shp,都市計画決定情報（ポリゴン）（ライン）（ポイント）,Cityname,市区町村名称,
A55,2024年度版,2024,CCCCC_senbiki.shp,都市計画決定情報（ポリゴン）（ライン）（ポイント）,決定日,決定日,
A55,2024年度版,2024,CCCCC_senbiki.shp,都市計画決定情報（ポリゴン）（ライン）（ポイント）,決定区分,決定区分,
A55,2024年度版,2024,CCCCC_senbiki.shp,都市計画決定情報（ポリゴン）（ライン）（ポイント）,決定者,決定者,
A55,2024年度版,2024,CCCCC_senbiki.shp,都市計画決定情報（ポリゴン）（ライン）（ポイント）,告示番号,告示番号,
A55,2024年度版,2024,CCCCC_tkbt.shp,都市計画決定情報（ポリゴン）（ライン）（ポイント）,用途区分,,
A55,2024年度版,2024,CCCCC_tkbt.shp,都市計画決定情報（ポリゴン）（ライン）（ポイント）,youtoID,,
A55,2024年度版,2024,CCCCC_tkbt.shp,都市計画決定情報（ポリゴン）（ライン）（ポイント）,Type,,
A55,2024年度版,2024,CCCCC_tkbt.shp,都市計画決定情報（ポリゴン）（ライン）（ポイント）,kubunID,,
A55,2024年度版,2024,CCCCC_tkbt.shp,都市計画決定情報（ポリゴン）（ライン）（ポイント）,Pref,,
A55,2024年度版,2024,CCCCC_tkbt.shp,都市計画決定情報（ポリゴン）（ライン）（ポイント）,Citycode,,
A55,2024年度版,2024,CCCCC_tkbt.shp,都市計画決定情報（ポリゴン）（ライン）（ポイント）,Cityname,,
A55,2024年度版,2024,CCCCC_tkbt.shp,都市計画決定情報（ポリゴン）（ライン）（ポイント）,決定日,,
A55,2024年度版,2024,CCCCC_tkbt.shp,都市計画決定情報（ポリゴン）（ライン）（ポイント）,決定区分,,
A55,2024年度版,2024,CCCCC_tkbt.shp,都市計画決定情報（ポリゴン）（ライン）（ポイント）,決定者,,
A55,2024年度版,2024,CCCCC_tkbt.shp,都市計画決定情報（ポリゴン）（ライン）（ポイント）,告示番号,,
A55,2024年度版,2024,CCCCC_tokuriyouseki.shp,都市計画決定情報（ポリゴン）（ライン）（ポイント）,名称,名称,
A55,2024年度版,2024,CCCCC_tokuriyouseki.shp,都市計画決定情報（ポリゴン）（ライン）（ポイント）,種類,種類コード名称,
A55,2024年度版,2024,CCCCC_tokuriyouseki.shp,都市計画決定情報（ポリゴン）（ライン）（ポイント）,KubunID,種類コード,
A55,2024年度版,2024,CCCCC_tokuriyouseki.shp,都市計画決定情報（ポリゴン）（ライン）（ポイント）,Pref,都道府県名称,
A55,2024年度版,2024,CCCCC_tokuriyouseki.shp,都市計画決定情報（ポリゴン）（ライン）（ポイント）,Citycode,市区町村の行政コード,
A55,2024年度版,2024,CCCCC_tokuriyouseki.shp,都市計画決定情報（ポリゴン）（ライン）（ポイント）,Cityname,市区町村名称,
A55,2024年度版,2024,CCCCC_tokuriyouseki.shp,都市計画決定情報（ポリゴン）（ライン）（ポイント）,決定日,決定日,
A55,2024年度版,2024,CCCCC_tokuriyouseki.shp,都市計画決定情報（ポリゴン）（ライン）（ポイント）,決定区分,決定区分,
A55,2024年度版,2024,CCCCC_tokuriyouseki.shp,都市計画決定情報（ポリゴン）（ライン）（ポイント）,決定者,決定者,
A55,2024年度版,2024,CCCCC_tokuriyouseki.shp,都市計画決定情報（ポリゴン）（ライン）（ポイント）,告示番号,告示番号,
A55,2024年度版,2024,CCCCC_kousoujyukyo.shp,都市計画決定情報（ポリゴン）（ライン）（ポイント）,決定者,決定者,
A55,2024年度版,2024,CCCCC_kousoujyukyo.shp,都市計画決定情報（ポリゴン）（ライン）（ポイント）,告示番号,告示番号,
A55,2024年度版,2024,CCCCC_kousoujyukyo.shp,都市計画決定情報（ポリゴン）（ライン）（ポイント）,告示年月日,決定日,
A55,2024年度版,2024,CCCCC_kousoujyukyo.shp,都市計画決定情報（ポリゴン）（ライン）（ポイント）,名称,名称,
A55,2024年度版,2024,CCCCC_kousoujyukyo.shp,都市計画決定情報（ポリゴン）（ライン）（ポイント）,Type,種類名称,
A55,2024年度版,2024,CCCCC_kousoujyukyo.shp,都市計画決定情報（ポリゴン）（ライン）（ポイント）,kubunID,種類コード,
A55,2024年度版,2024,CCCCC_kousoujyukyo.shp,都市計画決定情報（ポリゴン）（ライン）（ポイント）,Pref,都道府県名称,
A55,2024年度版,2024,CCCCC_kousoujyukyo.shp,都市計画決定情報（ポリゴン）（ライン）（ポイント）,Citycode,市区町村の行政コード,
A55,2024年度版,2024,CCCCC_kousoujyukyo.shp,都市計画決定情報（ポリゴン）（ライン）（ポイント）,Cityname,市区町村名称,
A55,2024年度版,2024,CCCCC_kousoujyukyo.shp,都市計画決定情報（ポリゴン）（ライン）（ポイント）,決定区分,決定区分,
A55,2024年度版,2024,CCCCC_koudoti.shp,都市計画決定情報（ポリゴン）（ライン）（ポイント）,Type,種類名称,
A55,2024年度版,2024,CCCCC_koudoti.shp,都市計画決定情報（ポリゴン）（ライン）（ポイント）,kubunID,種類コード,
A55,2024年度版,2024,CCCCC_koudoti.shp,都市計画決定情報（ポリゴン）（ライン）（ポイント）,Pref,都道府県名称,
A55,2024年度版,2024,CCCCC_koudoti.shp,都市計画決定情報（ポリゴン）（ライン）（ポイント）,Citycode,市区町村の行政コード,
A55,2024年度版,2024,CCCCC_koudoti.shp,都市計画決定情報（ポリゴン）（ライン）（ポイント）,Cityname,市区町村名称,
A55,2024年度版,2024,CCCCC_koudoti.shp,都市計画決定情報（ポリゴン）（ライン）（ポイント）,決定日,決定日,
A55,2024年度版,2024,CCCCC_koudoti.shp,都市計画決定情報（ポリゴン）（ライン）（ポイント）,決定区分,決定区分,
A55,2024年度版,2024,CCCCC_koudoti.shp,都市計画決定情報（ポリゴン）（ライン）（ポイント）,決定者,決定者,
A55,2024年度版,2024,CCCCC_koudoti.shp,都市計画決定情報（ポリゴン）（ライン）（ポイント）,告示番号,告示番号,
A55,2024年度版,2024,CCCCC_koudori.shp,都市計画決定情報（ポリゴン）（ライン）（ポイント）,名称,名称,
A55,2024年度版,2024,CCCCC_koudori.shp,都市計画決定情報（ポリゴン）（ライン）（ポイント）,Type,種類名称,
A55,2024年度版,2024,CCCCC_koudori.shp,都市計画決定情報（ポリゴン）（ライン）（ポイント）,kubunID,種類コード,
A55,2024年度版,2024,CCCCC_koudori.shp,都市計画決定情報（ポリゴン）（ライン）（ポイント）,Pref,都道府県名称,
A55,2024年度版,2024,CCCCC_koudori.shp,都市計画決定情報（ポリゴン）（ライン）（ポイント）,Citycode,市区町村の行政コード,
A55,2024年度版,2024,CCCCC_koudori.shp,都市計画決定情報（ポリゴン）（ライン）（ポイント）,Cityname,市区町村名称,
A55,2024年度版,2024,CCCCC_koudori.shp,都市計画決定情報（ポリゴン）（ライン）（ポイント）,決定日,決定日,
A55,2024年度版,2024,CCCCC_koudori.shp,都市計画決定情報（ポリゴン）（ライン）（ポイント）,決定区分,決定区分,
A55,2024年度版,2024,CCCCC_koudori.shp,都市計画決定情報（ポリゴン）（ライン）（ポイント）,決定者,決定者,
A55,2024年度版,2024,CCCCC_koudori.shp,都市計画決定情報（ポリゴン）（ライン）（ポイント）,告示番号,告示番号,
A55,2024年度版,2024,CCCCC_kyojyuchosei.shp,都市計画決定情報（ポリゴン）（ライン）（ポイント）,Type,種類名称,
A55,2024年度版,2024,CCCCC_kyojyuchosei.shp,都市計画決定情報（ポリゴン）（ライン）（ポイント）,kubunID,種類コード,
A55,2024年度版,2024,CCCCC_kyojyuchosei.shp,都市計画決定情報（ポリゴン）（ライン）（ポイント）,Pref,都道府県名称,
A55,2024年度版,2024,CCCCC_kyojyuchosei.shp,都市計画決定情報（ポリゴン）（ライン）（ポイント）,Citycode,市区町村の行政コード,
A55,2024年度版,2024,CCCCC_kyojyuchosei.shp,都市計画決定情報（ポリゴン）（ライン）（ポイント）,Cityname,市区町村名称,
A55,2024年度版,2024,CCCCC_kyojyuchosei.shp,都市計画決定情報（ポリゴン）（ライン）（ポイント）,決定日,決定日,
A55,2024年度版,2024,CCCCC_kyojyuchosei.shp,都市計画決定情報（ポリゴン）（ライン）（ポイント）,決定区分,決定区分,
A55,2024年度版,2024,CCCCC_kyojyuchosei.shp,都市計画決定情報（ポリゴン）（ライン）（ポイント）,決定者,決定者,
A55,2024年度版,2024,CCCCC_kyojyuchosei.shp,都市計画決定情報（ポリゴン）（ライン）（ポイント）,告示番号,告示番号,
A55,2024年度版,2024,CCCCC_tokuteiyuudou.shp,都市計画決定情報（ポリゴン）（ライン）（ポイント）,名称,名称,
A55,2024年度版,2024,CCCCC_tokuteiyuudou.shp,都市計画決定情報（ポリゴン）（ライン）（ポイント）,Type,種類名称,
A55,2024年度版,2024,CCCCC_tokuteiyuudou.shp,都市計画決定情報（ポリゴン）（ライン）（ポイント）,kubunID,種類コード,
A55,2024年度版,2024,CCCCC_tokuteiyuudou.shp,都市計画決定情報（ポリゴン）（ライン）（ポイント）,Citycode,市区町村の行政コード,
A55,2024年度版,2024,CCCCC_tokuteiyuudou.shp,都市計画決定情報（ポリゴン）（ライン）（ポイント）,Cityname,市区町村名称,
A55,2024年度版,2024,CCCCC_tokuteiyuudou.shp,都市計画決定情報（ポリゴン）（ライン）（ポイント）,決定日,決定日,
A55,2024年度版,2024,CCCCC_tokuteiyuudou.shp,都市計画決定情報（ポリゴン）（ライン）（ポイント）,決定区分,決定区分,
A55,2024年度版,2024,CCCCC_tokuteiyuudou.shp,都市計画決定情報（ポリゴン）（ライン）（ポイント）,決定者,決定者,
A55,2024年度版,2024,CCCCC_tokuteiyuudou.shp,都市計画決定情報（ポリゴン）（ライン）（ポイント）,告示番号,告示番号,
A55,2024年度版,2024,CCCCC_tokuteiyuudou.shp,都市計画決定情報（ポリゴン）（ライン）（ポイント）,Pref,都道府県名称,
A55,2024年度版,2024,CCCCC_bouka.shp,都市計画決定情報（ポリゴン）（ライン）（ポイント）,防火準防火,種類名称,
A55,2024年度版,2024,CCCCC_bouka.shp,都市計画決定情報（ポリゴン）（ライン）（ポイント）,kubunID,種類コード,
A55,2024年度版,2024,CCCCC_bouka.shp,都市計画決定情報（ポリゴン）（ライン）（ポイント）,Pref,都道府県名称,
A55,2024年度版,2024,CCCCC_bouka.shp,都市計画決定情報（ポリゴン）（ライン）（ポイント）,Citycode,市区町村の行政コード,
A55,2024年度版,2024,CCCCC_bouka.shp,都市計画決定情報（ポリゴン）（ライン）（ポイント）,Cityname,市区町村名称,
A55,2024年度版,2024,CCCCC_bouka.shp,都市計画決定情報（ポリゴン）（ライン）（ポイント）,決定日,決定日,
A55,2024年度版,2024,CCCCC_bouka.shp,都市計画決定情報（ポリゴン）（ライン）（ポイント）,決定区分,決定区分,
A55,2024年度版,2024,CCCCC_bouka.shp,都市計画決定情報（ポリゴン）（ライン）（ポイント）,決定者,決定者,
A55,2024年度版,2024,CCCCC_bouka.shp,都市計画決定情報（ポリゴン）（ライン）（ポイント）,告示番号,告示番号,
A55,2024年度版,2024,CCCCC_tokuteibouka.shp,都市計画決定情報（ポリゴン）（ライン）（ポイント）,名称,名称,
A55,2024年度版,2024,CCCCC_tokuteibouka.shp,都市計画決定情報（ポリゴン）（ライン）（ポイント）,Type,種類名称,
A55,2024年度版,2024,CCCCC_tokuteibouka.shp,都市計画決定情報（ポリゴン）（ライン）（ポイント）,kubunID,種類コード,
A55,2024年度版,2024,CCCCC_tokuteibouka.shp,都市計画決定情報（ポリゴン）（ライン）（ポイント）,Pref,都道府県名称,
A55,2024年度版,2024,CCCCC_tokuteibouka.shp,都市計画決定情報（ポリゴン）（ライン）（ポイント）,Citycode,市区町村の行政コード,
A55,2024年度版,2024,CCCCC_tokuteibouka.shp,都市計画決定情報（ポリゴン）（ライン）（ポイント）,Cityname,市区町村名称,
A55,2024年度版,2024,CCCCC_tokuteibouka.shp,都市計画決定情報（ポリゴン）（ライン）（ポイント）,決定日,決定日,
A55,2024年度版,2024,CCCCC_tokuteibouka.shp,都市計画決定情報（ポリゴン）（ライン）（ポイント）,決定区分,決定区分,
A55,2024年度版,2024,CCCCC_tokuteibouka.shp,都市計画決定情報（ポリゴン）（ライン）（ポイント）,決定者,決定者,
A55,2024年度版,2024,CCCCC_tokuteibouka.shp,都市計画決定情報（ポリゴン）（ライン）（ポイント）,告示番号,告示番号,
A55,2024年度版,2024,CCCCC_rekifuu.shp,都市計画決定情報（ポリゴン）（ライン）（ポイント）,Type,種類名称,
A55,2024年度版,2024,CCCCC_rekifuu.shp,都市計画決定情報（ポリゴン）（ライン）（ポイント）,Pref,都道府県名称,
A55,2024年度版,2024,CCCCC_rekifuu.shp,都市計画決定情報（ポリゴン）（ライン）（ポイント）,Citycode,市区町村の行政コード,
A55,2024年度版,2024,CCCCC_rekifuu.shp,都市計画決定情報（ポリゴン）（ライン）（ポイント）,Cityname,市区町村名称,
A55,2024年度版,2024,CCCCC_rekifuu.shp,都市計画決定情報（ポリゴン）（ライン）（ポイント）,決定日,決定日,
A55,2024年度版,2024,CCCCC_rekifuu.shp,都市計画決定情報（ポリゴン）（ライン）（ポイント）,決定区分,決定区分,
A55,2024年度版,2024,CCCCC_rekifuu.shp,都市計画決定情報（ポリゴン）（ライン）（ポイント）,決定者,決定者,
A55,2024年度版,2024,CCCCC_rekifuu.shp,都市計画決定情報（ポリゴン）（ライン）（ポイント）,告示番号,告示番号,
A55,2024年度版,2024,CCCCC_rekifuu.shp,都市計画決定情報（ポリゴン）（ライン）（ポイント）,kubunID,種類コード,
A55,2024年度版,2024,CCCCC_rekifuu.shp,都市計画決定情報（ポリゴン）（ライン）（ポイント）,名称,名称,
A55,2024年度版,2024,CCCCC_ryokukachiiki.shp,都市計画決定情報（ポリゴン）（ライン）（ポイント）,名称,名称,
A55,2024年度版,2024,CCCCC_ryokukachiiki.shp,都市計画決定情報（ポリゴン）（ライン）（ポイント）,Type,種類名称,
A55,2024年度版,2024,CCCCC_ryokukachiiki.shp,都市計画決定情報（ポリゴン）（ライン）（ポイント）,kubunID,種類コード,
A55,2024年度版,2024,CCCCC_ryokukachiiki.shp,都市計画決定情報（ポリゴン）（ライン）（ポイント）,Pref,都道府県名称,
A55,2024年度版,2024,CCCCC_ryokukachiiki.shp,都市計画決定情報（ポリゴン）（ライン）（ポイント）,Citycode,市区町村の行政コード,
A55,2024年度版,2024,CCCCC_ryokukachiiki.shp,都市計画決定情報（ポリゴン）（ライン）（ポイント）,Cityname,市区町村名称,
A55,2024年度版,2024,CCCCC_ryokukachiiki.shp,都市計画決定情報（ポリゴン）（ライン）（ポイント）,決定日,決定日,
A55,2024年度版,2024,CCCCC_ryokukachiiki.shp,都市計画決定情報（ポリゴン）（ライン）（ポイント）,決定区分,決定区分,
A55,2024年度版,2024,CCCCC_ryokukachiiki.shp,都市計画決定情報（ポリゴン）（ライン）（ポイント）,決定者,決定者,
A55,2024年度版,2024,CCCCC_ryokukachiiki.shp,都市計画決定情報（ポリゴン）（ライン）（ポイント）,告示番号,告示番号,
A55,2024年度版,2024,CCCCC_soubou.shp,都市計画決定情報（ポリゴン）（ライン）（ポイント）,名称,名称,
A55,2024年度版,2024,CCCCC_soubou.shp,都市計画決定情報（ポリゴン）（ライン）（ポイント）,Type,種類名称,
A55,2024年度版,2024,CCCCC_soubou.shp,都市計画決定情報（ポリゴン）（ライン）（ポイント）,kubunID,種類コード,
A55,2024年度版,2024,CCCCC_soubou.shp,都市計画決定情報（ポリゴン）（ライン）（ポイント）,Pref,都道府県名称,
A55,2024年度版,2024,CCCCC_soubou.shp,都市計画決定情報（ポリゴン）（ライン）（ポイント）,Citycode,市区町村の行政コード,
A55,2024年度版,2024,CCCCC_soubou.shp,都市計画決定情報（ポリゴン）（ライン）（ポイント）,Cityname,市区町村名称,
A55,2024年度版,2024,CCCCC_soubou.shp,都市計画決定情報（ポリゴン）（ライン）（ポイント）,決定日,決定日,
A55,2024年度版,2024,CCCCC_soubou.shp,都市計画決定情報（ポリゴン）（ライン）（ポイント）,決定区分,決定区分,
A55,2024年度版,2024,CCCCC_soubou.shp,都市計画決定情報（ポリゴン）（ライン）（ポイント）,決定者,決定者,
A55,2024年度版,2024,CCCCC_soubou.shp,都市計画決定情報（ポリゴン）（ライン）（ポイント）,告示番号,告示番号,
A55,2024年度版,2024,CCCCC_douro.shp,都市計画決定情報（ポリゴン）（ライン）（ポイント）,区分,区分,
A55,2024年度版,2024,CCCCC_douro.shp,都市計画決定情報（ポリゴン）（ライン）（ポイント）,kubunID,種類コード,
A55,2024年度版,2024,CCCCC_douro.shp,都市計画決定情報（ポリゴン）（ライン）（ポイント）,Pref,都道府県名称,
A55,2024年度版,2024,CCCCC_douro.shp,都市計画決定情報（ポリゴン）（ライン）（ポイント）,Citycode,市区町村の行政コード,
A55,2024年度版,2024,CCCCC_douro.shp,都市計画決定情報（ポリゴン）（ライン）（ポイント）,Cityname,市区町村名称,
A55,2024年度版,2024,CCCCC_douro.shp,都市計画決定情報（ポリゴン）（ライン）（ポイント）,決定日,決定日,
A55,2024年度版,2024,CCCCC_douro.shp,都市計画決定情報（ポリゴン）（ライン）（ポイント）,決定区分,決定区分,
A55,2024年度版,2024,CCCCC_douro.shp,都市計画決定情報（ポリゴン）（ライン）（ポイント）,決定者,決定者,
A55,2024年度版,2024,CCCCC_douro.shp,都市計画決定情報（ポリゴン）（ライン）（ポイント）,告示番号,告示番号,
A55,2024年度版,2024,CCCCC_kouen.shp,都市計画決定情報（ポリゴン）（ライン）（ポイント）,名称,名称,
A55,2024年度版,2024,CCCCC_kouen.shp,都市計画決定情報（ポリゴン）（ライン）（ポイント）,種類,種類名称,
A55,2024年度版,2024,CCCCC_kouen.shp,都市計画決定情報（ポリゴン）（ライン）（ポイント）,kubunID,種類コード,
A55,2024年度版,2024,CCCCC_kouen.shp,都市計画決定情報（ポリゴン）（ライン）（ポイント）,Pref,都道府県名称,
A55,2024年度版,2024,CCCCC_kouen.shp,都市計画決定情報（ポリゴン）（ライン）（ポイント）,Citycode,市区町村の行政コード,
A55,2024年度版,2024,CCCCC_kouen.shp,都市計画決定情報（ポリゴン）（ライン）（ポイント）,Cityname,市区町村名称,
A55,2024年度版,2024,CCCCC_kouen.shp,都市計画決定情報（ポリゴン）（ライン）（ポイント）,決定日,決定日,
A55,2024年度版,2024,CCCCC_kouen.shp,都市計画決定情報（ポリゴン）（ライン）（ポイント）,決定区分,決定区分,
A55,2024年度版,2024,CCCCC_kouen.shp,都市計画決定情報（ポリゴン）（ライン）（ポイント）,決定者,決定者,
A55,2024年度版,2024,CCCCC_kouen.shp,都市計画決定情報（ポリゴン）（ライン）（ポイント）,告示番号,告示番号,
A55,2024年度版,2024,CCCCC_fukkousaiseikyoten.shp,都市計画決定情報（ポリゴン）（ライン）（ポイント）,名称,名称,
A55,2024年度版,2024,CCCCC_fukkousaiseikyoten.shp,都市計画決定情報（ポリゴン）（ライン）（ポイント）,Type,種類名称,
A55,2024年度版,2024,CCCCC_fukkousaiseikyoten.shp,都市計画決定情報（ポリゴン）（ライン）（ポイント）,kubunID,種類コード,
A55,2024年度版,2024,CCCCC_fukkousaiseikyoten.shp,都市計画決定情報（ポリゴン）（ライン）（ポイント）,Pref,都道府県名称,
A55,2024年度版,2024,CCCCC_fukkousaiseikyoten.shp,都市計画決定情報（ポリゴン）（ライン）（ポイント）,Citycode,市区町村の行政コード,
A55,2024年度版,2024,CCCCC_fukkousaiseikyoten.shp,都市計画決定情報（ポリゴン）（ライン）（ポイント）,Cityname,市区町村名称,
A55,2024年度版,2024,CCCCC_fukkousaiseikyoten.shp,都市計画決定情報（ポリゴン）（ライン）（ポイント）,決定日,決定日,
A55,2024年度版,2024,CCCCC_fukkousaiseikyoten.shp,都市計画決定情報（ポリゴン）（ライン）（ポイント）,決定区分,決定区分,
A55,2024年度版,2024,CCCCC_fukkousaiseikyoten.shp,都市計画決定情報（ポリゴン）（ライン）（ポイント）,決定者,決定者,
A55,2024年度版,2024,CCCCC_fukkousaiseikyoten.shp,都市計画決定情報（ポリゴン）（ライン）（ポイント）,告示番号,告示番号,
A55,2024年度版,2024,CCCCC_tochiku.shp,都市計画決定情報（ポリゴン）（ライン）（ポイント）,名称,名称,
A55,2024年度版,2024,CCCCC_tochiku.shp,都市計画決定情報（ポリゴン）（ライン）（ポイント）,Type,種類名称,
A55,2024年度版,2024,CCCCC_tochiku.shp,都市計画決定情報（ポリゴン）（ライン）（ポイント）,kubunID,種類コード,
A55,2024年度版,2024,CCCCC_tochiku.shp,都市計画決定情報（ポリゴン）（ライン）（ポイント）,Pref,都道府県名称,
A55,2024年度版,2024,CCCCC_tochiku.shp,都市計画決定情報（ポリゴン）（ライン）（ポイント）,Citycode,市区町村の行政コード,
A55,2024年度版,2024,CCCCC_tochiku.shp,都市計画決定情報（ポリゴン）（ライン）（ポイント）,Cityname,市区町村名称,
A55,2024年度版,2024,CCCCC_tochiku.shp,都市計画決定情報（ポリゴン）（ライン）（ポイント）,決定日,決定日,
A55,2024年度版,2024,CCCCC_tochiku.shp,都市計画決定情報（ポリゴン）（ライン）（ポイント）,決定区分,決定区分,
A55,2024年度版,2024,CCCCC_tochiku.shp,都市計画決定情報（ポリゴン）（ライン）（ポイント）,決定者,決定者,
A55,2024年度版,2024,CCCCC_tochiku.shp,都市計画決定情報（ポリゴン）（ライン）（ポイント）,告示番号,告示番号,
A55,2024年度版,2024,CCCCC_chikukei.shp,都市計画決定情報（ポリゴン）（ライン）（ポイント）,名称,名称,
A55,2024年度版,2024,CCCCC_chikukei.shp,都市計画決定情報（ポリゴン）（ライン）（ポイント）,Type,種類名称,
A55,2024年度版,2024,CCCCC_chikukei.shp,都市計画決定情報（ポリゴン）（ライン）（ポイント）,種類,種類コード,
A55,2024年度版,2024,CCCCC_chikukei.shp,都市計画決定情報（ポリゴン）（ライン）（ポイント）,Pref,都道府県名称,
A55,2024年度版,2024,CCCCC_chikukei.shp,都市計画決定情報（ポリゴン）（ライン）（ポイント）,Citycode,市区町村の行政コード,
A55,2024年度版,2024,CCCCC_chikukei.shp,都市計画決定情報（ポリゴン）（ライン）（ポイント）,Cityname,市区町村名称,
A55,2024年度版,2024,CCCCC_chikukei.shp,都市計画決定情報（ポリゴン）（ライン）（ポイント）,決定日,決定日,
A55,2024年度版,2024,CCCCC_chikukei.shp,都市計画決定情報（ポリゴン）（ライン）（ポイント）,決定区分,決定区分,
A55,2024年度版,2024,CCCCC_chikukei.shp,都市計画決定情報（ポリゴン）（ライン）（ポイント）,決定者,決定者,
A55,2024年度版,2024,CCCCC_chikukei.shp,都市計画決定情報（ポリゴン）（ライン）（ポイント）,告示番号,告示番号,
A55,2024年度版,2024,CCCCC_ritteki.shp,都市計画決定情報（ポリゴン）（ライン）（ポイント）,区域区分,区域区分,
A55,2024年度版,2024,CCCCC_ritteki.shp,都市計画決定情報（ポリゴン）（ライン）（ポイント）,kubunID,種類コード,
A55,2024年度版,2024,CCCCC_ritteki.shp,都市計画決定情報（ポリゴン）（ライン）（ポイント）,Pref,都道府県名称,
A55,2024年度版,2024,CCCCC_ritteki.shp,都市計画決定情報（ポリゴン）（ライン）（ポイント）,Citycode,市区町村の行政コード,
A55,2024年度版,2024,CCCCC_ritteki.shp,都市計画決定情報（ポリゴン）（ライン）（ポイント）,Cityname,市区町村名称,
A55,2024年度版,2024,CCCCC_ritteki.shp,都市計画決定情報（ポリゴン）（ライン）（ポイント）,決定日,決定日,
A55,2024年度版,2024,CCCCC_ritteki.shp,都市計画決定情報（ポリゴン）（ライン）（ポイント）,決定区分,決定区分,
A55,2024年度版,2024,CCCCC_ritteki.shp,都市計画決定情報（ポリゴン）（ライン）（ポイント）,決定者,決定者,
A55,2024年度版,2024,CCCCC_ritteki.shp,都市計画決定情報（ポリゴン）（ライン）（ポイント）,告示番号,告示番号,
A55,2024年度版,2024,CCCCC_jyuntoshi.shp,都市計画決定情報（ポリゴン）（ライン）（ポイント）,区域区分,区域区分,
A55,2024年度版,2024,CCCCC_jyuntoshi.shp,都市計画決定情報（ポリゴン）（ライン）（ポイント）,kubunID,種類コード,
A55,2024年度版,2024,CCCCC_jyuntoshi.shp,都市計画決定情報（ポリゴン）（ライン）（ポイント）,Pref,都道府県名称,
A55,2024年度版,2024,CCCCC_jyuntoshi.shp,都市計画決定情報（ポリゴン）（ライン）（ポイント）,Citycode,市区町村の行政コード,
A55,2024年度版,2024,CCCCC_jyuntoshi.shp,都市計画決定情報（ポリゴン）（ライン）（ポイント）,Cityname,市区町村名称,
A55,2024年度版,2024,CCCCC_jyuntoshi.shp,都市計画決定情報（ポリゴン）（ライン）（ポイント）,決定日,決定日,
A55,2024年度版,2024,CCCCC_jyuntoshi.shp,都市計画決定情報（ポリゴン）（ライン）（ポイント）,決定区分,決定区分,
A55,2024年度版,2024,CCCCC_jyuntoshi.shp,都市計画決定情報（ポリゴン）（ライン）（ポイント）,決定者,決定者,
A55,2024年度版,2024,CCCCC_jyuntoshi.shp,都市計画決定情報（ポリゴン）（ライン）（ポイント）,告示番号,告示番号,
A55,2024年度版,2024,CCCCC_toshisaisei.shp,都市計画決定情報（ポリゴン）（ライン）（ポイント）,区域区分,区域区分,
A55,2024年度版,2024,CCCCC_toshisaisei.shp,都市計画決定情報（ポリゴン）（ライン）（ポイント）,kubunID,種類コード,
A55,2024年度版,2024,CCCCC_toshisaisei.shp,都市計画決定情報（ポリゴン）（ライン）（ポイント）,Pref,都道府県名称,
A55,2024年度版,2024,CCCCC_toshisaisei.shp,都市計画決定情報（ポリゴン）（ライン）（ポイント）,Citycode,市区町村の行政コード,
A55,2024年度版,2024,CCCCC_toshisaisei.shp,都市計画決定情報（ポリゴン）（ライン）（ポイント）,Cityname,市区町村名称,
A55,2024年度版,2024,CCCCC_toshisaisei.shp,都市計画決定情報（ポリゴン）（ライン）（ポイント）,決定日,決定日,
A55,2024年度版,2024,CCCCC_toshisaisei.shp,都市計画決定情報（ポリゴン）（ライン）（ポイント）,決定区分,決定区分,
A55,2024年度版,2024,CCCCC_toshisaisei.shp,都市計画決定情報（ポリゴン）（ライン）（ポイント）,決定者,決定者,
A55,2024年度版,2024,CCCCC_toshisaisei.shp,都市計画決定情報（ポリゴン）（ライン）（ポイント）,告示番号,告示番号,
A55,2024年度版,2024,CCCCC_tokuteiyouto.shp,都市計画決定情報（ポリゴン）（ライン）（ポイント）,区域区分,区域区分,
A55,2024年度版,2024,CCCCC_tokuteiyouto.shp,都市計画決定情報（ポリゴン）（ライン）（ポイント）,kubunID,種類コード,
A55,2024年度版,2024,CCCCC_tokuteiyouto.shp,都市計画決定情報（ポリゴン）（ライン）（ポイント）,Pref,都道府県名称,
A55,2024年度版,2024,CCCCC_tokuteiyouto.shp,都市計画決定情報（ポリゴン）（ライン）（ポイント）,Citycode,市区町村の行政コード,
A55,2024年度版,2024,CCCCC_tokuteiyouto.shp,都市計画決定情報（ポリゴン）（ライン）（ポイント）,Cityname,市区町村名称,
A55,2024年度版,2024,CCCCC_tokuteiyouto.shp,都市計画決定情報（ポリゴン）（ライン）（ポイント）,決定日,決定日,
A55,2024年度版,2024,CCCCC_tokuteiyouto.shp,都市計画決定情報（ポリゴン）（ライン）（ポイント）,決定区分,決定区分,
A55,2024年度版,2024,CCCCC_tokuteiyouto.shp,都市計画決定情報（ポリゴン）（ライン）（ポイント）,決定者,決定者,
A55,2024年度版,2024,CCCCC_tokuteiyouto.shp,都市計画決定情報（ポリゴン）（ライン）（ポイント）,告示番号,告示番号,
A55,2024年度版,2024,CCCCC_fuuchichiku.shp,都市計画決定情報（ポリゴン）（ライン）（ポイント）,区域区分,区域区分,
A55,2024年度版,2024,CCCCC_fuuchichiku.shp,都市計画決定情報（ポリゴン）（ライン）（ポイント）,kubunID,種類コード,
A55,2024年度版,2024,CCCCC_fuuchichiku.shp,都市計画決定情報（ポリゴン）（ライン）（ポイント）,Pref,都道府県名称,
A55,2024年度版,2024,CCCCC_fuuchichiku.shp,都市計画決定情報（ポリゴン）（ライン）（ポイント）,Citycode,市区町村の行政コード,
A55,2024年度版,2024,CCCCC_fuuchichiku.shp,都市計画決定情報（ポリゴン）（ライン）（ポイント）,Cityname,市区町村名称,
A55,2024年度版,2024,CCCCC_fuuchichiku.shp,都市計画決定情報（ポリゴン）（ライン）（ポイント）,決定日,決定日,
A55,2024年度版,2024,CCCCC_fuuchichiku.shp,都市計画決定情報（ポリゴン）（ライン）（ポイント）,決定区分,決定区分,
A55,2024年度版,2024,CCCCC_fuuchichiku.shp,都市計画決定情報（ポリゴン）（ライン）（ポイント）,決定者,決定者,
A55,2024年度版,2024,CCCCC_fuuchichiku.shp,都市計画決定情報（ポリゴン）（ライン）（ポイント）,告示番号,告示番号,
A55,2024年度版,2024,CCCCC_tokuryoku.shp,都市計画決定情報（ポリゴン）（ライン）（ポイント）,区域区分,区域区分,
A55,2024年度版,2024,CCCCC_tokuryoku.shp,都市計画決定情報（ポリゴン）（ライン）（ポイント）,kubunID,種類コード,
A55,2024年度版,2024,CCCCC_tokuryoku.shp,都市計画決定情報（ポリゴン）（ライン）（ポイント）,Pref,都道府県名称,
A55,2024年度版,2024,CCCCC_tokuryoku.shp,都市計画決定情報（ポリゴン）（ライン）（ポイント）,Citycode,市区町村の行政コード,
A55,2024年度版,2024,CCCCC_tokuryoku.shp,都市計画決定情報（ポリゴン）（ライン）（ポイント）,Cityname,市区町村名称,
A55,2024年度版,2024,CCCCC_tokuryoku.shp,都市計画決定情報（ポリゴン）（ライン）（ポイント）,決定日,決定日,
A55,2024年度版,2024,CCCCC_tokuryoku.shp,都市計画決定情報（ポリゴン）（ライン）（ポイント）,決定区分,決定区分,
A55,2024年度版,2024,CCCCC_tokuryoku.shp,都市計画決定情報（ポリゴン）（ライン）（ポイント）,決定者,決定者,
A55,2024年度版,2024,CCCCC_tokuryoku.shp,都市計画決定情報（ポリゴン）（ライン）（ポイント）,告示番号,告示番号,
C02,2014年度版,2014,C02-YY-g_PortAndHarbor.shp,港湾（ポイント）,C02_001,種別（１）,
C02,2014年度版,2014,C02-YY-g_PortAndHarbor.shp,港湾（ポイント）,C02_002,種別（２）,
C02,2014年度版,2014,C02-YY-g_PortAndHarbor.shp,港湾（ポイント）,C02_003,行政区域コード,
C02,2014年度版,2014,C02-YY-g_PortAndHarbor.shp,港湾（ポイント）,C02_004,港湾コード,
C02,2014年度版,2014,C02-YY-g_PortAndHarbor.shp,港湾（ポイント）,C02_005,港湾名,
C02,2014年度版,2014,C02-YY-g_PortAndHarbor.shp,港湾（ポイント）,C02_006,管理者区分,
C02,2014年度版,2014,C02-YY-g_PortAndHarbor.shp,港湾（ポイント）,C02_007,管理者名,
C02,2014年度版,2014,C02-YY-g_PortAndHarbor.shp,港湾（ポイント）,C02_008,政令指定年月日,
C02,2014年度版,2014,C02-YY-g_PortAndHarbor.shp,港湾（ポイント）,C02_009,設立年月日,
C02,2014年度版,2014,C02-YY-g_PortAndHarbor.shp,港湾（ポイント）,C02_010,海事機関種別,
C02,2014年度版,2014,C02-YY-g_PortAndHarbor.shp,港湾（ポイント）,C02_011,外郭施設延長,
C02,2014年度版,2014,C02-YY-g_PortAndHarbor.shp,港湾（ポイント）,C02_012,係留施設延長,
C02,2014年度版,2014,C02-YY-g_PortAndHarbor.shp,港湾（ポイント）,C02_013,フェリー便有無,
C02,2014年度版,2014,C02-YY-g_HarborDistrictBoundary.shp,港湾（ライン）,C02_014,都道府県コード,
C02,2014年度版,2014,C02-YY-g_HarborDistrictBoundary.shp,港湾（ライン）,C02_015,港湾コード,
C02,2014年度版,2014,C02-14-g_PortDistrictBoundary.shp,港湾（ライン）,C02_016,都道府県コード,
C02,2014年度版,2014,C02-14-g_PortDistrictBoundary.shp,港湾（ライン）,C02_017,港湾コード,
C02,2014年度版,2014,C02-14-g_PortDistrictBoundary.shp,港湾（ライン）,C02_018,漁港コード,
C09,2006年度版,2006,C09-YY_FishingPort.shp,漁港（ポイント）,C09_001,漁港コード,
C09,2006年度版,2006,C09-YY_FishingPort.shp,漁港（ポイント）,C09_002,漁港名,
C09,2006年度版,2006,C09-YY_FishingPort.shp,漁港（ポイント）,C09_003,行政区域コード,
C09,2006年度版,2006,C09-YY_FishingPort.shp,漁港（ポイント）,C09_004,種別,
C09,2006年度版,2006,C09-YY_FishingPort.shp,漁港（ポイント）,C09_005,管理者区分,
C09,2006年度版,2006,C09-YY_FishingPort.shp,漁港（ポイント）,C09_006,管理者名,
C09,2006年度版,2006,C09-YY_FishingPort.shp,漁港（ポイント）,C09_007,指定年月日,
C09,2006年度版,2006,C09-YY_FishingPort.shp,漁港（ポイント）,C09_008,関係漁業協同組合,
C09,2006年度版,2006,C09-YY_FishingPort.shp,漁港（ポイント）,C09_009,外郭施設延長,
C09,2006年度版,2006,C09-YY_FishingPort.shp,漁港（ポイント）,C09_010,係留施設延長,
C09,2006年度版,2006,C09-YY_FishingPortBoundary.shp,漁港（ライン）,C09_011,都道府県コード,
C09,2006年度版,2006,C09-YY_FishingPortBoundary.shp,漁港（ライン）,C09_012,漁港番号,
C23,2006年度版,2006,C23-YY_PP-g_Coastline.shp,海岸線（ライン）,C23_001,行政区域コード,
C23,2006年度版,2006,C23-YY_PP-g_Coastline.shp,海岸線（ライン）,C23_002,所管官庁,
C23,2006年度版,2006,C23-YY_PP-g_Coastline.shp,海岸線（ライン）,C23_003,海岸保全区域番号,
C23,2006年度版,2006,C23-YY_PP-g_Coastline.shp,海岸線（ライン）,C23_004,海岸保全区域・海岸名,
C23,2006年度版,2006,C23-YY_PP-g_Coastline.shp,海岸線（ライン）,C23_005,海岸保全区域・海岸管理者,
C23,2006年度版,2006,C23-YY_PP-g_Coastline.shp,海岸線（ライン）,C23_006,海岸保全区域・海岸管理者名,
C23,2006年度版,2006,C23-YY_PP-g_Coastline.shp,海岸線（ライン）,C23_007,河口,
C28,2021年度版,2021,C28-YY_Airport.shp,空港（ポリゴン）,C28_001,行政区域コード,
C28,2021年度版,2021,C28-YY_Airport.shp,空港（ポリゴン）,C28_003,種別,
C28,2021年度版,2021,C28-YY_Airport.shp,空港（ポリゴン）,C28_004,供用中・建設中の区別,
C28,2021年度版,2021,C28-YY_Airport.shp,空港（ポリゴン）,C28_005,名称,
C28,2021年度版,2021,C28-YY_Airport.shp,空港（ポリゴン）,C28_006,設置者,
C28,2021年度版,2021,C28-YY_Airport.shp,空港（ポリゴン）,C28_007,管理者,
C28,2021年度版,2021,C28-YY_Airport.shp,空港（ポリゴン）,C28_008,特定飛行場の指定状況,
C28,2021年度版,2021,C28-YY_Airport.shp,空港（ポリゴン）,C28_009,運用時間（開始）,
C28,2021年度版,2021,C28-YY_Airport.shp,空港（ポリゴン）,C28_010,運用時間（終了）,
C28,2021年度版,2021,C28-YY_Airport.shp,空港（ポリゴン）,C28_011,定期便の有無,
C28,2021年度版,2021,C28-YY_Airport.shp,空港（ポリゴン）,C28_012,滑走路_滑走路延長,
C28,2021年度版,2021,C28-YY_Airport.shp,空港（ポリゴン）,C28_013,滑走路_滑走路幅,
C28,2021年度版,2021,C28-YY_Airport.shp,空港（ポリゴン）,C28_101,標点,
C28,2021年度版,2021,C28-YY_Airport.shp,空港（ポリゴン）,C28_102,ターミナルビル,
C28,2021年度版,2021,C28-YY_Airport.shp,空港（ポリゴン）,C28_103,調査内容,
C28,2021年度版,2021,C28-YY_Airport.shp,空港（ポリゴン）,C28_104,調査内容（続き）,
C28,2021年度版,2021,C28-YY_Airport.shp,空港（ポリゴン）,C28_000,空港ID,
C28,2021年度版,2021,C28-YY_AirportReferencePoint.shp,空港（ポイント）,C28_000,標点ID,
C28,2021年度版,2021,C28-YY_TerminalBuilding.shp,空港（ポイント）,C28_000,ターミナルビルID,
C28,2021年度版,2021,C28-YY_SurveyContent.shp,空港（ポイント）,C28_014,調査年,
C28,2021年度版,2021,C28-YY_SurveyContent.shp,空港（ポイント）,C28_015,1日あたりの着陸回数,
C28,2021年度版,2021,C28-YY_SurveyContent.shp,空港（ポイント）,C28_016,1日あたりの乗降客数,
C28,2021年度版,2021,C28-YY_SurveyContent.shp,空港（ポイント）,C28_000,調査内容ID,
G02,2022年度版,2022,G02-YY_mmmm-jgd.shp,平年値（気候）メッシュ,G02_001,3次メッシュコード,
G02,2022年度版,2022,G02-YY_mmmm-jgd.shp,平年値（気候）メッシュ,G02_002,1月降水量,
G02,2022年度版,2022,G02-YY_mmmm-jgd.shp,平年値（気候）メッシュ,G02_003,2月降水量,
G02,2022年度版,2022,G02-YY_mmmm-jgd.shp,平年値（気候）メッシュ,G02_004,3月降水量,
G02,2022年度版,2022,G02-YY_mmmm-jgd.shp,平年値（気候）メッシュ,G02_005,4月降水量,
G02,2022年度版,2022,G02-YY_mmmm-jgd.shp,平年値（気候）メッシュ,G02_006,5月降水量,
G02,2022年度版,2022,G02-YY_mmmm-jgd.shp,平年値（気候）メッシュ,G02_007,6月降水量,
G02,2022年度版,2022,G02-YY_mmmm-jgd.shp,平年値（気候）メッシュ,G02_008,7月降水量,
G02,2022年度版,2022,G02-YY_mmmm-jgd.shp,平年値（気候）メッシュ,G02_009,8月降水量,
G02,2022年度版,2022,G02-YY_mmmm-jgd.shp,平年値（気候）メッシュ,G02_010,9月降水量,
G02,2022年度版,2022,G02-YY_mmmm-jgd.shp,平年値（気候）メッシュ,G02_011,10月降水量,
G02,2022年度版,2022,G02-YY_mmmm-jgd.shp,平年値（気候）メッシュ,G02_012,11月降水量,
G02,2022年度版,2022,G02-YY_mmmm-jgd.shp,平年値（気候）メッシュ,G02_013,12月降水量,
G02,2022年度版,2022,G02-YY_mmmm-jgd.shp,平年値（気候）メッシュ,G02_014,年降水量,
G02,2022年度版,2022,G02-YY_mmmm-jgd.shp,平年値（気候）メッシュ,G02_015,1月最高気温,
G02,2022年度版,2022,G02-YY_mmmm-jgd.shp,平年値（気候）メッシュ,G02_016,1月最低気温,
G02,2022年度版,2022,G02-YY_mmmm-jgd.shp,平年値（気候）メッシュ,G02_017,1月平均気温,
G02,2022年度版,2022,G02-YY_mmmm-jgd.shp,平年値（気候）メッシュ,G02_018,2月最高気温,
G02,2022年度版,2022,G02-YY_mmmm-jgd.shp,平年値（気候）メッシュ,G02_019,2月最低気温,
G02,2022年度版,2022,G02-YY_mmmm-jgd.shp,平年値（気候）メッシュ,G02_020,2月平均気温,
G02,2022年度版,2022,G02-YY_mmmm-jgd.shp,平年値（気候）メッシュ,G02_021,3月最高気温,
G02,2022年度版,2022,G02-YY_mmmm-jgd.shp,平年値（気候）メッシュ,G02_022,3月最低気温,
G02,2022年度版,2022,G02-YY_mmmm-jgd.shp,平年値（気候）メッシュ,G02_023,3月平均気温,
G02,2022年度版,2022,G02-YY_mmmm-jgd.shp,平年値（気候）メッシュ,G02_024,4月最高気温,
G02,2022年度版,2022,G02-YY_mmmm-jgd.shp,平年値（気候）メッシュ,G02_025,4月最低気温,
G02,2022年度版,2022,G02-YY_mmmm-jgd.shp,平年値（気候）メッシュ,G02_026,4月平均気温,
G02,2022年度版,2022,G02-YY_mmmm-jgd.shp,平年値（気候）メッシュ,G02_027,5月最高気温,
G02,2022年度版,2022,G02-YY_mmmm-jgd.shp,平年値（気候）メッシュ,G02_028,5月最低気温,
G02,2022年度版,2022,G02-YY_mmmm-jgd.shp,平年値（気候）メッシュ,G02_029,5月平均気温,
G02,2022年度版,2022,G02-YY_mmmm-jgd.shp,平年値（気候）メッシュ,G02_030,6月最高気温,
G02,2022年度版,2022,G02-YY_mmmm-jgd.shp,平年値（気候）メッシュ,G02_031,6月最低気温,
G02,2022年度版,2022,G02-YY_mmmm-jgd.shp,平年値（気候）メッシュ,G02_032,6月平均気温,
G02,2022年度版,2022,G02-YY_mmmm-jgd.shp,平年値（気候）メッシュ,G02_033,7月最高気温,
G02,2022年度版,2022,G02-YY_mmmm-jgd.shp,平年値（気候）メッシュ,G02_034,7月最低気温,
G02,2022年度版,2022,G02-YY_mmmm-jgd.shp,平年値（気候）メッシュ,G02_035,7月平均気温,
G02,2022年度版,2022,G02-YY_mmmm-jgd.shp,平年値（気候）メッシュ,G02_036,8月最高気温,
G02,2022年度版,2022,G02-YY_mmmm-jgd.shp,平年値（気候）メッシュ,G02_037,8月最低気温,
G02,2022年度版,2022,G02-YY_mmmm-jgd.shp,平年値（気候）メッシュ,G02_038,8月平均気温,
G02,2022年度版,2022,G02-YY_mmmm-jgd.shp,平年値（気候）メッシュ,G02_039,9月最高気温,
G02,2022年度版,2022,G02-YY_mmmm-jgd.shp,平年値（気候）メッシュ,G02_040,9月最低気温,
G02,2022年度版,2022,G02-YY_mmmm-jgd.shp,平年値（気候）メッシュ,G02_041,9月平均気温,
G02,2022年度版,2022,G02-YY_mmmm-jgd.shp,平年値（気候）メッシュ,G02_042,10月最高気温,
G02,2022年度版,2022,G02-YY_mmmm-jgd.shp,平年値（気候）メッシュ,G02_043,10月最低気温,
G02,2022年度版,2022,G02-YY_mmmm-jgd.shp,平年値（気候）メッシュ,G02_044,10月平均気温,
G02,2022年度版,2022,G02-YY_mmmm-jgd.shp,平年値（気候）メッシュ,G02_045,11月最高気温,
G02,2022年度版,2022,G02-YY_mmmm-jgd.shp,平年値（気候）メッシュ,G02_046,11月最低気温,
G02,2022年度版,2022,G02-YY_mmmm-jgd.shp,平年値（気候）メッシュ,G02_047,11月平均気温,
G02,2022年度版,2022,G02-YY_mmmm-jgd.shp,平年値（気候）メッシュ,G02_048,12月最高気温,
G02,2022年度版,2022,G02-YY_mmmm-jgd.shp,平年値（気候）メッシュ,G02_049,12月最低気温,
G02,2022年度版,2022,G02-YY_mmmm-jgd.shp,平年値（気候）メッシュ,G02_050,12月平均気温,
G02,2022年度版,2022,G02-YY_mmmm-jgd.shp,平年値（気候）メッシュ,G02_051,年平均最高気温,
G02,2022年度版,2022,G02-YY_mmmm-jgd.shp,平年値（気候）メッシュ,G02_052,年平均最低気温,
G02,2022年度版,2022,G02-YY_mmmm-jgd.shp,平年値（気候）メッシュ,G02_053,年平均平均気温,
G02,2022年度版,2022,G02-YY_mmmm-jgd.shp,平年値（気候）メッシュ,G02_054,1月最深積雪,
G02,2022年度版,2022,G02-YY_mmmm-jgd.shp,平年値（気候）メッシュ,G02_055,2月最深積雪,
G02,2022年度版,2022,G02-YY_mmmm-jgd.shp,平年値（気候）メッシュ,G02_056,3月最深積雪,
G02,2022年度版,2022,G02-YY_mmmm-jgd.shp,平年値（気候）メッシュ,G02_057,12月最深積雪,
G02,2022年度版,2022,G02-YY_mmmm-jgd.shp,平年値（気候）メッシュ,G02_058,年最深積雪,
G02,2022年度版,2022,G02-YY_mmmm-jgd.shp,平年値（気候）メッシュ,G02_059,1月日照時間,
G02,2022年度版,2022,G02-YY_mmmm-jgd.shp,平年値（気候）メッシュ,G02_060,2月日照時間,
G02,2022年度版,2022,G02-YY_mmmm-jgd.shp,平年値（気候）メッシュ,G02_061,3月日照時間,
G02,2022年度版,2022,G02-YY_mmmm-jgd.shp,平年値（気候）メッシュ,G02_062,4月日照時間,
G02,2022年度版,2022,G02-YY_mmmm-jgd.shp,平年値（気候）メッシュ,G02_063,5月日照時間,
G02,2022年度版,2022,G02-YY_mmmm-jgd.shp,平年値（気候）メッシュ,G02_064,6月日照時間,
G02,2022年度版,2022,G02-YY_mmmm-jgd.shp,平年値（気候）メッシュ,G02_065,7月日照時間,
G02,2022年度版,2022,G02-YY_mmmm-jgd.shp,平年値（気候）メッシュ,G02_066,8月日照時間,
G02,2022年度版,2022,G02-YY_mmmm-jgd.shp,平年値（気候）メッシュ,G02_067,9月日照時間,
G02,2022年度版,2022,G02-YY_mmmm-jgd.shp,平年値（気候）メッシュ,G02_068,10月日照時間,
G02,2022年度版,2022,G02-YY_mmmm-jgd.shp,平年値（気候）メッシュ,G02_069,11月日照時間,
G02,2022年度版,2022,G02-YY_mmmm-jgd.shp,平年値（気候）メッシュ,G02_070,12月日照時間,
G02,2022年度版,2022,G02-YY_mmmm-jgd.shp,平年値（気候）メッシュ,G02_071,年合計日照時間,
G02,2022年度版,2022,G02-YY_mmmm-jgd.shp,平年値（気候）メッシュ,G02_072,1月全天日射量,
G02,2022年度版,2022,G02-YY_mmmm-jgd.shp,平年値（気候）メッシュ,G02_073,2月全天日射量,
G02,2022年度版,2022,G02-YY_mmmm-jgd.shp,平年値（気候）メッシュ,G02_074,3月全天日射量,
G02,2022年度版,2022,G02-YY_mmmm-jgd.shp,平年値（気候）メッシュ,G02_075,4月全天日射量,
G02,2022年度版,2022,G02-YY_mmmm-jgd.shp,平年値（気候）メッシュ,G02_076,5月全天日射量,
G02,2022年度版,2022,G02-YY_mmmm-jgd.shp,平年値（気候）メッシュ,G02_077,6月全天日射量,
G02,2022年度版,2022,G02-YY_mmmm-jgd.shp,平年値（気候）メッシュ,G02_078,7月全天日射量,
G02,2022年度版,2022,G02-YY_mmmm-jgd.shp,平年値（気候）メッシュ,G02_079,8月全天日射量,
G02,2022年度版,2022,G02-YY_mmmm-jgd.shp,平年値（気候）メッシュ,G02_080,9月全天日射量,
G02,2022年度版,2022,G02-YY_mmmm-jgd.shp,平年値（気候）メッシュ,G02_081,10月全天日射量,
G02,2022年度版,2022,G02-YY_mmmm-jgd.shp,平年値（気候）メッシュ,G02_082,11月全天日射量,
G02,2022年度版,2022,G02-YY_mmmm-jgd.shp,平年値（気候）メッシュ,G02_083,12月全天日射量,
G02,2022年度版,2022,G02-YY_mmmm-jgd.shp,平年値（気候）メッシュ,G02_084,年平均全天日射量,
G04a,2011年度版,2011,G04-a-YY_mmmm-jgd_ElevationAndSlopeAngleTertiaryMesh.shp,標高・傾斜度3次メッシュ,G04a_001,3次メッシュコード,
G04a,2011年度版,2011,G04-a-YY_mmmm-jgd_ElevationAndSlopeAngleTertiaryMesh.shp,標高・傾斜度3次メッシュ,G04a_002,平均標高,
G04a,2011年度版,2011,G04-a-YY_mmmm-jgd_ElevationAndSlopeAngleTertiaryMesh.shp,標高・傾斜度3次メッシュ,G04a_003,最高標高,
G04a,2011年度版,2011,G04-a-YY_mmmm-jgd_ElevationAndSlopeAngleTertiaryMesh.shp,標高・傾斜度3次メッシュ,G04a_004,最低標高,
G04a,2011年度版,2011,G04-a-YY_mmmm-jgd_ElevationAndSlopeAngleTertiaryMesh.shp,標高・傾斜度3次メッシュ,G04a_005,最低標高コード,
G04a,2011年度版,2011,G04-a-YY_mmmm-jgd_ElevationAndSlopeAngleTertiaryMesh.shp,標高・傾斜度3次メッシュ,G04a_006,最大傾斜角度,
G04a,2011年度版,2011,G04-a-YY_mmmm-jgd_ElevationAndSlopeAngleTertiaryMesh.shp,標高・傾斜度3次メッシュ,G04a_007,最大傾斜方向,
G04a,2011年度版,2011,G04-a-YY_mmmm-jgd_ElevationAndSlopeAngleTertiaryMesh.shp,標高・傾斜度3次メッシュ,G04a_008,最小傾斜角度,
G04a,2011年度版,2011,G04-a-YY_mmmm-jgd_ElevationAndSlopeAngleTertiaryMesh.shp,標高・傾斜度3次メッシュ,G04a_009,最小傾斜方向,
G04a,2011年度版,2011,G04-a-YY_mmmm-jgd_ElevationAndSlopeAngleTertiaryMesh.shp,標高・傾斜度3次メッシュ,G04a_010,平均傾斜角度,
G04c,2011年度版,2011,G04-c-YY_mmmm-jgd_ElevationAndSlopeAngleFourthMesh.shp,標高・傾斜度4次メッシュ,G04c_001,4次メッシュコード,
G04c,2011年度版,2011,G04-c-YY_mmmm-jgd_ElevationAndSlopeAngleFourthMesh.shp,標高・傾斜度4次メッシュ,G04c_002,平均標高,
G04c,2011年度版,2011,G04-c-YY_mmmm-jgd_ElevationAndSlopeAngleFourthMesh.shp,標高・傾斜度4次メッシュ,G04c_003,最高標高,
G04c,2011年度版,2011,G04-c-YY_mmmm-jgd_ElevationAndSlopeAngleFourthMesh.shp,標高・傾斜度4次メッシュ,G04c_004,最低標高,
G04c,2011年度版,2011,G04-c-YY_mmmm-jgd_ElevationAndSlopeAngleFourthMesh.shp,標高・傾斜度4次メッシュ,G04c_005,最低標高コード,
G04c,2011年度版,2011,G04-c-YY_mmmm-jgd_ElevationAndSlopeAngleFourthMesh.shp,標高・傾斜度4次メッシュ,G04c_006,最大傾斜角度,
G04c,2011年度版,2011,G04-c-YY_mmmm-jgd_ElevationAndSlopeAngleFourthMesh.shp,標高・傾斜度4次メッシュ,G04c_007,最大傾斜方向,
G04c,2011年度版,2011,G04-c-YY_mmmm-jgd_ElevationAndSlopeAngleFourthMesh.shp,標高・傾斜度4次メッシュ,G04c_008,最小傾斜角度,
G04c,2011年度版,2011,G04-c-YY_mmmm-jgd_ElevationAndSlopeAngleFourthMesh.shp,標高・傾斜度4次メッシュ,G04c_009,最小傾斜方向,
G04c,2011年度版,2011,G04-c-YY_mmmm-jgd_ElevationAndSlopeAngleFourthMesh.shp,標高・傾斜度4次メッシュ,G04c_010,平均傾斜角度,
G04d,2011年度版,2011,G04-d-YY_mmmm-jgd_ElevationAndSlopeAngleFifthMesh.shp,標高・傾斜度5次メッシュ,G04d_001,5次メッシュコード,
G04d,2011年度版,2011,G04-d-YY_mmmm-jgd_ElevationAndSlopeAngleFifthMesh.shp,標高・傾斜度5次メッシュ,G04d_002,平均標高,
G04d,2011年度版,2011,G04-d-YY_mmmm-jgd_ElevationAndSlopeAngleFifthMesh.shp,標高・傾斜度5次メッシュ,G04d_003,最高標高,
G04d,2011年度版,2011,G04-d-YY_mmmm-jgd_ElevationAndSlopeAngleFifthMesh.shp,標高・傾斜度5次メッシュ,G04d_004,最低標高,
G04d,2011年度版,2011,G04-d-YY_mmmm-jgd_ElevationAndSlopeAngleFifthMesh.shp,標高・傾斜度5次メッシュ,G04d_005,最低標高コード,
G04d,2011年度版,2011,G04-d-YY_mmmm-jgd_ElevationAndSlopeAngleFifthMesh.shp,標高・傾斜度5次メッシュ,G04d_006,最大傾斜角度,
G04d,2011年度版,2011,G04-d-YY_mmmm-jgd_ElevationAndSlopeAngleFifthMesh.shp,標高・傾斜度5次メッシュ,G04d_007,最大傾斜方向,
G04d,2011年度版,2011,G04-d-YY_mmmm-jgd_ElevationAndSlopeAngleFifthMesh.shp,標高・傾斜度5次メッシュ,G04d_008,最小傾斜角度,
G04d,2011年度版,2011,G04-d-YY_mmmm-jgd_ElevationAndSlopeAngleFifthMesh.shp,標高・傾斜度5次メッシュ,G04d_009,最小傾斜方向,
G04d,2011年度版,2011,G04-d-YY_mmmm-jgd_ElevationAndSlopeAngleFifthMesh.shp,標高・傾斜度5次メッシュ,G04d_010,平均傾斜角度,
G08,2015年度版,2015,G08-YY_PP.shp,低位地帯（ポリゴン）,G08_001,面積,
G08,2015年度版,2015,G08-YY_PP.shp,低位地帯（ポリゴン）,G08_002,最大浸水深,
G08,2015年度版,2015,G08-YY_PP.shp,低位地帯（ポリゴン）,G08_003,参照資料コード,
L01,2026年版,2026,L01-YY_PP.shp,地価公示（ポイント）,L01_001,標準地番号：行政区域コード,
L01,2026年版,2026,L01-YY_PP.shp,地価公示（ポイント）,L01_002,標準地番号：用途区分,
L01,2026年版,2026,L01-YY_PP.shp,地価公示（ポイント）,L01_003,標準地番号：連番,
L01,2026年版,2026,L01-YY_PP.shp,地価公示（ポイント）,L01_004,前年度標準地番号：行政区域コード,
L01,2026年版,2026,L01-YY_PP.shp,地価公示（ポイント）,L01_005,前年度標準地番号：用途区分,
L01,2026年版,2026,L01-YY_PP.shp,地価公示（ポイント）,L01_006,前年度標準地番号：連番,
L01,2026年版,2026,L01-YY_PP.shp,地価公示（ポイント）,L01_007,年度,
L01,2026年版,2026,L01-YY_PP.shp,地価公示（ポイント）,L01_008,地価公示価格,
L01,2026年版,2026,L01-YY_PP.shp,地価公示（ポイント）,L01_009,対前年変動率,
L01,2026年版,2026,L01-YY_PP.shp,地価公示（ポイント）,L01_010,属性移動：選定状況,
L01,2026年版,2026,L01-YY_PP.shp,地価公示（ポイント）,L01_011,属性移動：所在並びに地番・住居表示,
L01,2026年版,2026,L01-YY_PP.shp,地価公示（ポイント）,L01_012,属性移動：地積,
L01,2026年版,2026,L01-YY_PP.shp,地価公示（ポイント）,L01_013,属性移動：利用の現況,
L01,2026年版,2026,L01-YY_PP.shp,地価公示（ポイント）,L01_014,属性移動：建物構造,
L01,2026年版,2026,L01-YY_PP.shp,地価公示（ポイント）,L01_015,属性移動：供給施設,
L01,2026年版,2026,L01-YY_PP.shp,地価公示（ポイント）,L01_016,属性移動：最寄り駅迄の道路距離,
L01,2026年版,2026,L01-YY_PP.shp,地価公示（ポイント）,L01_017,属性移動：都市計画の用途区分,
L01,2026年版,2026,L01-YY_PP.shp,地価公示（ポイント）,L01_018,属性移動：防火地域,
L01,2026年版,2026,L01-YY_PP.shp,地価公示（ポイント）,L01_019,属性移動：都市計画区分,
L01,2026年版,2026,L01-YY_PP.shp,地価公示（ポイント）,L01_020,属性移動：森林法,
L01,2026年版,2026,L01-YY_PP.shp,地価公示（ポイント）,L01_021,属性移動：自然公園法,
L01,2026年版,2026,L01-YY_PP.shp,地価公示（ポイント）,L01_022,属性移動：建蔽率,
L01,2026年版,2026,L01-YY_PP.shp,地価公示（ポイント）,L01_023,属性移動：容積率,
L01,2026年版,2026,L01-YY_PP.shp,地価公示（ポイント）,L01_024,標準地の所在：標準地名,
L01,2026年版,2026,L01-YY_PP.shp,地価公示（ポイント）,L01_025,標準地の所在：所在並びに地番,
L01,2026年版,2026,L01-YY_PP.shp,地価公示（ポイント）,L01_026,標準地の所在：住居表示,
L01,2026年版,2026,L01-YY_PP.shp,地価公示（ポイント）,L01_027,地積,
L01,2026年版,2026,L01-YY_PP.shp,地価公示（ポイント）,L01_028,利用現況：大分類,
L01,2026年版,2026,L01-YY_PP.shp,地価公示（ポイント）,L01_029,利用現況：詳細,
L01,2026年版,2026,L01-YY_PP.shp,地価公示（ポイント）,L01_030,利用区分,
L01,2026年版,2026,L01-YY_PP.shp,地価公示（ポイント）,L01_031,建物構造,
L01,2026年版,2026,L01-YY_PP.shp,地価公示（ポイント）,L01_032,給排水等状況：ガス,
L01,2026年版,2026,L01-YY_PP.shp,地価公示（ポイント）,L01_033,給排水等状況：水道,
L01,2026年版,2026,L01-YY_PP.shp,地価公示（ポイント）,L01_034,給排水等状況：下水道,
L01,2026年版,2026,L01-YY_PP.shp,地価公示（ポイント）,L01_035,土地の形状：形状,
L01,2026年版,2026,L01-YY_PP.shp,地価公示（ポイント）,L01_036,土地の形状：間口比率,
L01,2026年版,2026,L01-YY_PP.shp,地価公示（ポイント）,L01_037,土地の形状：奥行比率,
L01,2026年版,2026,L01-YY_PP.shp,地価公示（ポイント）,L01_038,建物の階層：地上階層,
L01,2026年版,2026,L01-YY_PP.shp,地価公示（ポイント）,L01_039,建物の階層：地下階層,
L01,2026年版,2026,L01-YY_PP.shp,地価公示（ポイント）,L01_040,前面道路の状況：道路区分,
L01,2026年版,2026,L01-YY_PP.shp,地価公示（ポイント）,L01_041,前面道路の状況：方位,
L01,2026年版,2026,L01-YY_PP.shp,地価公示（ポイント）,L01_042,前面道路の状況：幅員,
L01,2026年版,2026,L01-YY_PP.shp,地価公示（ポイント）,L01_043,前面道路の状況：駅前状況,
L01,2026年版,2026,L01-YY_PP.shp,地価公示（ポイント）,L01_044,前面道路の状況：舗装状況,
L01,2026年版,2026,L01-YY_PP.shp,地価公示（ポイント）,L01_045,側道状況：接面道路状況,
L01,2026年版,2026,L01-YY_PP.shp,地価公示（ポイント）,L01_046,側道状況：側道の方位,
L01,2026年版,2026,L01-YY_PP.shp,地価公示（ポイント）,L01_047,周辺の土地利用の状況,
L01,2026年版,2026,L01-YY_PP.shp,地価公示（ポイント）,L01_048,交通施設、距離：最寄り駅名,
L01,2026年版,2026,L01-YY_PP.shp,地価公示（ポイント）,L01_049,交通施設、距離：交通施設との近接状況,
L01,2026年版,2026,L01-YY_PP.shp,地価公示（ポイント）,L01_050,交通施設、距離：最寄り駅迄の道路距離,
L01,2026年版,2026,L01-YY_PP.shp,地価公示（ポイント）,L01_051,法規制等：都市計画の用途地域,
L01,2026年版,2026,L01-YY_PP.shp,地価公示（ポイント）,L01_052,法規制等：防火地域,
L01,2026年版,2026,L01-YY_PP.shp,地価公示（ポイント）,L01_053,法規制等：都市計画区分,
L01,2026年版,2026,L01-YY_PP.shp,地価公示（ポイント）,L01_054,法規制等：高度地区,
L01,2026年版,2026,L01-YY_PP.shp,地価公示（ポイント）,L01_055,法規制等：森林法,
L01,2026年版,2026,L01-YY_PP.shp,地価公示（ポイント）,L01_056,法規制等：自然公園法,
L01,2026年版,2026,L01-YY_PP.shp,地価公示（ポイント）,L01_057,法規制等：建蔽率,
L01,2026年版,2026,L01-YY_PP.shp,地価公示（ポイント）,L01_058,法規制等：容積率,
L01,2026年版,2026,L01-YY_PP.shp,地価公示（ポイント）,L01_059,法規制等：割増容積率,
L01,2026年版,2026,L01-YY_PP.shp,地価公示（ポイント）,L01_060,共通地点,
L01,2026年版,2026,L01-YY_PP.shp,地価公示（ポイント）,L01_061,選定年次フラグ,
L01,2026年版,2026,L01-YY_PP.shp,地価公示（ポイント）,L01_062,昭和58年公示価格,
L01,2026年版,2026,L01-YY_PP.shp,地価公示（ポイント）,L01_063,昭和59年公示価格,
L01,2026年版,2026,L01-YY_PP.shp,地価公示（ポイント）,L01_064,昭和60年公示価格,
L01,2026年版,2026,L01-YY_PP.shp,地価公示（ポイント）,L01_065,昭和61年公示価格,
L01,2026年版,2026,L01-YY_PP.shp,地価公示（ポイント）,L01_066,昭和62年公示価格,
L01,2026年版,2026,L01-YY_PP.shp,地価公示（ポイント）,L01_067,昭和63年公示価格,
L01,2026年版,2026,L01-YY_PP.shp,地価公示（ポイント）,L01_068,昭和64年公示価格,
L01,2026年版,2026,L01-YY_PP.shp,地価公示（ポイント）,L01_069,平成2年公示価格,
L01,2026年版,2026,L01-YY_PP.shp,地価公示（ポイント）,L01_070,平成3年公示価格,
L01,2026年版,2026,L01-YY_PP.shp,地価公示（ポイント）,L01_071,平成4年公示価格,
L01,2026年版,2026,L01-YY_PP.shp,地価公示（ポイント）,L01_072,平成5年公示価格,
L01,2026年版,2026,L01-YY_PP.shp,地価公示（ポイント）,L01_073,平成6年公示価格,
L01,2026年版,2026,L01-YY_PP.shp,地価公示（ポイント）,L01_074,平成7年公示価格,
L01,2026年版,2026,L01-YY_PP.shp,地価公示（ポイント）,L01_075,平成8年公示価格,
L01,2026年版,2026,L01-YY_PP.shp,地価公示（ポイント）,L01_076,平成9年公示価格,
L01,2026年版,2026,L01-YY_PP.shp,地価公示（ポイント）,L01_077,平成10年公示価格,
L01,2026年版,2026,L01-YY_PP.shp,地価公示（ポイント）,L01_078,平成11年公示価格,
L01,2026年版,2026,L01-YY_PP.shp,地価公示（ポイント）,L01_079,平成12年公示価格,
L01,2026年版,2026,L01-YY_PP.shp,地価公示（ポイント）,L01_080,平成13年公示価格,
L01,2026年版,2026,L01-YY_PP.shp,地価公示（ポイント）,L01_081,平成14年公示価格,
L01,2026年版,2026,L01-YY_PP.shp,地価公示（ポイント）,L01_082,平成15年公示価格,
L01,2026年版,2026,L01-YY_PP.shp,地価公示（ポイント）,L01_083,平成16年公示価格,
L01,2026年版,2026,L01-YY_PP.shp,地価公示（ポイント）,L01_084,平成17年公示価格,
L01,2026年版,2026,L01-YY_PP.shp,地価公示（ポイント）,L01_085,平成18年公示価格,
L01,2026年版,2026,L01-YY_PP.shp,地価公示（ポイント）,L01_086,平成19年公示価格,
L01,2026年版,2026,L01-YY_PP.shp,地価公示（ポイント）,L01_087,平成20年公示価格,
L01,2026年版,2026,L01-YY_PP.shp,地価公示（ポイント）,L01_088,平成21年公示価格,
L01,2026年版,2026,L01-YY_PP.shp,地価公示（ポイント）,L01_089,平成22年公示価格,
L01,2026年版,2026,L01-YY_PP.shp,地価公示（ポイント）,L01_090,平成23年公示価格,
L01,2026年版,2026,L01-YY_PP.shp,地価公示（ポイント）,L01_091,平成24年公示価格,
L01,2026年版,2026,L01-YY_PP.shp,地価公示（ポイント）,L01_092,平成25年公示価格,
L01,2026年版,2026,L01-YY_PP.shp,地価公示（ポイント）,L01_093,平成26年公示価格,
L01,2026年版,2026,L01-YY_PP.shp,地価公示（ポイント）,L01_094,平成27年公示価格,
L01,2026年版,2026,L01-YY_PP.shp,地価公示（ポイント）,L01_095,平成28年公示価格,
L01,2026年版,2026,L01-YY_PP.shp,地価公示（ポイント）,L01_096,平成29年公示価格,
L01,2026年版,2026,L01-YY_PP.shp,地価公示（ポイント）,L01_097,平成30年公示価格,
L01,2026年版,2026,L01-YY_PP.shp,地価公示（ポイント）,L01_098,平成31年公示価格,
L01,2026年版,2026,L01-YY_PP.shp,地価公示（ポイント）,L01_099,令和2年公示価格,
L01,2026年版,2026,L01-YY_PP.shp,地価公示（ポイント）,L01_100,令和3年公示価格,
L01,2026年版,2026,L01-YY_PP.shp,地価公示（ポイント）,L01_101,令和4年公示価格,
L01,2026年版,2026,L01-YY_PP.shp,地価公示（ポイント）,L01_102,令和5年公示価格,
L01,2026年版,2026,L01-YY_PP.shp,地価公示（ポイント）,L01_103,令和6年公示価格,
L01,2026年版,2026,L01-YY_PP.shp,地価公示（ポイント）,L01_104,令和7年公示価格,
L01,2026年版,2026,L01-YY_PP.shp,地価公示（ポイント）,L01_105,令和8年公示価格,
L01,2026年版,2026,L01-YY_PP.shp,地価公示（ポイント）,L01_106,昭和59年属性移動,
L01,2026年版,2026,L01-YY_PP.shp,地価公示（ポイント）,L01_107,昭和60年属性移動,
L01,2026年版,2026,L01-YY_PP.shp,地価公示（ポイント）,L01_108,昭和61年属性移動,
L01,2026年版,2026,L01-YY_PP.shp,地価公示（ポイント）,L01_109,昭和62年属性移動,
L01,2026年版,2026,L01-YY_PP.shp,地価公示（ポイント）,L01_110,昭和63年属性移動,
L01,2026年版,2026,L01-YY_PP.shp,地価公示（ポイント）,L01_111,昭和64年属性移動,
L01,2026年版,2026,L01-YY_PP.shp,地価公示（ポイント）,L01_112,平成2年属性移動,
L01,2026年版,2026,L01-YY_PP.shp,地価公示（ポイント）,L01_113,平成3年属性移動,
L01,2026年版,2026,L01-YY_PP.shp,地価公示（ポイント）,L01_114,平成4年属性移動,
L01,2026年版,2026,L01-YY_PP.shp,地価公示（ポイント）,L01_115,平成5年属性移動,
L01,2026年版,2026,L01-YY_PP.shp,地価公示（ポイント）,L01_116,平成6年属性移動,
L01,2026年版,2026,L01-YY_PP.shp,地価公示（ポイント）,L01_117,平成7年属性移動,
L01,2026年版,2026,L01-YY_PP.shp,地価公示（ポイント）,L01_118,平成8年属性移動,
L01,2026年版,2026,L01-YY_PP.shp,地価公示（ポイント）,L01_119,平成9年属性移動,
L01,2026年版,2026,L01-YY_PP.shp,地価公示（ポイント）,L01_120,平成10年属性移動,
L01,2026年版,2026,L01-YY_PP.shp,地価公示（ポイント）,L01_121,平成11年属性移動,
L01,2026年版,2026,L01-YY_PP.shp,地価公示（ポイント）,L01_122,平成12年属性移動,
L01,2026年版,2026,L01-YY_PP.shp,地価公示（ポイント）,L01_123,平成13年属性移動,
L01,2026年版,2026,L01-YY_PP.shp,地価公示（ポイント）,L01_124,平成14年属性移動,
L01,2026年版,2026,L01-YY_PP.shp,地価公示（ポイント）,L01_125,平成15年属性移動,
L01,2026年版,2026,L01-YY_PP.shp,地価公示（ポイント）,L01_126,平成16年属性移動,
L01,2026年版,2026,L01-YY_PP.shp,地価公示（ポイント）,L01_127,平成17年属性移動,
L01,2026年版,2026,L01-YY_PP.shp,地価公示（ポイント）,L01_128,平成18年属性移動,
L01,2026年版,2026,L01-YY_PP.shp,地価公示（ポイント）,L01_129,平成19年属性移動,
L01,2026年版,2026,L01-YY_PP.shp,地価公示（ポイント）,L01_130,平成20年属性移動,
L01,2026年版,2026,L01-YY_PP.shp,地価公示（ポイント）,L01_131,平成21年属性移動,
L01,2026年版,2026,L01-YY_PP.shp,地価公示（ポイント）,L01_132,平成22年属性移動,
L01,2026年版,2026,L01-YY_PP.shp,地価公示（ポイント）,L01_133,平成23年属性移動,
L01,2026年版,2026,L01-YY_PP.shp,地価公示（ポイント）,L01_134,平成24年属性移動,
L01,2026年版,2026,L01-YY_PP.shp,地価公示（ポイント）,L01_135,平成25年属性移動,
L01,2026年版,2026,L01-YY_PP.shp,地価公示（ポイント）,L01_136,平成26年属性移動,
L01,2026年版,2026,L01-YY_PP.shp,地価公示（ポイント）,L01_137,平成27年属性移動,
L01,2026年版,2026,L01-YY_PP.shp,地価公示（ポイント）,L01_138,平成28年属性移動,
L01,2026年版,2026,L01-YY_PP.shp,地価公示（ポイント）,L01_139,平成29年属性移動,
L01,2026年版,2026,L01-YY_PP.shp,地価公示（ポイント）,L01_140,平成30年属性移動,
L01,2026年版,2026,L01-YY_PP.shp,地価公示（ポイント）,L01_141,平成31年属性移動,
L01,2026年版,2026,L01-YY_PP.shp,地価公示（ポイント）,L01_142,令和2年属性移動,
L01,2026年版,2026,L01-YY_PP.shp,地価公示（ポイント）,L01_143,令和3年属性移動,
L01,2026年版,2026,L01-YY_PP.shp,地価公示（ポイント）,L01_144,令和4年属性移動,
L01,2026年版,2026,L01-YY_PP.shp,地価公示（ポイント）,L01_145,令和5年属性移動,
L01,2026年版,2026,L01-YY_PP.shp,地価公示（ポイント）,L01_146,令和6年属性移動,
L01,2026年版,2026,L01-YY_PP.shp,地価公示（ポイント）,L01_147,令和7年属性移動,
L01,2026年版,2026,L01-YY_PP.shp,地価公示（ポイント）,L01_148,令和8年属性移動,
L02,2026年版,2026,L02-26_PP.shp,都道府県地価調査（ポイント）,L02_001,基準地番号：用途区分,
L02,2026年版,2026,L02-26_PP.shp,都道府県地価調査（ポイント）,L02_002,基準地番号：連番,
L02,2026年版,2026,L02-26_PP.shp,都道府県地価調査（ポイント）,L02_003,前年度基準地番号：用途区分,
L02,2026年版,2026,L02-26_PP.shp,都道府県地価調査（ポイント）,L02_004,前年度基準地番号：連番,
L02,2026年版,2026,L02-26_PP.shp,都道府県地価調査（ポイント）,L02_005,年度,
L02,2026年版,2026,L02-26_PP.shp,都道府県地価調査（ポイント）,L02_006,調査価格,
L02,2026年版,2026,L02-26_PP.shp,都道府県地価調査（ポイント）,L02_007,対前年変動率,
L02,2026年版,2026,L02-26_PP.shp,都道府県地価調査（ポイント）,L02_008,属性変更：選定状況,
L02,2026年版,2026,L02-26_PP.shp,都道府県地価調査（ポイント）,L02_009,属性変更：所在並びに地番・住居表示,
L02,2026年版,2026,L02-26_PP.shp,都道府県地価調査（ポイント）,L02_010,属性変更：地積,
L02,2026年版,2026,L02-26_PP.shp,都道府県地価調査（ポイント）,L02_011,属性変更：利用の現況,
L02,2026年版,2026,L02-26_PP.shp,都道府県地価調査（ポイント）,L02_012,属性変更：建物構造,
L02,2026年版,2026,L02-26_PP.shp,都道府県地価調査（ポイント）,L02_013,属性変更：供給施設,
L02,2026年版,2026,L02-26_PP.shp,都道府県地価調査（ポイント）,L02_014,属性変更：最寄り駅迄の道路距離,
L02,2026年版,2026,L02-26_PP.shp,都道府県地価調査（ポイント）,L02_015,属性変更：都市計画の用途地域,
L02,2026年版,2026,L02-26_PP.shp,都道府県地価調査（ポイント）,L02_016,属性変更：防火区分,
L02,2026年版,2026,L02-26_PP.shp,都道府県地価調査（ポイント）,L02_017,属性変更：都市計画区分,
L02,2026年版,2026,L02-26_PP.shp,都道府県地価調査（ポイント）,L02_018,属性変更：建ぺい率,
L02,2026年版,2026,L02-26_PP.shp,都道府県地価調査（ポイント）,L02_019,属性変更：容積率,
L02,2026年版,2026,L02-26_PP.shp,都道府県地価調査（ポイント）,L02_020,基準値の所在：基準地行政区域コード,
L02,2026年版,2026,L02-26_PP.shp,都道府県地価調査（ポイント）,L02_021,基準値の所在：基準地の地名,
L02,2026年版,2026,L02-26_PP.shp,都道府県地価調査（ポイント）,L02_022,基準値の所在：所在並びに地番,
L02,2026年版,2026,L02-26_PP.shp,都道府県地価調査（ポイント）,L02_023,基準値の所在：住居表示,
L02,2026年版,2026,L02-26_PP.shp,都道府県地価調査（ポイント）,L02_024,地積,
L02,2026年版,2026,L02-26_PP.shp,都道府県地価調査（ポイント）,L02_025,利用の現況：大分類,
L02,2026年版,2026,L02-26_PP.shp,都道府県地価調査（ポイント）,L02_026,利用の現況：詳細,
L02,2026年版,2026,L02-26_PP.shp,都道府県地価調査（ポイント）,L02_027,利用区分,
L02,2026年版,2026,L02-26_PP.shp,都道府県地価調査（ポイント）,L02_028,建物構造,
L02,2026年版,2026,L02-26_PP.shp,都道府県地価調査（ポイント）,L02_029,給排水等状況：水道,
L02,2026年版,2026,L02-26_PP.shp,都道府県地価調査（ポイント）,L02_030,給排水等状況：ガス,
L02,2026年版,2026,L02-26_PP.shp,都道府県地価調査（ポイント）,L02_031,給排水等状況：下水道,
L02,2026年版,2026,L02-26_PP.shp,都道府県地価調査（ポイント）,L02_032,土地の形状：形状,
L02,2026年版,2026,L02-26_PP.shp,都道府県地価調査（ポイント）,L02_033,土地の形状：間口比率,
L02,2026年版,2026,L02-26_PP.shp,都道府県地価調査（ポイント）,L02_034,土地の形状：奥行比率,
L02,2026年版,2026,L02-26_PP.shp,都道府県地価調査（ポイント）,L02_035,建物の階層：地上階層,
L02,2026年版,2026,L02-26_PP.shp,都道府県地価調査（ポイント）,L02_036,建物の階層：地下階層,
L02,2026年版,2026,L02-26_PP.shp,都道府県地価調査（ポイント）,L02_037,全面道路の状況：道路区分,
L02,2026年版,2026,L02-26_PP.shp,都道府県地価調査（ポイント）,L02_038,全面道路の状況：方位,
L02,2026年版,2026,L02-26_PP.shp,都道府県地価調査（ポイント）,L02_039,全面道路の状況：幅員,
L02,2026年版,2026,L02-26_PP.shp,都道府県地価調査（ポイント）,L02_040,全面道路の状況：駅前状況,
L02,2026年版,2026,L02-26_PP.shp,都道府県地価調査（ポイント）,L02_041,全面道路の状況：舗装状況,
L02,2026年版,2026,L02-26_PP.shp,都道府県地価調査（ポイント）,L02_042,その他の接面道路：接面道路状況,
L02,2026年版,2026,L02-26_PP.shp,都道府県地価調査（ポイント）,L02_043,その他の接面道路：側道の方位,
L02,2026年版,2026,L02-26_PP.shp,都道府県地価調査（ポイント）,L02_044,周辺の土地利用の状況,
L02,2026年版,2026,L02-26_PP.shp,都道府県地価調査（ポイント）,L02_045,交通施設、距離：最寄り駅名,
L02,2026年版,2026,L02-26_PP.shp,都道府県地価調査（ポイント）,L02_046,交通施設、距離：最寄り駅迄の道路距離,
L02,2026年版,2026,L02-26_PP.shp,都道府県地価調査（ポイント）,L02_047,都市計画区分等：都市計画の用途地域,
L02,2026年版,2026,L02-26_PP.shp,都道府県地価調査（ポイント）,L02_048,都市計画区分等：防火区域,
L02,2026年版,2026,L02-26_PP.shp,都道府県地価調査（ポイント）,L02_049,都市計画区分等：都市計画区分,
L02,2026年版,2026,L02-26_PP.shp,都道府県地価調査（ポイント）,L02_050,都市計画区分等：高度地区,
L02,2026年版,2026,L02-26_PP.shp,都道府県地価調査（ポイント）,L02_051,都市計画区分等：建ぺい率,
L02,2026年版,2026,L02-26_PP.shp,都道府県地価調査（ポイント）,L02_052,都市計画区分等：容積率,
L02,2026年版,2026,L02-26_PP.shp,都道府県地価調査（ポイント）,L02_053,都市計画区分等：割増容積率,
L02,2026年版,2026,L02-26_PP.shp,都道府県地価調査（ポイント）,L02_054,共通地点,
L02,2026年版,2026,L02-26_PP.shp,都道府県地価調査（ポイント）,L02_055,選定年次フラグ,
L02,2026年版,2026,L02-26_PP.shp,都道府県地価調査（ポイント）,L02_056,S58調査価格,
L02,2026年版,2026,L02-26_PP.shp,都道府県地価調査（ポイント）,L02_057,S59調査価格,
L02,2026年版,2026,L02-26_PP.shp,都道府県地価調査（ポイント）,L02_058,S60調査価格,
L02,2026年版,2026,L02-26_PP.shp,都道府県地価調査（ポイント）,L02_059,S61調査価格,
L02,2026年版,2026,L02-26_PP.shp,都道府県地価調査（ポイント）,L02_060,S62調査価格,
L02,2026年版,2026,L02-26_PP.shp,都道府県地価調査（ポイント）,L02_061,S63調査価格,
L02,2026年版,2026,L02-26_PP.shp,都道府県地価調査（ポイント）,L02_062,H1調査価格,
L02,2026年版,2026,L02-26_PP.shp,都道府県地価調査（ポイント）,L02_063,H2調査価格,
L02,2026年版,2026,L02-26_PP.shp,都道府県地価調査（ポイント）,L02_064,H3調査価格,
L02,2026年版,2026,L02-26_PP.shp,都道府県地価調査（ポイント）,L02_065,H4調査価格,
L02,2026年版,2026,L02-26_PP.shp,都道府県地価調査（ポイント）,L02_066,H5調査価格,
L02,2026年版,2026,L02-26_PP.shp,都道府県地価調査（ポイント）,L02_067,H6調査価格,
L02,2026年版,2026,L02-26_PP.shp,都道府県地価調査（ポイント）,L02_068,H7調査価格,
L02,2026年版,2026,L02-26_PP.shp,都道府県地価調査（ポイント）,L02_069,H8調査価格,
L02,2026年版,2026,L02-26_PP.shp,都道府県地価調査（ポイント）,L02_070,H9調査価格,
L02,2026年版,2026,L02-26_PP.shp,都道府県地価調査（ポイント）,L02_071,H10調査価格,
L02,2026年版,2026,L02-26_PP.shp,都道府県地価調査（ポイント）,L02_072,H11調査価格,
L02,2026年版,2026,L02-26_PP.shp,都道府県地価調査（ポイント）,L02_073,H12調査価格,
L02,2026年版,2026,L02-26_PP.shp,都道府県地価調査（ポイント）,L02_074,H13調査価格,
L02,2026年版,2026,L02-26_PP.shp,都道府県地価調査（ポイント）,L02_075,H14調査価格,
L02,2026年版,2026,L02-26_PP.shp,都道府県地価調査（ポイント）,L02_076,H15調査価格,
L02,2026年版,2026,L02-26_PP.shp,都道府県地価調査（ポイント）,L02_077,H16調査価格,
L02,2026年版,2026,L02-26_PP.shp,都道府県地価調査（ポイント）,L02_078,H17調査価格,
L02,2026年版,2026,L02-26_PP.shp,都道府県地価調査（ポイント）,L02_079,H18調査価格,
L02,2026年版,2026,L02-26_PP.shp,都道府県地価調査（ポイント）,L02_080,H19調査価格,
L02,2026年版,2026,L02-26_PP.shp,都道府県地価調査（ポイント）,L02_081,H20調査価格,
L02,2026年版,2026,L02-26_PP.shp,都道府県地価調査（ポイント）,L02_082,H21調査価格,
L02,2026年版,2026,L02-26_PP.shp,都道府県地価調査（ポイント）,L02_083,H22調査価格,
L02,2026年版,2026,L02-26_PP.shp,都道府県地価調査（ポイント）,L02_084,H23調査価格,
L02,2026年版,2026,L02-26_PP.shp,都道府県地価調査（ポイント）,L02_085,H24調査価格,
L02,2026年版,2026,L02-26_PP.shp,都道府県地価調査（ポイント）,L02_086,H25調査価格,
L02,2026年版,2026,L02-26_PP.shp,都道府県地価調査（ポイント）,L02_087,H26調査価格,
L02,2026年版,2026,L02-26_PP.shp,都道府県地価調査（ポイント）,L02_088,H27調査価格,
L02,2026年版,2026,L02-26_PP.shp,都道府県地価調査（ポイント）,L02_089,H28調査価格,
L02,2026年版,2026,L02-26_PP.shp,都道府県地価調査（ポイント）,L02_090,H29調査価格,
L02,2026年版,2026,L02-26_PP.shp,都道府県地価調査（ポイント）,L02_091,H30調査価格,
L02,2026年版,2026,L02-26_PP.shp,都道府県地価調査（ポイント）,L02_092,R1調査価格,
L02,2026年版,2026,L02-26_PP.shp,都道府県地価調査（ポイント）,L02_093,R2調査価格,
L02,2026年版,2026,L02-26_PP.shp,都道府県地価調査（ポイント）,L02_094,R3調査価格,
L02,2026年版,2026,L02-26_PP.shp,都道府県地価調査（ポイント）,L02_095,R4調査価格,
L02,2026年版,2026,L02-26_PP.shp,都道府県地価調査（ポイント）,L02_096,R5調査価格,
L02,2026年版,2026,L02-26_PP.shp,都道府県地価調査（ポイント）,L02_097,R6調査価格,
L02,2026年版,2026,L02-26_PP.shp,都道府県地価調査（ポイント）,L02_098,R7調査価格,
L02,2026年版,2026,L02-26_PP.shp,都道府県地価調査（ポイント）,L02_099,R8調査価格,
L02,2026年版,2026,L02-26_PP.shp,都道府県地価調査（ポイント）,L02_100,属性変更S59,
L02,2026年版,2026,L02-26_PP.shp,都道府県地価調査（ポイント）,L02_101,属性変更S60,
L02,2026年版,2026,L02-26_PP.shp,都道府県地価調査（ポイント）,L02_102,属性変更S61,
L02,2026年版,2026,L02-26_PP.shp,都道府県地価調査（ポイント）,L02_103,属性変更S62,
L02,2026年版,2026,L02-26_PP.shp,都道府県地価調査（ポイント）,L02_104,属性変更S63,
L02,2026年版,2026,L02-26_PP.shp,都道府県地価調査（ポイント）,L02_105,属性変更H1,
L02,2026年版,2026,L02-26_PP.shp,都道府県地価調査（ポイント）,L02_106,属性変更H2,
L02,2026年版,2026,L02-26_PP.shp,都道府県地価調査（ポイント）,L02_107,属性変更H3,
L02,2026年版,2026,L02-26_PP.shp,都道府県地価調査（ポイント）,L02_108,属性変更H4,
L02,2026年版,2026,L02-26_PP.shp,都道府県地価調査（ポイント）,L02_109,属性変更H5,
L02,2026年版,2026,L02-26_PP.shp,都道府県地価調査（ポイント）,L02_110,属性変更H6,
L02,2026年版,2026,L02-26_PP.shp,都道府県地価調査（ポイント）,L02_111,属性変更H7,
L02,2026年版,2026,L02-26_PP.shp,都道府県地価調査（ポイント）,L02_112,属性変更H8,
L02,2026年版,2026,L02-26_PP.shp,都道府県地価調査（ポイント）,L02_113,属性変更H9,
L02,2026年版,2026,L02-26_PP.shp,都道府県地価調査（ポイント）,L02_114,属性変更H10,
L02,2026年版,2026,L02-26_PP.shp,都道府県地価調査（ポイント）,L02_115,属性変更H11,
L02,2026年版,2026,L02-26_PP.shp,都道府県地価調査（ポイント）,L02_116,属性変更H12,
L02,2026年版,2026,L02-26_PP.shp,都道府県地価調査（ポイント）,L02_117,属性変更H13,
L02,2026年版,2026,L02-26_PP.shp,都道府県地価調査（ポイント）,L02_118,属性変更H14,
L02,2026年版,2026,L02-26_PP.shp,都道府県地価調査（ポイント）,L02_119,属性変更H15,
L02,2026年版,2026,L02-26_PP.shp,都道府県地価調査（ポイント）,L02_120,属性変更H16,
L02,2026年版,2026,L02-26_PP.shp,都道府県地価調査（ポイント）,L02_121,属性変更H17,
L02,2026年版,2026,L02-26_PP.shp,都道府県地価調査（ポイント）,L02_122,属性変更H18,
L02,2026年版,2026,L02-26_PP.shp,都道府県地価調査（ポイント）,L02_123,属性変更H19,
L02,2026年版,2026,L02-26_PP.shp,都道府県地価調査（ポイント）,L02_124,属性変更H20,
L02,2026年版,2026,L02-26_PP.shp,都道府県地価調査（ポイント）,L02_125,属性変更H21,
L02,2026年版,2026,L02-26_PP.shp,都道府県地価調査（ポイント）,L02_126,属性変更H22,
L02,2026年版,2026,L02-26_PP.shp,都道府県地価調査（ポイント）,L02_127,属性変更H23,
L02,2026年版,2026,L02-26_PP.shp,都道府県地価調査（ポイント）,L02_128,属性変更H24,
L02,2026年版,2026,L02-26_PP.shp,都道府県地価調査（ポイント）,L02_129,属性変更H25,
L02,2026年版,2026,L02-26_PP.shp,都道府県地価調査（ポイント）,L02_130,属性変更H26,
L02,2026年版,2026,L02-26_PP.shp,都道府県地価調査（ポイント）,L02_131,属性変更H27,
L02,2026年版,2026,L02-26_PP.shp,都道府県地価調査（ポイント）,L02_132,属性変更H28,
L02,2026年版,2026,L02-26_PP.shp,都道府県地価調査（ポイント）,L02_133,属性変更H29,
L02,2026年版,2026,L02-26_PP.shp,都道府県地価調査（ポイント）,L02_134,属性変更H30,
L02,2026年版,2026,L02-26_PP.shp,都道府県地価調査（ポイント）,L02_135,属性変更R1,
L02,2026年版,2026,L02-26_PP.shp,都道府県地価調査（ポイント）,L02_136,属性変更R2,
L02,2026年版,2026,L02-26_PP.shp,都道府県地価調査（ポイント）,L02_137,属性変更R3,
L02,2026年版,2026,L02-26_PP.shp,都道府県地価調査（ポイント）,L02_138,属性変更R4,
L02,2026年版,2026,L02-26_PP.shp,都道府県地価調査（ポイント）,L02_139,属性変更R5,
L02,2026年版,2026,L02-26_PP.shp,都道府県地価調査（ポイント）,L02_140,属性変更R6,
L02,2026年版,2026,L02-26_PP.shp,都道府県地価調査（ポイント）,L02_141,属性変更R7,
L02,2026年版,2026,L02-26_PP.shp,都道府県地価調査（ポイント）,L02_142,属性変更R8,
L03-a,2021年度版,2021,L03-a-YY_mmmm.shp,土地利用3次メッシュ,メッシュ,メッシュ,
L03-a,2021年度版,2021,L03-a-YY_mmmm.shp,土地利用3次メッシュ,田,田,
L03-a,2021年度版,2021,L03-a-YY_mmmm.shp,土地利用3次メッシュ,他農用地,その他の農用地,
L03-a,2021年度版,2021,L03-a-YY_mmmm.shp,土地利用3次メッシュ,森林,森林,
L03-a,2021年度版,2021,L03-a-YY_mmmm.shp,土地利用3次メッシュ,荒地,荒地,
L03-a,2021年度版,2021,L03-a-YY_mmmm.shp,土地利用3次メッシュ,建物用地,建物用地,
L03-a,2021年度版,2021,L03-a-YY_mmmm.shp,土地利用3次メッシュ,道路,道路,
L03-a,2021年度版,2021,L03-a-YY_mmmm.shp,土地利用3次メッシュ,鉄道,鉄道,
L03-a,2021年度版,2021,L03-a-YY_mmmm.shp,土地利用3次メッシュ,他用地,その他の用地,
L03-a,2021年度版,2021,L03-a-YY_mmmm.shp,土地利用3次メッシュ,河川湖沼,河川及び湖沼,
L03-a,2021年度版,2021,L03-a-YY_mmmm.shp,土地利用3次メッシュ,海浜,海浜,
L03-a,2021年度版,2021,L03-a-YY_mmmm.shp,土地利用3次メッシュ,海水域,海水域,
L03-a,2021年度版,2021,L03-a-YY_mmmm.shp,土地利用3次メッシュ,ゴルフ場,ゴルフ場,
L03-b,2021年度版,2021,L03-b-YY_mmmm.shp,土地利用細分メッシュ,L03b_001,メッシュコード,
L03-b,2021年度版,2021,L03-b-YY_mmmm.shp,土地利用細分メッシュ,L03b_002,土地利用種別,
L03-b,2021年度版,2021,L03-b-YY_mmmm.shp,土地利用細分メッシュ,L03b_003,衛星写真撮影年月日,
L03-b-c,2021年度版,2021,L03-b-c-YY_mmmm.shp,土地利用詳細メッシュ,L03b_c_001,メッシュコード,
L03-b-c,2021年度版,2021,L03-b-c-YY_mmmm.shp,土地利用詳細メッシュ,L03b_c_002,土地利用種別,
L03-b-c,2021年度版,2021,L03-b-c-YY_mmmm.shp,土地利用詳細メッシュ,L03b_c_003,衛星写真撮影年月日,
L03-b-c,2021年度版,2021,L03-b-c-YY_mmmm.shp,土地利用詳細メッシュ,L03b_c_004,都市地域範囲,
L03-b-u,2021年度版,2021,L03-b-u-YY_mmmm.shp,都市地域土地利用細分メッシュ,L03b_u_001,メッシュコード,
L03-b-u,2021年度版,2021,L03-b-u-YY_mmmm.shp,都市地域土地利用細分メッシュ,L03b_u_002,土地利用種別,
L03-b-u,2021年度版,2021,L03-b-u-YY_mmmm.shp,都市地域土地利用細分メッシュ,L03b_u_003,衛星写真撮影年月日,
L05-01,2009年度版,2009,L05-1-YY_PP-g_IndustrialComplex.shp,工業用地（ポリゴン）,L05_001,工業用地ID,
L05-01,2009年度版,2009,L05-1-YY_PP-g_IndustrialComplex.shp,工業用地（ポリゴン）,L05_002,工業用地名,
L05-01,2009年度版,2009,L05-1-YY_PP-g_IndustrialComplex.shp,工業用地（ポリゴン）,L05_003,行政区域コード,
L05-01,2009年度版,2009,L05-1-YY_PP-g_IndustrialComplex.shp,工業用地（ポリゴン）,L05_004,市区町村名,
L05-01,2009年度版,2009,L05-1-YY_PP-g_IndustrialComplex.shp,工業用地（ポリゴン）,L05_005,臨海・内陸区分コード,
L05-01,2009年度版,2009,L05-1-YY_PP-g_IndustrialComplex.shp,工業用地（ポリゴン）,L05_006,特記事項,
L05-01,2009年度版,2009,L05-1-YY_PP-g_IndustrialComplex.shp,工業用地（ポリゴン）,L05_007,地区名,
L05-01,2009年度版,2009,L05-1-YY_PP-g_IndustrialComplex.shp,工業用地（ポリゴン）,L05_008,事業主体名,
L05-01,2009年度版,2009,L05-1-YY_PP-g_IndustrialComplex.shp,工業用地（ポリゴン）,L05_009,事業完了年,
L05-01,2009年度版,2009,L05-1-YY_PP-g_IndustrialComplex.shp,工業用地（ポリゴン）,L05_010,全体開発面積,
L05-01,2009年度版,2009,L05-1-YY_PP-g_IndustrialComplex.shp,工業用地（ポリゴン）,L05_011,工業用地面積,
L05-01,2009年度版,2009,L05-1-YY_PP-g_IndustrialComplex.shp,工業用地（ポリゴン）,L05_012,未利用面積,
L05-01,2009年度版,2009,L05-1-YY_PP-g_IndustrialComplex.shp,工業用地（ポリゴン）,L05_013,用途地域コード,
L05-01,2009年度版,2009,L05-1-YY_PP-g_IndustrialComplex.shp,工業用地（ポリゴン）,L05_014,立地企業数,
L05-01,2009年度版,2009,L05-1-YY_PP-g_IndustrialComplex.shp,工業用地（ポリゴン）,L05_015,立地企業名1～10,
L05-02,2009年度版,2009,L05-2-YY_PP-g_IsolatedIndustrialSite.shp,工業用地（ポリゴン）,L05_001,工業用地ID,
L05-02,2009年度版,2009,L05-2-YY_PP-g_IsolatedIndustrialSite.shp,工業用地（ポリゴン）,L05_002,工業用地名,
L05-02,2009年度版,2009,L05-2-YY_PP-g_IsolatedIndustrialSite.shp,工業用地（ポリゴン）,L05_003,行政区域コード,
L05-02,2009年度版,2009,L05-2-YY_PP-g_IsolatedIndustrialSite.shp,工業用地（ポリゴン）,L05_004,市区町村名,
L05-02,2009年度版,2009,L05-2-YY_PP-g_IsolatedIndustrialSite.shp,工業用地（ポリゴン）,L05_005,臨海・内陸区分コード,
L05-02,2009年度版,2009,L05-2-YY_PP-g_IsolatedIndustrialSite.shp,工業用地（ポリゴン）,L05_006,特記事項,
L05-02,2009年度版,2009,L05-2-YY_PP-g_IsolatedIndustrialSite.shp,工業用地（ポリゴン）,L05_016,業種,
N02,2025年度版,2025,N02-YY_RailroadSection.shp,鉄道（ライン）,N02_001,鉄道区分,
N02,2025年度版,2025,N02-YY_RailroadSection.shp,鉄道（ライン）,N02_002,事業者種別,
N02,2025年度版,2025,N02-YY_RailroadSection.shp,鉄道（ライン）,N02_003,路線名,
N02,2025年度版,2025,N02-YY_RailroadSection.shp,鉄道（ライン）,N02_004,運営会社,
N02,2025年度版,2025,N02-YY_Station.shp,鉄道（ライン）,N02_001,鉄道区分,
N02,2025年度版,2025,N02-YY_Station.shp,鉄道（ライン）,N02_002,事業者種別,
N02,2025年度版,2025,N02-YY_Station.shp,鉄道（ライン）,N02_003,路線名,
N02,2025年度版,2025,N02-YY_Station.shp,鉄道（ライン）,N02_004,運営会社,
N02,2025年度版,2025,N02-YY_Station.shp,鉄道（ライン）,N02_005,駅名,
N02,2025年度版,2025,N02-YY_Station.shp,鉄道（ライン）,N02_005c,駅コード,
N02,2025年度版,2025,N02-YY_Station.shp,鉄道（ライン）,N02_005g,グループコード,
N03,2026年版,2026,N03-YYYYMMDD_PP.shp,行政区域（ポリゴン）,N03_001,都道府県名,
N03,2026年版,2026,N03-YYYYMMDD_PP.shp,行政区域（ポリゴン）,N03_002,北海道の振興局名,
N03,2026年版,2026,N03-YYYYMMDD_PP.shp,行政区域（ポリゴン）,N03_003,群名,
N03,2026年版,2026,N03-YYYYMMDD_PP.shp,行政区域（ポリゴン）,N03_004,市区町村名,
N03,2026年版,2026,N03-YYYYMMDD_PP.shp,行政区域（ポリゴン）,N03_005,政令指定都市の行政区域名,
N03,2026年版,2026,N03-YYYYMMDD_PP.shp,行政区域（ポリゴン）,N03_007,全国地方公共団体コード,
N04,2010年度版,2010,N04-YY_mmmm-jgd-g_RoadDensityAndLengthMesh_H22.shp,道路密度・道路延長メッシュ,N04_001,3次メッシュコード,
N04,2010年度版,2010,N04-YY_mmmm-jgd-g_RoadDensityAndLengthMesh_H22.shp,道路密度・道路延長メッシュ,N04_002,3次メッシュの面積,
N04,2010年度版,2010,N04-YY_mmmm-jgd-g_RoadDensityAndLengthMesh_H22.shp,道路密度・道路延長メッシュ,N04_003,1km2当りの道路延長（幅員25.0m）以上）_道路密度_左,
N04,2010年度版,2010,N04-YY_mmmm-jgd-g_RoadDensityAndLengthMesh_H22.shp,道路密度・道路延長メッシュ,N04_004,1km2当りの道路延長（幅員25.0m）以上）_道路密度_上,
N04,2010年度版,2010,N04-YY_mmmm-jgd-g_RoadDensityAndLengthMesh_H22.shp,道路密度・道路延長メッシュ,N04_005,1km2当りの道路延長（幅員25.0m）以上）_道路密度_右,
N04,2010年度版,2010,N04-YY_mmmm-jgd-g_RoadDensityAndLengthMesh_H22.shp,道路密度・道路延長メッシュ,N04_006,1km2当りの道路延長（幅員25.0m）以上）_道路密度_下,
N04,2010年度版,2010,N04-YY_mmmm-jgd-g_RoadDensityAndLengthMesh_H22.shp,道路密度・道路延長メッシュ,N04_007,1km2当りの道路延長（幅員25.0m）以上）_道路延長_実延長,
N04,2010年度版,2010,N04-YY_mmmm-jgd-g_RoadDensityAndLengthMesh_H22.shp,道路密度・道路延長メッシュ,N04_008,1km2当りの道路延長（幅員25.0m）以上）_道路延長_1k㎡,
N04,2010年度版,2010,N04-YY_mmmm-jgd-g_RoadDensityAndLengthMesh_H22.shp,道路密度・道路延長メッシュ,N04_009,1km2当りの道路延長（幅員19.5m以上25.0m未満）_道路密度_左,
N04,2010年度版,2010,N04-YY_mmmm-jgd-g_RoadDensityAndLengthMesh_H22.shp,道路密度・道路延長メッシュ,N04_010,1km2当りの道路延長（幅員19.5m以上25.0m未満）_道路密度_上,
N04,2010年度版,2010,N04-YY_mmmm-jgd-g_RoadDensityAndLengthMesh_H22.shp,道路密度・道路延長メッシュ,N04_011,1km2当りの道路延長（幅員19.5m以上25.0m未満）_道路密度_右,
N04,2010年度版,2010,N04-YY_mmmm-jgd-g_RoadDensityAndLengthMesh_H22.shp,道路密度・道路延長メッシュ,N04_012,1km2当りの道路延長（幅員19.5m以上25.0m未満）_道路密度_下,
N04,2010年度版,2010,N04-YY_mmmm-jgd-g_RoadDensityAndLengthMesh_H22.shp,道路密度・道路延長メッシュ,N04_013,1km2当りの道路延長（幅員19.5m以上25.0m未満）_道路延長_実延長,
N04,2010年度版,2010,N04-YY_mmmm-jgd-g_RoadDensityAndLengthMesh_H22.shp,道路密度・道路延長メッシュ,N04_014,1km2当りの道路延長（幅員19.5m以上25.0m未満）_道路延長_1k㎡,
N04,2010年度版,2010,N04-YY_mmmm-jgd-g_RoadDensityAndLengthMesh_H22.shp,道路密度・道路延長メッシュ,N04_015,1km2当りの道路延長（幅員13.0m（11.0m）以上19.5m未満）_道路密度_左,
N04,2010年度版,2010,N04-YY_mmmm-jgd-g_RoadDensityAndLengthMesh_H22.shp,道路密度・道路延長メッシュ,N04_016,1km2当りの道路延長（幅員13.0m（11.0m）以上19.5m未満）_道路密度_上,
N04,2010年度版,2010,N04-YY_mmmm-jgd-g_RoadDensityAndLengthMesh_H22.shp,道路密度・道路延長メッシュ,N04_017,1km2当りの道路延長（幅員13.0m（11.0m）以上19.5m未満）_道路密度_右,
N04,2010年度版,2010,N04-YY_mmmm-jgd-g_RoadDensityAndLengthMesh_H22.shp,道路密度・道路延長メッシュ,N04_018,1km2当りの道路延長（幅員13.0m（11.0m）以上19.5m未満）_道路密度_下,
N04,2010年度版,2010,N04-YY_mmmm-jgd-g_RoadDensityAndLengthMesh_H22.shp,道路密度・道路延長メッシュ,N04_019,1km2当りの道路延長（幅員13.0m（11.0m）以上19.5m未満）_道路延長_実延長,
N04,2010年度版,2010,N04-YY_mmmm-jgd-g_RoadDensityAndLengthMesh_H22.shp,道路密度・道路延長メッシュ,N04_020,1km2当りの道路延長（幅員13.0m（11.0m）以上19.5m未満）_道路延長_1k㎡,
N04,2010年度版,2010,N04-YY_mmmm-jgd-g_RoadDensityAndLengthMesh_H22.shp,道路密度・道路延長メッシュ,N04_021,1km2当りの道路延長（幅員13.0m（11.0m）以上で幅員不明）_道路密度_左,
N04,2010年度版,2010,N04-YY_mmmm-jgd-g_RoadDensityAndLengthMesh_H22.shp,道路密度・道路延長メッシュ,N04_022,1km2当りの道路延長（幅員13.0m（11.0m）以上で幅員不明）_道路密度_上,
N04,2010年度版,2010,N04-YY_mmmm-jgd-g_RoadDensityAndLengthMesh_H22.shp,道路密度・道路延長メッシュ,N04_023,1km2当りの道路延長（幅員13.0m（11.0m）以上で幅員不明）_道路密度_右,
N04,2010年度版,2010,N04-YY_mmmm-jgd-g_RoadDensityAndLengthMesh_H22.shp,道路密度・道路延長メッシュ,N04_024,1km2当りの道路延長（幅員13.0m（11.0m）以上で幅員不明）_道路密度_下,
N04,2010年度版,2010,N04-YY_mmmm-jgd-g_RoadDensityAndLengthMesh_H22.shp,道路密度・道路延長メッシュ,N04_025,1km2当りの道路延長（幅員13.0m（11.0m）以上で幅員不明）_道路延長_実延長,
N04,2010年度版,2010,N04-YY_mmmm-jgd-g_RoadDensityAndLengthMesh_H22.shp,道路密度・道路延長メッシュ,N04_026,1km2当りの道路延長（幅員13.0m（11.0m）以上で幅員不明）_道路延長_1k㎡,
N04,2010年度版,2010,N04-YY_mmmm-jgd-g_RoadDensityAndLengthMesh_H22.shp,道路密度・道路延長メッシュ,N04_027,1km2当りの道路延長（幅員5.5m以上13.0m（11.0m）未満）_道路密度_左,
N04,2010年度版,2010,N04-YY_mmmm-jgd-g_RoadDensityAndLengthMesh_H22.shp,道路密度・道路延長メッシュ,N04_028,1km2当りの道路延長（幅員5.5m以上13.0m（11.0m）未満）_道路密度_上,
N04,2010年度版,2010,N04-YY_mmmm-jgd-g_RoadDensityAndLengthMesh_H22.shp,道路密度・道路延長メッシュ,N04_029,1km2当りの道路延長（幅員5.5m以上13.0m（11.0m）未満）_道路密度_右,
N04,2010年度版,2010,N04-YY_mmmm-jgd-g_RoadDensityAndLengthMesh_H22.shp,道路密度・道路延長メッシュ,N04_030,1km2当りの道路延長（幅員5.5m以上13.0m（11.0m）未満）_道路密度_下,
N04,2010年度版,2010,N04-YY_mmmm-jgd-g_RoadDensityAndLengthMesh_H22.shp,道路密度・道路延長メッシュ,N04_031,1km2当りの道路延長（幅員5.5m以上13.0m（11.0m）未満）_道路延長_実延長,
N04,2010年度版,2010,N04-YY_mmmm-jgd-g_RoadDensityAndLengthMesh_H22.shp,道路密度・道路延長メッシュ,N04_032,1km2当りの道路延長（幅員5.5m以上13.0m（11.0m）未満）_道路延長_1k㎡,
N04,2010年度版,2010,N04-YY_mmmm-jgd-g_RoadDensityAndLengthMesh_H22.shp,道路密度・道路延長メッシュ,N04_033,1km2当りの道路延長（幅員3.0m（2.5m）以上5.5m未満）_道路密度_左,
N04,2010年度版,2010,N04-YY_mmmm-jgd-g_RoadDensityAndLengthMesh_H22.shp,道路密度・道路延長メッシュ,N04_034,1km2当りの道路延長（幅員3.0m（2.5m）以上5.5m未満）_道路密度_上,
N04,2010年度版,2010,N04-YY_mmmm-jgd-g_RoadDensityAndLengthMesh_H22.shp,道路密度・道路延長メッシュ,N04_035,1km2当りの道路延長（幅員3.0m（2.5m）以上5.5m未満）_道路密度_右,
N04,2010年度版,2010,N04-YY_mmmm-jgd-g_RoadDensityAndLengthMesh_H22.shp,道路密度・道路延長メッシュ,N04_036,1km2当りの道路延長（幅員3.0m（2.5m）以上5.5m未満）_道路密度_下,
N04,2010年度版,2010,N04-YY_mmmm-jgd-g_RoadDensityAndLengthMesh_H22.shp,道路密度・道路延長メッシュ,N04_037,1km2当りの道路延長（幅員3.0m（2.5m）以上5.5m未満）_道路延長_実延長,
N04,2010年度版,2010,N04-YY_mmmm-jgd-g_RoadDensityAndLengthMesh_H22.shp,道路密度・道路延長メッシュ,N04_038,1km2当りの道路延長（幅員3.0m（2.5m）以上5.5m未満）_道路延長_1k㎡,
N04,2010年度版,2010,N04-YY_mmmm-jgd-g_RoadDensityAndLengthMesh_H22.shp,道路密度・道路延長メッシュ,N04_039,1km2当りの道路延長（幅員3.0m（2.5m）未満）_道路密度_左,
N04,2010年度版,2010,N04-YY_mmmm-jgd-g_RoadDensityAndLengthMesh_H22.shp,道路密度・道路延長メッシュ,N04_040,1km2当りの道路延長（幅員3.0m（2.5m）未満）_道路密度_上,
N04,2010年度版,2010,N04-YY_mmmm-jgd-g_RoadDensityAndLengthMesh_H22.shp,道路密度・道路延長メッシュ,N04_041,1km2当りの道路延長（幅員3.0m（2.5m）未満）_道路密度_右,
N04,2010年度版,2010,N04-YY_mmmm-jgd-g_RoadDensityAndLengthMesh_H22.shp,道路密度・道路延長メッシュ,N04_042,1km2当りの道路延長（幅員3.0m（2.5m）未満）_道路密度_下,
N04,2010年度版,2010,N04-YY_mmmm-jgd-g_RoadDensityAndLengthMesh_H22.shp,道路密度・道路延長メッシュ,N04_043,1km2当りの道路延長（幅員3.0m（2.5m）未満）_道路延長_実延長,
N04,2010年度版,2010,N04-YY_mmmm-jgd-g_RoadDensityAndLengthMesh_H22.shp,道路密度・道路延長メッシュ,N04_044,1km2当りの道路延長（幅員3.0m（2.5m）未満）_道路延長_1k㎡,
N04,2010年度版,2010,N04-YY_mmmm-jgd-g_RoadDensityAndLengthMesh_H22.shp,道路密度・道路延長メッシュ,N04_045,1km2当りの道路延長（幅員未調査）_道路密度_左,
N04,2010年度版,2010,N04-YY_mmmm-jgd-g_RoadDensityAndLengthMesh_H22.shp,道路密度・道路延長メッシュ,N04_046,1km2当りの道路延長（幅員未調査）_道路密度_上,
N04,2010年度版,2010,N04-YY_mmmm-jgd-g_RoadDensityAndLengthMesh_H22.shp,道路密度・道路延長メッシュ,N04_047,1km2当りの道路延長（幅員未調査）_道路密度_右,
N04,2010年度版,2010,N04-YY_mmmm-jgd-g_RoadDensityAndLengthMesh_H22.shp,道路密度・道路延長メッシュ,N04_048,1km2当りの道路延長（幅員未調査）_道路密度_下,
N04,2010年度版,2010,N04-YY_mmmm-jgd-g_RoadDensityAndLengthMesh_H22.shp,道路密度・道路延長メッシュ,N04_049,1km2当りの道路延長（幅員未調査）_道路延長_実延長,
N04,2010年度版,2010,N04-YY_mmmm-jgd-g_RoadDensityAndLengthMesh_H22.shp,道路密度・道路延長メッシュ,N04_050,1km2当りの道路延長（幅員未調査）_道路延長_1k㎡,
N04,2010年度版,2010,N04-YY_mmmm-jgd-g_RoadDensityAndLengthMesh_H22.shp,道路密度・道路延長メッシュ,N04_051,1km2当りの道路延長（幅員合計）_道路密度_左,
N04,2010年度版,2010,N04-YY_mmmm-jgd-g_RoadDensityAndLengthMesh_H22.shp,道路密度・道路延長メッシュ,N04_052,1km2当りの道路延長（幅員合計）_道路密度_上,
N04,2010年度版,2010,N04-YY_mmmm-jgd-g_RoadDensityAndLengthMesh_H22.shp,道路密度・道路延長メッシュ,N04_053,1km2当りの道路延長（幅員合計）_道路密度_右,
N04,2010年度版,2010,N04-YY_mmmm-jgd-g_RoadDensityAndLengthMesh_H22.shp,道路密度・道路延長メッシュ,N04_054,1km2当りの道路延長（幅員合計）_道路密度_下,
N04,2010年度版,2010,N04-YY_mmmm-jgd-g_RoadDensityAndLengthMesh_H22.shp,道路密度・道路延長メッシュ,N04_055,1km2当りの道路延長（幅員合計）_道路延長_実延長,
N04,2010年度版,2010,N04-YY_mmmm-jgd-g_RoadDensityAndLengthMesh_H22.shp,道路密度・道路延長メッシュ,N04_056,1km2当りの道路延長（幅員合計）_道路延長_1k㎡,
N05,2025年度版,2025,N05-YY_RailroadSection2.shp,鉄道時系列（ライン）,N05_001,事業者種別,
N05,2025年度版,2025,N05-YY_RailroadSection2.shp,鉄道時系列（ライン）,N05_002,路線名,
N05,2025年度版,2025,N05-YY_RailroadSection2.shp,鉄道時系列（ライン）,N05_003,運営会社,
N05,2025年度版,2025,N05-YY_RailroadSection2.shp,鉄道時系列（ライン）,N05_004,供用開始年,
N05,2025年度版,2025,N05-YY_RailroadSection2.shp,鉄道時系列（ライン）,N05_005b,設置期間（設置開始）,
N05,2025年度版,2025,N05-YY_RailroadSection2.shp,鉄道時系列（ライン）,N05_005e,設置期間（設置終了）,
N05,2025年度版,2025,N05-YY_RailroadSection2.shp,鉄道時系列（ライン）,N05_006,関係ID,
N05,2025年度版,2025,N05-YY_RailroadSection2.shp,鉄道時系列（ライン）,N05_007,変遷ID,
N05,2025年度版,2025,N05-YY_RailroadSection2.shp,鉄道時系列（ライン）,N05_008,変遷備考,
N05,2025年度版,2025,N05-YY_RailroadSection2.shp,鉄道時系列（ライン）,N05_009,備考,
N05,2025年度版,2025,N05-YY_RailroadSection2.shp,鉄道時系列（ライン）,N05_010,関係備考,
N05,2025年度版,2025,N05-YY_Station2.shp,鉄道時系列（ポイント）,N05_001,事業者種別,
N05,2025年度版,2025,N05-YY_Station2.shp,鉄道時系列（ポイント）,N05_002,路線名,
N05,2025年度版,2025,N05-YY_Station2.shp,鉄道時系列（ポイント）,N05_003,運営会社,
N05,2025年度版,2025,N05-YY_Station2.shp,鉄道時系列（ポイント）,N05_004,供用開始年,
N05,2025年度版,2025,N05-YY_Station2.shp,鉄道時系列（ポイント）,N05_005b,設置期間（設置開始）,
N05,2025年度版,2025,N05-YY_Station2.shp,鉄道時系列（ポイント）,N05_005e,設置期間（設置終了）,
N05,2025年度版,2025,N05-YY_Station2.shp,鉄道時系列（ポイント）,N05_006,関係ID,
N05,2025年度版,2025,N05-YY_Station2.shp,鉄道時系列（ポイント）,N05_007,変遷ID,
N05,2025年度版,2025,N05-YY_Station2.shp,鉄道時系列（ポイント）,N05_008,変遷備考,
N05,2025年度版,2025,N05-YY_Station2.shp,鉄道時系列（ポイント）,N05_009,備考,
N05,2025年度版,2025,N05-YY_Station2.shp,鉄道時系列（ポイント）,N05_011,駅名,
N06,2025年版,2025,N06-YY_HighwaySection.shp,高速道路時系列（ライン）,N06_001,供用開始年,
N06,2025年版,2025,N06-YY_HighwaySection.shp,高速道路時系列（ライン）,N06_002,設置期間（開始年）,
N06,2025年版,2025,N06-YY_HighwaySection.shp,高速道路時系列（ライン）,N06_003,設置期間（終了年）,
N06,2025年版,2025,N06-YY_HighwaySection.shp,高速道路時系列（ライン）,N06_004,関係ID,
N06,2025年版,2025,N06-YY_HighwaySection.shp,高速道路時系列（ライン）,N06_005,変遷ID,
N06,2025年版,2025,N06-YY_HighwaySection.shp,高速道路時系列（ライン）,N06_006,変遷備考,
N06,2025年版,2025,N06-YY_HighwaySection.shp,高速道路時系列（ライン）,N06_007,路線名,
N06,2025年版,2025,N06-YY_HighwaySection.shp,高速道路時系列（ライン）,N06_008,路線種別,
N06,2025年版,2025,N06-YY_HighwaySection.shp,高速道路時系列（ライン）,N06_009,供用状況,
N06,2025年版,2025,N06-YY_HighwaySection.shp,高速道路時系列（ライン）,N06_010,車線数,
N06,2025年版,2025,N06-YY_HighwaySection.shp,高速道路時系列（ライン）,N06_011,関係備考,
N06,2025年版,2025,N06-YY_Joint.shp,高速道路時系列（ポイント）,N06_012,供用開始年,
N06,2025年版,2025,N06-YY_Joint.shp,高速道路時系列（ポイント）,N06_013,設置期間（開始年）,
N06,2025年版,2025,N06-YY_Joint.shp,高速道路時系列（ポイント）,N06_014,設置期間（終了年）,
N06,2025年版,2025,N06-YY_Joint.shp,高速道路時系列（ポイント）,N06_015,関係ID,
N06,2025年版,2025,N06-YY_Joint.shp,高速道路時系列（ポイント）,N06_016,変遷ID,
N06,2025年版,2025,N06-YY_Joint.shp,高速道路時系列（ポイント）,N06_017,変遷備考,
N06,2025年版,2025,N06-YY_Joint.shp,高速道路時系列（ポイント）,N06_018,地点名,
N06,2025年版,2025,N06-YY_Joint.shp,高速道路時系列（ポイント）,N06_019,接合部種別,
N07,2022年度版,2022,N07-YY_PP.shp,バスルート（ライン）,N07_001,事業者名,
N07,2022年度版,2022,N07-YY_PP.shp,バスルート（ライン）,N07_002,備考,
N08,2021年度版,2021,N08-YY_Airport.shp,空港時系列（ポリゴン）,N08_001,行政区域コード,
N08,2021年度版,2021,N08-YY_Airport.shp,空港時系列（ポリゴン）,N08_002,空港種別,
N08,2021年度版,2021,N08-YY_Airport.shp,空港時系列（ポリゴン）,N08_003,空港名称,
N08,2021年度版,2021,N08-YY_Airport.shp,空港時系列（ポリゴン）,N08_004,設置者,
N08,2021年度版,2021,N08-YY_Airport.shp,空港時系列（ポリゴン）,N08_005,管理者,
N08,2021年度版,2021,N08-YY_Airport.shp,空港時系列（ポリゴン）,N08_006,滑走路本数,
N08,2021年度版,2021,N08-YY_Airport.shp,空港時系列（ポリゴン）,N08_007,滑走路延長,
N08,2021年度版,2021,N08-YY_Airport.shp,空港時系列（ポリゴン）,N08_008,運用時間（開始）,
N08,2021年度版,2021,N08-YY_Airport.shp,空港時系列（ポリゴン）,N08_009,運用時間（終了）,
N08,2021年度版,2021,N08-YY_Airport.shp,空港時系列（ポリゴン）,N08_010,定期便,
N08,2021年度版,2021,N08-YY_Airport.shp,空港時系列（ポリゴン）,N08_011,ジェット化,
N08,2021年度版,2021,N08-YY_Airport.shp,空港時系列（ポリゴン）,N08_012,供用開始年,
N08,2021年度版,2021,N08-YY_Airport.shp,空港時系列（ポリゴン）,N08_013,供用状況,
N08,2021年度版,2021,N08-YY_Airport.shp,空港時系列（ポリゴン）,N08_014,設置期間（開始年）,
N08,2021年度版,2021,N08-YY_Airport.shp,空港時系列（ポリゴン）,N08_015,設置期間（終了年）,
N08,2021年度版,2021,N08-YY_Airport.shp,空港時系列（ポリゴン）,N08_016,関係ID,
N08,2021年度版,2021,N08-YY_Airport.shp,空港時系列（ポリゴン）,N08_017,変遷ID,
N08,2021年度版,2021,N08-YY_Airport.shp,空港時系列（ポリゴン）,N08_018,変遷備考,
N08,2021年度版,2021,N08-YY_AirportPoint.shp,空港時系列（ポイント）,N08_019,空港名称,
N08,2021年度版,2021,N08-YY_AirportPoint.shp,空港時系列（ポイント）,N08_020,供用開始年,
N08,2021年度版,2021,N08-YY_AirportPoint.shp,空港時系列（ポイント）,N08_021,供用状況,
N08,2021年度版,2021,N08-YY_AirportPoint.shp,空港時系列（ポイント）,N08_022,設置期間（開始年）,
N08,2021年度版,2021,N08-YY_AirportPoint.shp,空港時系列（ポイント）,N08_023,設置期間（終了年）,
N08,2021年度版,2021,N08-YY_AirportPoint.shp,空港時系列（ポイント）,N08_024,関係ID,
N08,2021年度版,2021,N08-YY_AirportPoint.shp,空港時系列（ポイント）,N08_025,備考,
N09,2012年度版,2012,N09-YY_p.shp,定期旅客航路（ポイント）,N09_001,港ID,
N09,2012年度版,2012,N09-YY_p.shp,定期旅客航路（ポイント）,N09_002,都道府県名,
N09,2012年度版,2012,N09-YY_p.shp,定期旅客航路（ポイント）,N09_003,島嶼名,
N09,2012年度版,2012,N09-YY_p.shp,定期旅客航路（ポイント）,N09_004,港名,
N09,2012年度版,2012,N09-YY_l.shp,定期旅客航路（ライン）,N09_005,航路ID,
N09,2012年度版,2012,N09-YY_l.shp,定期旅客航路（ライン）,N09_006,航路名,
N09,2012年度版,2012,N09-YY_l.shp,定期旅客航路（ライン）,N09_007,航路の起終点,
N09,2012年度版,2012,N09-YY_l.shp,定期旅客航路（ライン）,N09_008,航路の総距離,
N09,2012年度版,2012,N09-YY_l.shp,定期旅客航路（ライン）,N09_009,事業者名,
N09,2012年度版,2012,N09-YY_l.shp,定期旅客航路（ライン）,N09_010,航路線ID,
N09,2012年度版,2012,N09-YY_l.shp,定期旅客航路（ライン）,N09_011,港ID1,
N09,2012年度版,2012,N09-YY_l.shp,定期旅客航路（ライン）,N09_012,港1島嶼名,
N09,2012年度版,2012,N09-YY_l.shp,定期旅客航路（ライン）,N09_013,港名1,
N09,2012年度版,2012,N09-YY_l.shp,定期旅客航路（ライン）,N09_014,港ID2,
N09,2012年度版,2012,N09-YY_l.shp,定期旅客航路（ライン）,N09_015,港2島嶼名,
N09,2012年度版,2012,N09-YY_l.shp,定期旅客航路（ライン）,N09_016,港名2,
N09,2012年度版,2012,N09-YY_l.shp,定期旅客航路（ライン）,N09_017,航行している航種（フェリー）,
N09,2012年度版,2012,N09-YY_l.shp,定期旅客航路（ライン）,N09_018,航行している航種（旅客船）,
N09,2012年度版,2012,N09-YY_l.shp,定期旅客航路（ライン）,N09_019,航行している航種（高速船）,
N09,2012年度版,2012,N09-YY_l.shp,定期旅客航路（ライン）,N09_020,航行している航種（ジェットフォイル）,
N09,2012年度版,2012,N09-YY_l.shp,定期旅客航路（ライン）,N09_021,航行している航種（その他）,
N09,2012年度版,2012,N09-YY_l.shp,定期旅客航路（ライン）,N09_022,便数（上り）,
N09,2012年度版,2012,N09-YY_l.shp,定期旅客航路（ライン）,N09_023,便数（下り）,
N09,2012年度版,2012,N09-YY_l.shp,定期旅客航路（ライン）,N09_024,所要時間（最短）,
N09,2012年度版,2012,N09-YY_l.shp,定期旅客航路（ライン）,N09_025,所要時間（最長）,
N09,2012年度版,2012,N09-YY_l.shp,定期旅客航路（ライン）,N09_026,標準ダイヤの運行期間,
N09,2012年度版,2012,N09-YY_l.shp,定期旅客航路（ライン）,N09_027,旅客定員（最大）,
N09,2012年度版,2012,N09-YY_l.shp,定期旅客航路（ライン）,N09_028,旅客定員（最小）,
N09,2012年度版,2012,N09-YY_l.shp,定期旅客航路（ライン）,N09_029,乗用車積載可能車両数,
N09,2012年度版,2012,N09-YY_l.shp,定期旅客航路（ライン）,N09_030,トラック積載可能車両数,
N10,2024年度版,2024,N10-YY_PP.shp,緊急輸送道路（ライン）,N10_001,都道府県コード,
N10,2024年度版,2024,N10-YY_PP.shp,緊急輸送道路（ライン）,N10_002,区分,
N10,2024年度版,2024,N10-YY_PP.shp,緊急輸送道路（ライン）,N10_003,道路種別,
N10,2024年度版,2024,N10-YY_PP.shp,緊急輸送道路（ライン）,N10_004,路線名称,
N10,2024年度版,2024,N10-YY_PP.shp,緊急輸送道路（ライン）,N10_005,任意ID,
N10,2024年度版,2024,N10-YY_PP.shp,緊急輸送道路（ライン）,N10_006,枝ID,
N10,2024年度版,2024,N10-YY_PP.shp,緊急輸送道路（ライン）,N10_007,資料名称,
N10,2024年度版,2024,N10-YY_PP.shp,緊急輸送道路（ライン）,N10_008,資料年月,
N10,2024年度版,2024,N10-YY_PP.shp,緊急輸送道路（ライン）,N10_009,併用状況,
N10,2024年度版,2024,N10-YY_PP.shp,緊急輸送道路（ライン）,N10_010,備考,
N11,2013年度版,2013,N11-YY_PP.shp,ヘリポート（ポイント）,N11_001,名称,
N11,2013年度版,2013,N11-YY_PP.shp,ヘリポート（ポイント）,N11_002,航空法分類,
N11,2013年度版,2013,N11-YY_PP.shp,ヘリポート（ポイント）,N11_003,地域防災計画分類,
N11,2013年度版,2013,N11-YY_PP.shp,ヘリポート（ポイント）,N11_004,都道府県コード,
N11,2013年度版,2013,N11-YY_PP.shp,ヘリポート（ポイント）,N11_005,所在地,
N11,2013年度版,2013,N11-YY_PP.shp,ヘリポート（ポイント）,N11_006,管理者名,
N11,2013年度版,2013,N11-YY_PP.shp,ヘリポート（ポイント）,N11_007,滑走路面積,
N12,2021年度版,2021,N12-YY_PP.shp,重要物流道路（ライン）,N12_001,都道府県コード,
N12,2021年度版,2021,N12-YY_PP.shp,重要物流道路（ライン）,N12_002,区分,
N12,2021年度版,2021,N12-YY_PP.shp,重要物流道路（ライン）,N12_003,道路種別,
N12,2021年度版,2021,N12-YY_PP.shp,重要物流道路（ライン）,N12_004,路線名称,
N12,2021年度版,2021,N12-YY_PP.shp,重要物流道路（ライン）,N12_005,任意ID,
N12,2021年度版,2021,N12-YY_PP.shp,重要物流道路（ライン）,N12_006,枝ID,
N13,2024年度版,2024,N13-24_mmmm.shp,道路（ライン）,N13_001,データ登録日,
N13,2024年度版,2024,N13-24_mmmm.shp,道路（ライン）,N13_002,種別,
N13,2024年度版,2024,N13-24_mmmm.shp,道路（ライン）,N13_003,道路分類,
N13,2024年度版,2024,N13-24_mmmm.shp,道路（ライン）,N13_004,道路状態,
N13,2024年度版,2024,N13-24_mmmm.shp,道路（ライン）,N13_005,階層順,
N13,2024年度版,2024,N13-24_mmmm.shp,道路（ライン）,N13_006,幅員区分,
N13,2024年度版,2024,N13-24_mmmm.shp,道路（ライン）,N13_007,有料区分,
N13,2024年度版,2024,N13-24_mmmm.shp,道路（ライン）,N13_008,二次メッシュ番号,
P02,2006年度版,2006,P02-YY_PP-g_PublicFacility.shp,公共施設（ポイント）,P02_001,行政区域コード,
P02,2006年度版,2006,P02-YY_PP-g_PublicFacility.shp,公共施設（ポイント）,P02_002,公共施設大分類,
P02,2006年度版,2006,P02-YY_PP-g_PublicFacility.shp,公共施設（ポイント）,P02_003,公共施設小分類,
P02,2006年度版,2006,P02-YY_PP-g_PublicFacility.shp,公共施設（ポイント）,P02_004,名称,
P02,2006年度版,2006,P02-YY_PP-g_PublicFacility.shp,公共施設（ポイント）,P02_005,所在地,
P02,2006年度版,2006,P02-YY_PP-g_PublicFacility.shp,公共施設（ポイント）,P02_006,管理者コード,
P02,2006年度版,2006,P02-YY_PP-g_PublicFacility.shp,公共施設（ポイント）,P02_007,原典資料名,
P03,2013年度版,2013,P03-YY-g_GeneralHydroelectricPowerPlant.shp,発電施設（ポイント）,P03_0001,事業者名等,
P03,2013年度版,2013,P03-YY-g_GeneralHydroelectricPowerPlant.shp,発電施設（ポイント）,P03_0002,発電施設名称,
P03,2013年度版,2013,P03-YY-g_GeneralHydroelectricPowerPlant.shp,発電施設（ポイント）,P03_0003,所在地,
P03,2013年度版,2013,P03-YY-g_GeneralHydroelectricPowerPlant.shp,発電施設（ポイント）,P03_0004,既設・建設中区分,
P03,2013年度版,2013,P03-YY-g_GeneralHydroelectricPowerPlant.shp,発電施設（ポイント）,P03_0005,運転開始年月日,
P03,2013年度版,2013,P03-YY-g_GeneralHydroelectricPowerPlant.shp,発電施設（ポイント）,P03_0006,出力,
P03,2013年度版,2013,P03-YY-g_GeneralHydroelectricPowerPlant.shp,発電施設（ポイント）,P03_0007,エネルギー認定 RPS法:認定日,
P03,2013年度版,2013,P03-YY-g_GeneralHydroelectricPowerPlant.shp,発電施設（ポイント）,P03_0008,エネルギー認定 RPS法:発電出力,
P03,2013年度版,2013,P03-YY-g_GeneralHydroelectricPowerPlant.shp,発電施設（ポイント）,P03_0009,エネルギー認定 グリーン発電電力設備:認定日,
P03,2013年度版,2013,P03-YY-g_GeneralHydroelectricPowerPlant.shp,発電施設（ポイント）,P03_0010,エネルギー認定 グリーン発電電力設備:設備容量,
P03,2013年度版,2013,P03-YY-g_GeneralHydroelectricPowerPlant.shp,発電施設（ポイント）,P03_0101,一般水力発電施設 水系名,
P03,2013年度版,2013,P03-YY-g_GeneralHydroelectricPowerPlant.shp,発電施設（ポイント）,P03_0102,一般水力発電施設 型式,
P03,2013年度版,2013,P03-YY-g_PumpedStorageHydroelectricPlant.shp,発電施設（ポイント）,P03_0001,事業者名等,
P03,2013年度版,2013,P03-YY-g_PumpedStorageHydroelectricPlant.shp,発電施設（ポイント）,P03_0002,発電施設名称,
P03,2013年度版,2013,P03-YY-g_PumpedStorageHydroelectricPlant.shp,発電施設（ポイント）,P03_0003,所在地,
P03,2013年度版,2013,P03-YY-g_PumpedStorageHydroelectricPlant.shp,発電施設（ポイント）,P03_0004,既設・建設中区分,
P03,2013年度版,2013,P03-YY-g_PumpedStorageHydroelectricPlant.shp,発電施設（ポイント）,P03_0005,運転開始年月日,
P03,2013年度版,2013,P03-YY-g_PumpedStorageHydroelectricPlant.shp,発電施設（ポイント）,P03_0006,出力,
P03,2013年度版,2013,P03-YY-g_PumpedStorageHydroelectricPlant.shp,発電施設（ポイント）,P03_0007,エネルギー認定 RPS法:認定日,
P03,2013年度版,2013,P03-YY-g_PumpedStorageHydroelectricPlant.shp,発電施設（ポイント）,P03_0008,エネルギー認定 RPS法:発電出力,
P03,2013年度版,2013,P03-YY-g_PumpedStorageHydroelectricPlant.shp,発電施設（ポイント）,P03_0009,エネルギー認定 グリーン発電電力設備:認定日,
P03,2013年度版,2013,P03-YY-g_PumpedStorageHydroelectricPlant.shp,発電施設（ポイント）,P03_0010,エネルギー認定 グリーン発電電力設備:設備容量,
P03,2013年度版,2013,P03-YY-g_PumpedStorageHydroelectricPlant.shp,発電施設（ポイント）,P03_0201,揚水式発電施設 水系名,
P03,2013年度版,2013,P03-YY-g_PumpedStorageHydroelectricPlant.shp,発電施設（ポイント）,P03_0202,揚水式発電施設 最大使用水量,
P03,2013年度版,2013,P03-YY-g_PumpedStorageHydroelectricPlant.shp,発電施設（ポイント）,P03_0203,揚水式発電施設 最大有効落差,
P03,2013年度版,2013,P03-YY-g_PumpedStorageHydroelectricPlant.shp,発電施設（ポイント）,P03_0204,揚水式発電施設 上池,
P03,2013年度版,2013,P03-YY-g_PumpedStorageHydroelectricPlant.shp,発電施設（ポイント）,P03_0205,揚水式発電施設 下池,
P03,2013年度版,2013,P03-YY-g_PumpedStorageHydroelectricPlant.shp,発電施設（ポイント）,P03_0206,揚水式発電施設 水車容量,
P03,2013年度版,2013,P03-YY-g_PumpedStorageHydroelectricPlant.shp,発電施設（ポイント）,P03_0207,揚水式発電施設 水車形式,
P03,2013年度版,2013,P03-YY-g_PumpedStorageHydroelectricPlant.shp,発電施設（ポイント）,P03_0208,揚水式発電施設 水車台数,
P03,2013年度版,2013,P03-YY-g_PumpedStorageHydroelectricPlant.shp,発電施設（ポイント）,P03_0209,揚水式発電施設 水力原動力,
P03,2013年度版,2013,P03-YY-g_PondInformation.shp,発電施設（ポイント）,P03_0301,池情報 ID,
P03,2013年度版,2013,P03-YY-g_PondInformation.shp,発電施設（ポイント）,P03_0302,池情報 名称,
P03,2013年度版,2013,P03-YY-g_PondInformation.shp,発電施設（ポイント）,P03_0303,池情報 有効容量,
P03,2013年度版,2013,P03-YY-g_PondInformation.shp,発電施設（ポイント）,P03_0304,池情報 利用水深,
P03,2013年度版,2013,P03-YY-g_ThermalPowerPlant.shp,発電施設（ポイント）,P03_0001,事業者名等,
P03,2013年度版,2013,P03-YY-g_ThermalPowerPlant.shp,発電施設（ポイント）,P03_0002,発電施設名称,
P03,2013年度版,2013,P03-YY-g_ThermalPowerPlant.shp,発電施設（ポイント）,P03_0003,所在地,
P03,2013年度版,2013,P03-YY-g_ThermalPowerPlant.shp,発電施設（ポイント）,P03_0004,既設・建設中区分,
P03,2013年度版,2013,P03-YY-g_ThermalPowerPlant.shp,発電施設（ポイント）,P03_0005,運転開始年月日,
P03,2013年度版,2013,P03-YY-g_ThermalPowerPlant.shp,発電施設（ポイント）,P03_0006,出力,
P03,2013年度版,2013,P03-YY-g_ThermalPowerPlant.shp,発電施設（ポイント）,P03_0007,エネルギー認定 RPS法:認定日,
P03,2013年度版,2013,P03-YY-g_ThermalPowerPlant.shp,発電施設（ポイント）,P03_0008,エネルギー認定 RPS法:発電出力,
P03,2013年度版,2013,P03-YY-g_ThermalPowerPlant.shp,発電施設（ポイント）,P03_0009,エネルギー認定 グリーン発電電力設備:認定日,
P03,2013年度版,2013,P03-YY-g_ThermalPowerPlant.shp,発電施設（ポイント）,P03_0010,エネルギー認定 グリーン発電電力設備:設備容量,
P03,2013年度版,2013,P03-YY-g_ThermalPowerPlant.shp,発電施設（ポイント）,P03_0401,火力発電施設 号機,
P03,2013年度版,2013,P03-YY-g_ThermalPowerPlant.shp,発電施設（ポイント）,P03_0402,火力発電施設 転換年月,
P03,2013年度版,2013,P03-YY-g_ThermalPowerPlant.shp,発電施設（ポイント）,P03_0403,火力発電施設 専・混焼の別,
P03,2013年度版,2013,P03-YY-g_ThermalPowerPlant.shp,発電施設（ポイント）,P03_0404,火力発電施設 火力原動力,
P03,2013年度版,2013,P03-YY-g_ThermalPowerPlant.shp,発電施設（ポイント）,P03_0405,火力発電施設 混焼含有物,
P03,2013年度版,2013,P03-YY-g_ThermalPowerPlant.shp,発電施設（ポイント）,P03_0406,火力発電施設 排煙脱硫装置:脱硫方式,
P03,2013年度版,2013,P03-YY-g_ThermalPowerPlant.shp,発電施設（ポイント）,P03_0407,火力発電施設 排煙脱硫装置:処理ガス量,
P03,2013年度版,2013,P03-YY-g_ThermalPowerPlant.shp,発電施設（ポイント）,P03_0408,火力発電施設 排煙脱硫装置:比率,
P03,2013年度版,2013,P03-YY-g_ThermalPowerPlant.shp,発電施設（ポイント）,P03_0409,火力発電施設 排煙脱硝装置:処理ガス量,
P03,2013年度版,2013,P03-YY-g_ThermalPowerPlant.shp,発電施設（ポイント）,P03_0410,火力発電施設 排煙脱硝装置:比率,
P03,2013年度版,2013,P03-YY-g_GeothermalPowerPlant.shp,発電施設（ポイント）,P03_0001,事業者名等,
P03,2013年度版,2013,P03-YY-g_GeothermalPowerPlant.shp,発電施設（ポイント）,P03_0002,発電施設名称,
P03,2013年度版,2013,P03-YY-g_GeothermalPowerPlant.shp,発電施設（ポイント）,P03_0003,所在地,
P03,2013年度版,2013,P03-YY-g_GeothermalPowerPlant.shp,発電施設（ポイント）,P03_0004,既設・建設中区分,
P03,2013年度版,2013,P03-YY-g_GeothermalPowerPlant.shp,発電施設（ポイント）,P03_0005,運転開始年月日,
P03,2013年度版,2013,P03-YY-g_GeothermalPowerPlant.shp,発電施設（ポイント）,P03_0006,出力,
P03,2013年度版,2013,P03-YY-g_GeothermalPowerPlant.shp,発電施設（ポイント）,P03_0007,エネルギー認定 RPS法:認定日,
P03,2013年度版,2013,P03-YY-g_GeothermalPowerPlant.shp,発電施設（ポイント）,P03_0008,エネルギー認定 RPS法:発電出力,
P03,2013年度版,2013,P03-YY-g_GeothermalPowerPlant.shp,発電施設（ポイント）,P03_0009,エネルギー認定 グリーン発電電力設備:認定日,
P03,2013年度版,2013,P03-YY-g_GeothermalPowerPlant.shp,発電施設（ポイント）,P03_0010,エネルギー認定 グリーン発電電力設備:設備容量,
P03,2013年度版,2013,P03-YY-g_GeothermalPowerPlant.shp,発電施設（ポイント）,P03_0501,地熱発電施設 蒸気供給部門,
P03,2013年度版,2013,P03-YY-g_GeothermalPowerPlant.shp,発電施設（ポイント）,P03_0502,地熱発電施設 号機,
P03,2013年度版,2013,P03-YY-g_NuclearPowerPlant.shp,発電施設（ポイント）,P03_0001,事業者名等,
P03,2013年度版,2013,P03-YY-g_NuclearPowerPlant.shp,発電施設（ポイント）,P03_0002,発電施設名称,
P03,2013年度版,2013,P03-YY-g_NuclearPowerPlant.shp,発電施設（ポイント）,P03_0003,所在地,
P03,2013年度版,2013,P03-YY-g_NuclearPowerPlant.shp,発電施設（ポイント）,P03_0004,既設・建設中区分,
P03,2013年度版,2013,P03-YY-g_NuclearPowerPlant.shp,発電施設（ポイント）,P03_0005,運転開始年月日,
P03,2013年度版,2013,P03-YY-g_NuclearPowerPlant.shp,発電施設（ポイント）,P03_0006,出力,
P03,2013年度版,2013,P03-YY-g_NuclearPowerPlant.shp,発電施設（ポイント）,P03_0007,エネルギー認定 RPS法:認定日,
P03,2013年度版,2013,P03-YY-g_NuclearPowerPlant.shp,発電施設（ポイント）,P03_0008,エネルギー認定 RPS法:発電出力,
P03,2013年度版,2013,P03-YY-g_NuclearPowerPlant.shp,発電施設（ポイント）,P03_0009,エネルギー認定 グリーン発電電力設備:認定日,
P03,2013年度版,2013,P03-YY-g_NuclearPowerPlant.shp,発電施設（ポイント）,P03_0010,エネルギー認定 グリーン発電電力設備:設備容量,
P03,2013年度版,2013,P03-YY-g_NuclearPowerPlant.shp,発電施設（ポイント）,P03_0601,原子力発電施設 号機,
P03,2013年度版,2013,P03-YY-g_NuclearPowerPlant.shp,発電施設（ポイント）,P03_0602,原子力発電施設 炉型,
P03,2013年度版,2013,P03-YY-g_NuclearPowerPlant.shp,発電施設（ポイント）,P03_0603,原子力発電施設 電源開発基本計画 組入年月,
P03,2013年度版,2013,P03-YY-g_NuclearPowerPlant.shp,発電施設（ポイント）,P03_0604,原子力発電施設 原子炉設置許可年月日,
P03,2013年度版,2013,P03-YY-g_NuclearPowerPlant.shp,発電施設（ポイント）,P03_0605,原子力発電施設 第一回工事計画認可年月,
P03,2013年度版,2013,P03-YY-g_WindPowerPlant.shp,発電施設（ポイント）,P03_0001,事業者名等,
P03,2013年度版,2013,P03-YY-g_WindPowerPlant.shp,発電施設（ポイント）,P03_0002,発電施設名称,
P03,2013年度版,2013,P03-YY-g_WindPowerPlant.shp,発電施設（ポイント）,P03_0003,所在地,
P03,2013年度版,2013,P03-YY-g_WindPowerPlant.shp,発電施設（ポイント）,P03_0004,既設・建設中区分,
P03,2013年度版,2013,P03-YY-g_WindPowerPlant.shp,発電施設（ポイント）,P03_0005,運転開始年月日,
P03,2013年度版,2013,P03-YY-g_WindPowerPlant.shp,発電施設（ポイント）,P03_0006,出力,
P03,2013年度版,2013,P03-YY-g_WindPowerPlant.shp,発電施設（ポイント）,P03_0007,エネルギー認定 RPS法:認定日,
P03,2013年度版,2013,P03-YY-g_WindPowerPlant.shp,発電施設（ポイント）,P03_0008,エネルギー認定 RPS法:発電出力,
P03,2013年度版,2013,P03-YY-g_WindPowerPlant.shp,発電施設（ポイント）,P03_0009,エネルギー認定 グリーン発電電力設備:認定日,
P03,2013年度版,2013,P03-YY-g_WindPowerPlant.shp,発電施設（ポイント）,P03_0010,エネルギー認定 グリーン発電電力設備:設備容量,
P03,2013年度版,2013,P03-YY-g_WindPowerPlant.shp,発電施設（ポイント）,P03_0701,風力発電施設 号機,
P03,2013年度版,2013,P03-YY-g_PhotovoltaicPowerPlant.shp,発電施設（ポイント）,P03_0001,事業者名等,
P03,2013年度版,2013,P03-YY-g_PhotovoltaicPowerPlant.shp,発電施設（ポイント）,P03_0002,発電施設名称,
P03,2013年度版,2013,P03-YY-g_PhotovoltaicPowerPlant.shp,発電施設（ポイント）,P03_0003,所在地,
P03,2013年度版,2013,P03-YY-g_PhotovoltaicPowerPlant.shp,発電施設（ポイント）,P03_0004,既設・建設中区分,
P03,2013年度版,2013,P03-YY-g_PhotovoltaicPowerPlant.shp,発電施設（ポイント）,P03_0005,運転開始年月日,
P03,2013年度版,2013,P03-YY-g_PhotovoltaicPowerPlant.shp,発電施設（ポイント）,P03_0006,出力,
P03,2013年度版,2013,P03-YY-g_PhotovoltaicPowerPlant.shp,発電施設（ポイント）,P03_0007,エネルギー認定 RPS法:認定日,
P03,2013年度版,2013,P03-YY-g_PhotovoltaicPowerPlant.shp,発電施設（ポイント）,P03_0008,エネルギー認定 RPS法:発電出力,
P03,2013年度版,2013,P03-YY-g_PhotovoltaicPowerPlant.shp,発電施設（ポイント）,P03_0009,エネルギー認定 グリーン発電電力設備:認定日,
P03,2013年度版,2013,P03-YY-g_PhotovoltaicPowerPlant.shp,発電施設（ポイント）,P03_0010,エネルギー認定 グリーン発電電力設備:設備容量,
P03,2013年度版,2013,P03-YY-g_PhotovoltaicPowerPlant.shp,発電施設（ポイント）,P03_0801,太陽光発電施設 号機,
P03,2013年度版,2013,P03-YY-g_BiomassPowerStation.shp,発電施設（ポイント）,P03_0001,事業者名等,
P03,2013年度版,2013,P03-YY-g_BiomassPowerStation.shp,発電施設（ポイント）,P03_0002,発電施設名称,
P03,2013年度版,2013,P03-YY-g_BiomassPowerStation.shp,発電施設（ポイント）,P03_0003,所在地,
P03,2013年度版,2013,P03-YY-g_BiomassPowerStation.shp,発電施設（ポイント）,P03_0004,既設・建設中区分,
P03,2013年度版,2013,P03-YY-g_BiomassPowerStation.shp,発電施設（ポイント）,P03_0005,運転開始年月日,
P03,2013年度版,2013,P03-YY-g_BiomassPowerStation.shp,発電施設（ポイント）,P03_0006,出力,
P03,2013年度版,2013,P03-YY-g_BiomassPowerStation.shp,発電施設（ポイント）,P03_0007,エネルギー認定 RPS法:認定日,
P03,2013年度版,2013,P03-YY-g_BiomassPowerStation.shp,発電施設（ポイント）,P03_0008,エネルギー認定 RPS法:発電出力,
P03,2013年度版,2013,P03-YY-g_BiomassPowerStation.shp,発電施設（ポイント）,P03_0009,エネルギー認定 グリーン発電電力設備:認定日,
P03,2013年度版,2013,P03-YY-g_BiomassPowerStation.shp,発電施設（ポイント）,P03_0010,エネルギー認定 グリーン発電電力設備:設備容量,
P03,2013年度版,2013,P03-YY-g_BiomassPowerStation.shp,発電施設（ポイント）,P03_0901,バイオマス発電施設 種別,
P03,2013年度版,2013,P03-YY-g_PowerPlantComplex.shp,発電施設（ポイント）,P03_0001,事業者名等,
P03,2013年度版,2013,P03-YY-g_PowerPlantComplex.shp,発電施設（ポイント）,P03_0002,発電施設名称,
P03,2013年度版,2013,P03-YY-g_PowerPlantComplex.shp,発電施設（ポイント）,P03_0003,所在地,
P03,2013年度版,2013,P03-YY-g_PowerPlantComplex.shp,発電施設（ポイント）,P03_0004,既設・建設中区分,
P03,2013年度版,2013,P03-YY-g_PowerPlantComplex.shp,発電施設（ポイント）,P03_0005,運転開始年月日,
P03,2013年度版,2013,P03-YY-g_PowerPlantComplex.shp,発電施設（ポイント）,P03_0006,出力,
P03,2013年度版,2013,P03-YY-g_PowerPlantComplex.shp,発電施設（ポイント）,P03_0007,エネルギー認定 RPS法:認定日,
P03,2013年度版,2013,P03-YY-g_PowerPlantComplex.shp,発電施設（ポイント）,P03_0008,エネルギー認定 RPS法:発電出力,
P03,2013年度版,2013,P03-YY-g_PowerPlantComplex.shp,発電施設（ポイント）,P03_0009,エネルギー認定 グリーン発電電力設備:認定日,
P03,2013年度版,2013,P03-YY-g_PowerPlantComplex.shp,発電施設（ポイント）,P03_0010,エネルギー認定 グリーン発電電力設備:設備容量,
P04,2020年度版,2020,P04-YY_PP.shp,医療機関（ポイント）,P04_001,医療機関分類,
P04,2020年度版,2020,P04-YY_PP.shp,医療機関（ポイント）,P04_002,施設名称,
P04,2020年度版,2020,P04-YY_PP.shp,医療機関（ポイント）,P04_003,所在地,
P04,2020年度版,2020,P04-YY_PP.shp,医療機関（ポイント）,P04_004,診療科目１,
P04,2020年度版,2020,P04-YY_PP.shp,医療機関（ポイント）,P04_005,診療科目２,
P04,2020年度版,2020,P04-YY_PP.shp,医療機関（ポイント）,P04_006,診療科目３,
P04,2020年度版,2020,P04-YY_PP.shp,医療機関（ポイント）,P04_007,開設者分類,
P04,2020年度版,2020,P04-YY_PP.shp,医療機関（ポイント）,P04_008,病床数,
P04,2020年度版,2020,P04-YY_PP.shp,医療機関（ポイント）,P04_009,救急告示病院,
P04,2020年度版,2020,P04-YY_PP.shp,医療機関（ポイント）,P04_010,災害拠点病院,
P05,2022年度版,2022,P05-YY_PP-g_LocalGovernmentOfficeAndPublicMeetingFacility.shp,市町村役場等及び公的集会施設（ポイント）,P05_001,行政区域コード,
P05,2022年度版,2022,P05-YY_PP-g_LocalGovernmentOfficeAndPublicMeetingFacility.shp,市町村役場等及び公的集会施設（ポイント）,P05_002,施設分類,
P05,2022年度版,2022,P05-YY_PP-g_LocalGovernmentOfficeAndPublicMeetingFacility.shp,市町村役場等及び公的集会施設（ポイント）,P05_003,名称,
P05,2022年度版,2022,P05-YY_PP-g_LocalGovernmentOfficeAndPublicMeetingFacility.shp,市町村役場等及び公的集会施設（ポイント）,P05_004,所在地,
P07,2016年度版,2016,P07-YY_PP.shp,燃料給油所（ポイント）,P07_001,所在地,
P07,2016年度版,2016,P07-YY_PP.shp,燃料給油所（ポイント）,P07_002,店舗分類コード,
P09,2010年度版,2010,P09-YY_mmmm-jgd-g_AccommodationCapacityMesh.shp,宿泊容量メッシュ,P09_001,3次メッシュコード,
P09,2010年度版,2010,P09-YY_mmmm-jgd-g_AccommodationCapacityMesh.shp,宿泊容量メッシュ,P09_002,施設数（ホテル）,
P09,2010年度版,2010,P09-YY_mmmm-jgd-g_AccommodationCapacityMesh.shp,宿泊容量メッシュ,P09_003,施設数（旅館）,
P09,2010年度版,2010,P09-YY_mmmm-jgd-g_AccommodationCapacityMesh.shp,宿泊容量メッシュ,P09_004,施設数（公共宿泊施設）,
P09,2010年度版,2010,P09-YY_mmmm-jgd-g_AccommodationCapacityMesh.shp,宿泊容量メッシュ,P09_005,施設数（民宿）,
P09,2010年度版,2010,P09-YY_mmmm-jgd-g_AccommodationCapacityMesh.shp,宿泊容量メッシュ,P09_006,施設数（ペンション）,
P09,2010年度版,2010,P09-YY_mmmm-jgd-g_AccommodationCapacityMesh.shp,宿泊容量メッシュ,P09_007,施設数（宿坊）,
P09,2010年度版,2010,P09-YY_mmmm-jgd-g_AccommodationCapacityMesh.shp,宿泊容量メッシュ,P09_008,施設数（コテージ・貸し別荘・山荘）,
P09,2010年度版,2010,P09-YY_mmmm-jgd-g_AccommodationCapacityMesh.shp,宿泊容量メッシュ,P09_009,施設数（ユースホステル）,
P09,2010年度版,2010,P09-YY_mmmm-jgd-g_AccommodationCapacityMesh.shp,宿泊容量メッシュ,P09_010,施設数（カプセルホテル）,
P09,2010年度版,2010,P09-YY_mmmm-jgd-g_AccommodationCapacityMesh.shp,宿泊容量メッシュ,P09_011,施設数（研修センター）,
P09,2010年度版,2010,P09-YY_mmmm-jgd-g_AccommodationCapacityMesh.shp,宿泊容量メッシュ,P09_012,施設総数,
P09,2010年度版,2010,P09-YY_mmmm-jgd-g_AccommodationCapacityMesh.shp,宿泊容量メッシュ,P09_013,収容人数,
P09,2010年度版,2010,P09-YY_mmmm-jgd-g_AccommodationCapacityMesh.shp,宿泊容量メッシュ,P09_014,客室数,
P11,2022年度版,2022,P11-YY_PP.shp,バス停留所（ポイント）,P11_001,バス停名,
P11,2022年度版,2022,P11-YY_PP.shp,バス停留所（ポイント）,P11_002,バス事業者名,
P11,2022年度版,2022,P11-YY_PP.shp,バス停留所（ポイント）,P11_003_01,バス系統1,
P11,2022年度版,2022,P11-YY_PP.shp,バス停留所（ポイント）,P11_003_02,バス系統2,
P11,2022年度版,2022,P11-YY_PP.shp,バス停留所（ポイント）,P11_003_03,バス系統3,
P11,2022年度版,2022,P11-YY_PP.shp,バス停留所（ポイント）,P11_003_04,バス系統4,
P11,2022年度版,2022,P11-YY_PP.shp,バス停留所（ポイント）,P11_003_05,バス系統5,
P11,2022年度版,2022,P11-YY_PP.shp,バス停留所（ポイント）,P11_003_06,バス系統6,
P11,2022年度版,2022,P11-YY_PP.shp,バス停留所（ポイント）,P11_003_07,バス系統7,
P11,2022年度版,2022,P11-YY_PP.shp,バス停留所（ポイント）,P11_003_08,バス系統8,
P11,2022年度版,2022,P11-YY_PP.shp,バス停留所（ポイント）,P11_003_09,バス系統9,
P11,2022年度版,2022,P11-YY_PP.shp,バス停留所（ポイント）,P11_003_10,バス系統10,
P11,2022年度版,2022,P11-YY_PP.shp,バス停留所（ポイント）,P11_003_11,バス系統11,
P11,2022年度版,2022,P11-YY_PP.shp,バス停留所（ポイント）,P11_003_12,バス系統12,
P11,2022年度版,2022,P11-YY_PP.shp,バス停留所（ポイント）,P11_003_13,バス系統13,
P11,2022年度版,2022,P11-YY_PP.shp,バス停留所（ポイント）,P11_003_14,バス系統14,
P11,2022年度版,2022,P11-YY_PP.shp,バス停留所（ポイント）,P11_003_15,バス系統15,
P11,2022年度版,2022,P11-YY_PP.shp,バス停留所（ポイント）,P11_003_16,バス系統16,
P11,2022年度版,2022,P11-YY_PP.shp,バス停留所（ポイント）,P11_003_17,バス系統17,
P11,2022年度版,2022,P11-YY_PP.shp,バス停留所（ポイント）,P11_003_18,バス系統18,
P11,2022年度版,2022,P11-YY_PP.shp,バス停留所（ポイント）,P11_003_19,バス系統19,
P11,2022年度版,2022,P11-YY_PP.shp,バス停留所（ポイント）,P11_003_20,バス系統20,
P11,2022年度版,2022,P11-YY_PP.shp,バス停留所（ポイント）,P11_003_21,バス系統21,
P11,2022年度版,2022,P11-YY_PP.shp,バス停留所（ポイント）,P11_003_22,バス系統22,
P11,2022年度版,2022,P11-YY_PP.shp,バス停留所（ポイント）,P11_003_23,バス系統23,
P11,2022年度版,2022,P11-YY_PP.shp,バス停留所（ポイント）,P11_003_24,バス系統24,
P11,2022年度版,2022,P11-YY_PP.shp,バス停留所（ポイント）,P11_003_25,バス系統25,
P11,2022年度版,2022,P11-YY_PP.shp,バス停留所（ポイント）,P11_003_26,バス系統26,
P11,2022年度版,2022,P11-YY_PP.shp,バス停留所（ポイント）,P11_003_27,バス系統27,
P11,2022年度版,2022,P11-YY_PP.shp,バス停留所（ポイント）,P11_003_28,バス系統28,
P11,2022年度版,2022,P11-YY_PP.shp,バス停留所（ポイント）,P11_003_29,バス系統29,
P11,2022年度版,2022,P11-YY_PP.shp,バス停留所（ポイント）,P11_003_30,バス系統30,
P11,2022年度版,2022,P11-YY_PP.shp,バス停留所（ポイント）,P11_003_31,バス系統31,
P11,2022年度版,2022,P11-YY_PP.shp,バス停留所（ポイント）,P11_003_32,バス系統32,
P11,2022年度版,2022,P11-YY_PP.shp,バス停留所（ポイント）,P11_003_33,バス系統33,
P11,2022年度版,2022,P11-YY_PP.shp,バス停留所（ポイント）,P11_003_34,バス系統34,
P11,2022年度版,2022,P11-YY_PP.shp,バス停留所（ポイント）,P11_003_35,バス系統35,
P11,2022年度版,2022,P11-YY_PP.shp,バス停留所（ポイント）,P11_004_01,バス区分コード1,
P11,2022年度版,2022,P11-YY_PP.shp,バス停留所（ポイント）,P11_004_02,バス区分コード2,
P11,2022年度版,2022,P11-YY_PP.shp,バス停留所（ポイント）,P11_004_03,バス区分コード3,
P11,2022年度版,2022,P11-YY_PP.shp,バス停留所（ポイント）,P11_004_04,バス区分コード4,
P11,2022年度版,2022,P11-YY_PP.shp,バス停留所（ポイント）,P11_004_05,バス区分コード5,
P11,2022年度版,2022,P11-YY_PP.shp,バス停留所（ポイント）,P11_004_06,バス区分コード6,
P11,2022年度版,2022,P11-YY_PP.shp,バス停留所（ポイント）,P11_004_07,バス区分コード7,
P11,2022年度版,2022,P11-YY_PP.shp,バス停留所（ポイント）,P11_004_08,バス区分コード8,
P11,2022年度版,2022,P11-YY_PP.shp,バス停留所（ポイント）,P11_004_09,バス区分コード9,
P11,2022年度版,2022,P11-YY_PP.shp,バス停留所（ポイント）,P11_004_10,バス区分コード10,
P11,2022年度版,2022,P11-YY_PP.shp,バス停留所（ポイント）,P11_004_11,バス区分コード11,
P11,2022年度版,2022,P11-YY_PP.shp,バス停留所（ポイント）,P11_004_12,バス区分コード12,
P11,2022年度版,2022,P11-YY_PP.shp,バス停留所（ポイント）,P11_004_13,バス区分コード13,
P11,2022年度版,2022,P11-YY_PP.shp,バス停留所（ポイント）,P11_004_14,バス区分コード14,
P11,2022年度版,2022,P11-YY_PP.shp,バス停留所（ポイント）,P11_004_15,バス区分コード15,
P11,2022年度版,2022,P11-YY_PP.shp,バス停留所（ポイント）,P11_004_16,バス区分コード16,
P11,2022年度版,2022,P11-YY_PP.shp,バス停留所（ポイント）,P11_004_17,バス区分コード17,
P11,2022年度版,2022,P11-YY_PP.shp,バス停留所（ポイント）,P11_004_18,バス区分コード18,
P11,2022年度版,2022,P11-YY_PP.shp,バス停留所（ポイント）,P11_004_19,バス区分コード19,
P11,2022年度版,2022,P11-YY_PP.shp,バス停留所（ポイント）,P11_004_20,バス区分コード20,
P11,2022年度版,2022,P11-YY_PP.shp,バス停留所（ポイント）,P11_004_21,バス区分コード21,
P11,2022年度版,2022,P11-YY_PP.shp,バス停留所（ポイント）,P11_004_22,バス区分コード22,
P11,2022年度版,2022,P11-YY_PP.shp,バス停留所（ポイント）,P11_004_23,バス区分コード23,
P11,2022年度版,2022,P11-YY_PP.shp,バス停留所（ポイント）,P11_004_24,バス区分コード24,
P11,2022年度版,2022,P11-YY_PP.shp,バス停留所（ポイント）,P11_004_25,バス区分コード25,
P11,2022年度版,2022,P11-YY_PP.shp,バス停留所（ポイント）,P11_004_26,バス区分コード26,
P11,2022年度版,2022,P11-YY_PP.shp,バス停留所（ポイント）,P11_004_27,バス区分コード27,
P11,2022年度版,2022,P11-YY_PP.shp,バス停留所（ポイント）,P11_004_28,バス区分コード28,
P11,2022年度版,2022,P11-YY_PP.shp,バス停留所（ポイント）,P11_004_29,バス区分コード29,
P11,2022年度版,2022,P11-YY_PP.shp,バス停留所（ポイント）,P11_004_30,バス区分コード30,
P11,2022年度版,2022,P11-YY_PP.shp,バス停留所（ポイント）,P11_004_31,バス区分コード31,
P11,2022年度版,2022,P11-YY_PP.shp,バス停留所（ポイント）,P11_004_32,バス区分コード32,
P11,2022年度版,2022,P11-YY_PP.shp,バス停留所（ポイント）,P11_004_33,バス区分コード33,
P11,2022年度版,2022,P11-YY_PP.shp,バス停留所（ポイント）,P11_004_34,バス区分コード34,
P11,2022年度版,2022,P11-YY_PP.shp,バス停留所（ポイント）,P11_004_35,バス区分コード35,
P11,2022年度版,2022,P11-YY_PP.shp,バス停留所（ポイント）,P11_005,備考,
P12,2014年度版,2014,P12c-YY_PP.shp,観光資源（ポリゴン）,P12_001,観光資源_ID,
P12,2014年度版,2014,P12c-YY_PP.shp,観光資源（ポリゴン）,P12_002,観光資源名,
P12,2014年度版,2014,P12c-YY_PP.shp,観光資源（ポリゴン）,P12_003,都道府県コード,
P12,2014年度版,2014,P12c-YY_PP.shp,観光資源（ポリゴン）,P12_004,行政区域コード,
P12,2014年度版,2014,P12c-YY_PP.shp,観光資源（ポリゴン）,P12_005,種別名称,
P12,2014年度版,2014,P12c-YY_PP.shp,観光資源（ポリゴン）,P12_006,所在地住所,
P12,2014年度版,2014,P12c-YY_PP.shp,観光資源（ポリゴン）,P12_007,観光資源分類コード,
P12,2014年度版,2014,P12b-YY_PP.shp,観光資源（ライン）,P12_001,観光資源_ID,
P12,2014年度版,2014,P12b-YY_PP.shp,観光資源（ライン）,P12_002,観光資源名,
P12,2014年度版,2014,P12b-YY_PP.shp,観光資源（ライン）,P12_003,都道府県コード,
P12,2014年度版,2014,P12b-YY_PP.shp,観光資源（ライン）,P12_004,行政区域コード,
P12,2014年度版,2014,P12b-YY_PP.shp,観光資源（ライン）,P12_005,種別名称,
P12,2014年度版,2014,P12b-YY_PP.shp,観光資源（ライン）,P12_006,所在地住所,
P12,2014年度版,2014,P12b-YY_PP.shp,観光資源（ライン）,P12_007,観光資源分類コード,
P12,2014年度版,2014,P12a-YY_PP.shp,観光資源（ポイント）,P12_001,観光資源_ID,
P12,2014年度版,2014,P12a-YY_PP.shp,観光資源（ポイント）,P12_002,観光資源名,
P12,2014年度版,2014,P12a-YY_PP.shp,観光資源（ポイント）,P12_003,都道府県コード,
P12,2014年度版,2014,P12a-YY_PP.shp,観光資源（ポイント）,P12_004,行政区域コード,
P12,2014年度版,2014,P12a-YY_PP.shp,観光資源（ポイント）,P12_005,種別名称,
P12,2014年度版,2014,P12a-YY_PP.shp,観光資源（ポイント）,P12_006,所在地住所,
P12,2014年度版,2014,P12a-YY_PP.shp,観光資源（ポイント）,P12_007,観光資源分類コード,
P13,2011年度版,2011,P13-YY_PP.shp,都市公園（ポイント）,P13_001,管理都道府県・整備局,
P13,2011年度版,2011,P13-YY_PP.shp,都市公園（ポイント）,P13_002,管理市区町村,
P13,2011年度版,2011,P13-YY_PP.shp,都市公園（ポイント）,P13_003,公園名,
P13,2011年度版,2011,P13-YY_PP.shp,都市公園（ポイント）,P13_004,公園種別,
P13,2011年度版,2011,P13-YY_PP.shp,都市公園（ポイント）,P13_005,所在地都道府県名,
P13,2011年度版,2011,P13-YY_PP.shp,都市公園（ポイント）,P13_006,所在地市区町村名,
P13,2011年度版,2011,P13-YY_PP.shp,都市公園（ポイント）,P13_007,供用開始年,
P13,2011年度版,2011,P13-YY_PP.shp,都市公園（ポイント）,P13_008,供用済面積,
P13,2011年度版,2011,P13-YY_PP.shp,都市公園（ポイント）,P13_009,都市計画決定,
P13,2011年度版,2011,P13-YY_PP.shp,都市公園（ポイント）,P13_010,備考,
P14,2023年度版,2023,P14-YY_PP.shp,福祉施設（ポイント）,P14_001,都道府県名,
P14,2023年度版,2023,P14-YY_PP.shp,福祉施設（ポイント）,P14_002,市区町村名,
P14,2023年度版,2023,P14-YY_PP.shp,福祉施設（ポイント）,P14_003,行政区域コード,
P14,2023年度版,2023,P14-YY_PP.shp,福祉施設（ポイント）,P14_004,所在地,
P14,2023年度版,2023,P14-YY_PP.shp,福祉施設（ポイント）,P14_005,福祉施設大分類,
P14,2023年度版,2023,P14-YY_PP.shp,福祉施設（ポイント）,P14_006,福祉施設中分類,
P14,2023年度版,2023,P14-YY_PP.shp,福祉施設（ポイント）,P14_007,福祉施設小分類,
P14,2023年度版,2023,P14-YY_PP.shp,福祉施設（ポイント）,P14_008,名称,
P14,2023年度版,2023,P14-YY_PP.shp,福祉施設（ポイント）,P14_009,管理者コード,
P14,2023年度版,2023,P14-YY_PP.shp,福祉施設（ポイント）,P14_010,位置正確度,
P15,2012年度版,2012,P15-YY_PP_GeneralWasteDisposalFacilities.shp,廃棄物処理施設（ポイント）,P15_001,施設名称,
P15,2012年度版,2012,P15-YY_PP_GeneralWasteDisposalFacilities.shp,廃棄物処理施設（ポイント）,P15_002,地方公共団体名,
P15,2012年度版,2012,P15-YY_PP_GeneralWasteDisposalFacilities.shp,廃棄物処理施設（ポイント）,P15_003,施設種別,
P15,2012年度版,2012,P15-YY_PP_GeneralWasteDisposalFacilities.shp,廃棄物処理施設（ポイント）,P15_004,施設タイプ,
P15,2012年度版,2012,P15-YY_PP_GeneralWasteDisposalFacilities.shp,廃棄物処理施設（ポイント）,P15_005,処理能力（t/日）,
P15,2012年度版,2012,P15-YY_PP_GeneralWasteDisposalFacilities.shp,廃棄物処理施設（ポイント）,P15_006,屋内面積,
P15,2012年度版,2012,P15-YY_PP_GeneralWasteDisposalFacilities.shp,廃棄物処理施設（ポイント）,P15_007,屋外面積,
P15,2012年度版,2012,P15-YY_PP_GeneralWasteDisposalFacilities.shp,廃棄物処理施設（ポイント）,P15_008,全体容量,
P15,2012年度版,2012,P15-YY_PP_GeneralWasteDisposalFacilities.shp,廃棄物処理施設（ポイント）,P15_009,処理能力（kL/日）,
P15,2012年度版,2012,P15-YY_PP_GeneralWasteDisposalFacilities.shp,廃棄物処理施設（ポイント）,P15_010,計画最大汚水量,
P15,2012年度版,2012,P15-YY_PP_GeneralWasteDisposalFacilities.shp,廃棄物処理施設（ポイント）,P15_011,処理物,
P15,2012年度版,2012,P15-YY_PP_GeneralWasteDisposalFacilities.shp,廃棄物処理施設（ポイント）,P15_012,処理方式,
P15,2012年度版,2012,P15-YY_PP_GeneralWasteDisposalFacilities.shp,廃棄物処理施設（ポイント）,P15_013,炉形式,
P15,2012年度版,2012,P15-YY_PP_GeneralWasteDisposalFacilities.shp,廃棄物処理施設（ポイント）,P15_014,発電能力,
P15,2012年度版,2012,P15-YY_PP_IndustrialWasteDisposalFacilities.shp,廃棄物処理施設（ポイント）,P15_015,事業者名,
P15,2012年度版,2012,P15-YY_PP_IndustrialWasteDisposalFacilities.shp,廃棄物処理施設（ポイント）,P15_016,所在地,
P15,2012年度版,2012,P15-YY_PP_IndustrialWasteDisposalFacilities.shp,廃棄物処理施設（ポイント）,P15_017,産廃施設種別,
P15,2012年度版,2012,P15-YY_PP_IndustrialWasteDisposalFacilities.shp,廃棄物処理施設（ポイント）,P15_018,特別管理,
P15,2012年度版,2012,P15-YY_PP_IndustrialWasteDisposalFacilities.shp,廃棄物処理施設（ポイント）,P15_019,取扱品目1,
P15,2012年度版,2012,P15-YY_PP_IndustrialWasteDisposalFacilities.shp,廃棄物処理施設（ポイント）,P15_020,取扱品目2,
P15,2012年度版,2012,P15-YY_PP_IndustrialWasteDisposalFacilities.shp,廃棄物処理施設（ポイント）,P15_021,取扱品目3,
P15,2012年度版,2012,P15-YY_PP_IndustrialWasteDisposalFacilities.shp,廃棄物処理施設（ポイント）,P15_022,取扱品目4,
P15,2012年度版,2012,P15-YY_PP_IndustrialWasteDisposalFacilities.shp,廃棄物処理施設（ポイント）,P15_023,取扱品目5,
P15,2012年度版,2012,P15-YY_PP_IndustrialWasteDisposalFacilities.shp,廃棄物処理施設（ポイント）,P15_024,取扱品目6,
P15,2012年度版,2012,P15-YY_PP_IndustrialWasteDisposalFacilities.shp,廃棄物処理施設（ポイント）,P15_025,取扱品目7,
P15,2012年度版,2012,P15-YY_PP_IndustrialWasteDisposalFacilities.shp,廃棄物処理施設（ポイント）,P15_026,取扱品目8,
P15,2012年度版,2012,P15-YY_PP_IndustrialWasteDisposalFacilities.shp,廃棄物処理施設（ポイント）,P15_027,取扱品目9,
P15,2012年度版,2012,P15-YY_PP_IndustrialWasteDisposalFacilities.shp,廃棄物処理施設（ポイント）,P15_028,取扱品目10,
P15,2012年度版,2012,P15-YY_PP_IndustrialWasteDisposalFacilities.shp,廃棄物処理施設（ポイント）,P15_029,取扱品目11,
P15,2012年度版,2012,P15-YY_PP_IndustrialWasteDisposalFacilities.shp,廃棄物処理施設（ポイント）,P15_030,取扱品目12,
P15,2012年度版,2012,P15-YY_PP_IndustrialWasteDisposalFacilities.shp,廃棄物処理施設（ポイント）,P15_031,取扱品目13,
P15,2012年度版,2012,P15-YY_PP_IndustrialWasteDisposalFacilities.shp,廃棄物処理施設（ポイント）,P15_032,取扱品目14,
P15,2012年度版,2012,P15-YY_PP_IndustrialWasteDisposalFacilities.shp,廃棄物処理施設（ポイント）,P15_033,取扱品目15,
P16,2012年度版,2012,P16-YY_PP.shp,研究機関（ポイント）,P16_001,名称,
P16,2012年度版,2012,P16-YY_PP.shp,研究機関（ポイント）,P16_002,主体コード,
P16,2012年度版,2012,P16-YY_PP.shp,研究機関（ポイント）,P16_003,都道府県コード,
P16,2012年度版,2012,P16-YY_PP.shp,研究機関（ポイント）,P16_004,所在地,
P16,2012年度版,2012,P16-YY_PP.shp,研究機関（ポイント）,P16_005,ID,
P16,2012年度版,2012,P16-YY_PP.shp,研究機関（ポイント）,P16_006,原典1,
P16,2012年度版,2012,P16-YY_PP.shp,研究機関（ポイント）,P16_007,原典2,
P16,2012年度版,2012,P16-YY_PP.shp,研究機関（ポイント）,P16_008,原典3,
P16,2012年度版,2012,P16-YY_PP.shp,研究機関（ポイント）,P16_009,原典4,
P16,2012年度版,2012,P16-YY_PP.shp,研究機関（ポイント）,P16_010,原典5,
P16,2012年度版,2012,P16-YY_PP.shp,研究機関（ポイント）,P16_011,原典6,
P16,2012年度版,2012,P16-YY_PP.shp,研究機関（ポイント）,P16_012,原典7,
P16,2012年度版,2012,P16-YY_PP.shp,研究機関（ポイント）,P16_013,原典8,
P16,2012年度版,2012,P16-YY_PP.shp,研究機関（ポイント）,P16_014,原典9,
P16,2012年度版,2012,P16-YY_PP.shp,研究機関（ポイント）,P16_015,備考1,
P16,2012年度版,2012,P16-YY_PP.shp,研究機関（ポイント）,P16_016,備考2,
P16,2012年度版,2012,P16-YY_PP.shp,研究機関（ポイント）,P16_017,備考3,
P16,2012年度版,2012,P16-YY_PP.shp,研究機関（ポイント）,P16_018,備考4,
P16,2012年度版,2012,P16-YY_PP.shp,研究機関（ポイント）,P16_019,備考5,
P16,2012年度版,2012,P16-YY_PP.shp,研究機関（ポイント）,P16_020,備考6,
P16,2012年度版,2012,P16-YY_PP.shp,研究機関（ポイント）,P16_021,備考7,
P16,2012年度版,2012,P16-YY_PP.shp,研究機関（ポイント）,P16_022,備考8,
P16,2012年度版,2012,P16-YY_PP.shp,研究機関（ポイント）,P16_023,備考9,
P16,2012年度版,2012,P16-YY_PP.shp,研究機関（ポイント）,P16_024,備考10,
P17,2012年度版,2012,P17-YY_PP_FireStation.shp,消防署（ポイント）,P17_001,名称,
P17,2012年度版,2012,P17-YY_PP_FireStation.shp,消防署（ポイント）,P17_002,行政区域コード,
P17,2012年度版,2012,P17-YY_PP_FireStation.shp,消防署（ポイント）,P17_003,種別コード,
P17,2012年度版,2012,P17-YY_PP_FireStation.shp,消防署（ポイント）,P17_004,所在地,
P17,2012年度版,2012,P17-YY_PP_FireStationJurisdiction.shp,消防署（ポリゴン）,P17_005,名称,
P17,2012年度版,2012,P17-YY_PP_FireStationJurisdiction.shp,消防署（ポリゴン）,P17_006,管轄範囲1,
P17,2012年度版,2012,P17-YY_PP_FireStationJurisdiction.shp,消防署（ポリゴン）,P17_007,管轄範囲2,
P17,2012年度版,2012,P17-YY_PP_FireStationJurisdiction.shp,消防署（ポリゴン）,P17_008,管轄範囲3,
P17,2012年度版,2012,P17-YY_PP_FireStationJurisdiction.shp,消防署（ポリゴン）,P17_009,管轄範囲4,
P17,2012年度版,2012,P17-YY_PP_FireStationJurisdiction.shp,消防署（ポリゴン）,P17_010,管轄範囲5,
P17,2012年度版,2012,P17-YY_PP_FireStationJurisdiction.shp,消防署（ポリゴン）,P17_011,管轄範囲6,
P17,2012年度版,2012,P17-YY_PP_FireStationJurisdiction.shp,消防署（ポリゴン）,P17_012,管轄範囲7,
P17,2012年度版,2012,P17-YY_PP_FireStationJurisdiction.shp,消防署（ポリゴン）,P17_013,管轄範囲8,
P17,2012年度版,2012,P17-YY_PP_FireStationJurisdiction.shp,消防署（ポリゴン）,P17_014,管轄範囲9,
P17,2012年度版,2012,P17-YY_PP_FireStationJurisdiction.shp,消防署（ポリゴン）,P17_015,管轄範囲10,
P17,2012年度版,2012,P17-YY_PP_FireStationJurisdiction.shp,消防署（ポリゴン）,P17_016,管轄範囲11,
P17,2012年度版,2012,P17-YY_PP_FireStationJurisdiction.shp,消防署（ポリゴン）,P17_017,管轄範囲12,
P17,2012年度版,2012,P17-YY_PP_FireStationJurisdiction.shp,消防署（ポリゴン）,P17_018,管轄範囲13,
P17,2012年度版,2012,P17-YY_PP_FireStationJurisdiction.shp,消防署（ポリゴン）,P17_019,管轄範囲14,
P17,2012年度版,2012,P17-YY_PP_FireStationJurisdiction.shp,消防署（ポリゴン）,P17_020,管轄範囲15,
P17,2012年度版,2012,P17-YY_PP_FireStationJurisdiction.shp,消防署（ポリゴン）,P17_021,管轄範囲16,
P17,2012年度版,2012,P17-YY_PP_FireStationJurisdiction.shp,消防署（ポリゴン）,P17_022,管轄範囲17,
P17,2012年度版,2012,P17-YY_PP_FireStationJurisdiction.shp,消防署（ポリゴン）,P17_023,管轄範囲18,
P17,2012年度版,2012,P17-YY_PP_FireStationJurisdiction.shp,消防署（ポリゴン）,P17_024,管轄範囲19,
P17,2012年度版,2012,P17-YY_PP_FireStationJurisdiction.shp,消防署（ポリゴン）,P17_025,管轄範囲20,
P17,2012年度版,2012,P17-YY_PP_FireStationJurisdiction.shp,消防署（ポリゴン）,P17_026,管轄範囲21,
P18,2012年度版,2012,P18-YY_PP_PoliceStation.shp,警察署（ポイント）,P18_001,名称,
P18,2012年度版,2012,P18-YY_PP_PoliceStation.shp,警察署（ポイント）,P18_002,行政区域コード,
P18,2012年度版,2012,P18-YY_PP_PoliceStation.shp,警察署（ポイント）,P18_003,種別コード,
P18,2012年度版,2012,P18-YY_PP_PoliceStation.shp,警察署（ポイント）,P18_004,所在地,
P18,2012年度版,2012,P18-YY_PP_PoliceStationJurisdiction.shp,警察署（ポリゴン）,P18_005,名称,
P18,2012年度版,2012,P18-YY_PP_PoliceStationJurisdiction.shp,警察署（ポリゴン）,P18_006,管轄範囲1,
P18,2012年度版,2012,P18-YY_PP_PoliceStationJurisdiction.shp,警察署（ポリゴン）,P18_007,管轄範囲2,
P18,2012年度版,2012,P18-YY_PP_PoliceStationJurisdiction.shp,警察署（ポリゴン）,P18_008,管轄範囲3,
P18,2012年度版,2012,P18-YY_PP_PoliceStationJurisdiction.shp,警察署（ポリゴン）,P18_009,管轄範囲4,
P18,2012年度版,2012,P18-YY_PP_PoliceStationJurisdiction.shp,警察署（ポリゴン）,P18_010,管轄範囲5,
P18,2012年度版,2012,P18-YY_PP_PoliceStationJurisdiction.shp,警察署（ポリゴン）,P18_011,管轄範囲6,
P18,2012年度版,2012,P18-YY_PP_PoliceStationJurisdiction.shp,警察署（ポリゴン）,P18_012,管轄範囲7,
P18,2012年度版,2012,P18-YY_PP_PoliceStationJurisdiction.shp,警察署（ポリゴン）,P18_013,管轄範囲8,
P18,2012年度版,2012,P18-YY_PP_PoliceStationJurisdiction.shp,警察署（ポリゴン）,P18_014,管轄範囲9,
P18,2012年度版,2012,P18-YY_PP_PoliceStationJurisdiction.shp,警察署（ポリゴン）,P18_015,管轄範囲10,
P18,2012年度版,2012,P18-YY_PP_PoliceStationJurisdiction.shp,警察署（ポリゴン）,P18_016,管轄範囲11,
P18,2012年度版,2012,P18-YY_PP_PoliceStationJurisdiction.shp,警察署（ポリゴン）,P18_017,管轄範囲12,
P18,2012年度版,2012,P18-YY_PP_PoliceStationJurisdiction.shp,警察署（ポリゴン）,P18_018,管轄範囲13,
P18,2012年度版,2012,P18-YY_PP_PoliceStationJurisdiction.shp,警察署（ポリゴン）,P18_019,管轄範囲14,
P18,2012年度版,2012,P18-YY_PP_PoliceStationJurisdiction.shp,警察署（ポリゴン）,P18_020,管轄範囲15,
P19,2012年度版,2012,P19-YY_PP.shp,地域資源（ポイント）,P19_001,地域資源ID,
P19,2012年度版,2012,P19-YY_PP.shp,地域資源（ポイント）,P19_002,都道府県コード,
P19,2012年度版,2012,P19-YY_PP.shp,地域資源（ポイント）,P19_003,都道府県名,
P19,2012年度版,2012,P19-YY_PP.shp,地域資源（ポイント）,P19_004,類型コード,
P19,2012年度版,2012,P19-YY_PP.shp,地域資源（ポイント）,P19_005,類型名,
P19,2012年度版,2012,P19-YY_PP.shp,地域資源（ポイント）,P19_006,自然景観資源分類コード,
P19,2012年度版,2012,P19-YY_PP.shp,地域資源（ポイント）,P19_007,自然景観資源分類名,
P19,2012年度版,2012,P19-YY_PP.shp,地域資源（ポイント）,P19_008,名称,
P20,2012年度版,2012,P20-YY_PP.shp,避難施設（ポイント）,P20_001,行政区域,
P20,2012年度版,2012,P20-YY_PP.shp,避難施設（ポイント）,P20_002,名称,
P20,2012年度版,2012,P20-YY_PP.shp,避難施設（ポイント）,P20_003,住所,
P20,2012年度版,2012,P20-YY_PP.shp,避難施設（ポイント）,P20_004,施設の種類,
P20,2012年度版,2012,P20-YY_PP.shp,避難施設（ポイント）,P20_005,収容人数,
P20,2012年度版,2012,P20-YY_PP.shp,避難施設（ポイント）,P20_006,施設規模,
P20,2012年度版,2012,P20-YY_PP.shp,避難施設（ポイント）,P20_007,災害分類:地震災害,
P20,2012年度版,2012,P20-YY_PP.shp,避難施設（ポイント）,P20_008,災害分類:津波災害,
P20,2012年度版,2012,P20-YY_PP.shp,避難施設（ポイント）,P20_009,災害分類:水害,
P20,2012年度版,2012,P20-YY_PP.shp,避難施設（ポイント）,P20_010,災害分類:火山災害,
P20,2012年度版,2012,P20-YY_PP.shp,避難施設（ポイント）,P20_011,災害分類:その他,
P20,2012年度版,2012,P20-YY_PP.shp,避難施設（ポイント）,P20_012,災害分類:指定なし,
P20,2012年度版,2012,P20-YY_PP.shp,避難施設（ポイント）,レベル,レベル,
P20,2012年度版,2012,P20-YY_PP.shp,避難施設（ポイント）,備考,備考,
P20,2012年度版,2012,P20-YY_PP.shp,避難施設（ポイント）,緯度,緯度,
P20,2012年度版,2012,P20-YY_PP.shp,避難施設（ポイント）,経度,経度,
P20,2012年度版,2012,P20-YY_PP.shp,避難施設（ポイント）,No,No,
P21,2012年度版,2012,P21-YYa_PP.shp,上水道関連施設（ポリゴン）,P21A_001,事業主体,
P21,2012年度版,2012,P21-YYa_PP.shp,上水道関連施設（ポリゴン）,P21A_002,事業名称,
P21,2012年度版,2012,P21-YYa_PP.shp,上水道関連施設（ポリゴン）,P21A_003,種別,
P21,2012年度版,2012,P21-YYa_PP.shp,上水道関連施設（ポリゴン）,P21A_004,給水人口,
P21,2012年度版,2012,P21-YYa_PP.shp,上水道関連施設（ポリゴン）,P21A_005,日最大給水量,
P21,2012年度版,2012,P21-YYa_PP.shp,上水道関連施設（ポリゴン）,検査ID,検査ID,
P21,2012年度版,2012,P21-YYb_PP.shp,上水道関連施設（ポイント）,P21B_001,事業主体,
P21,2012年度版,2012,P21-YYb_PP.shp,上水道関連施設（ポイント）,P21B_002,事業名称,
P21,2012年度版,2012,P21-YYb_PP.shp,上水道関連施設（ポイント）,P21B_003,施設名称,
P21,2012年度版,2012,P21-YYb_PP.shp,上水道関連施設（ポイント）,P21B_004,日最大給水量,
P21,2012年度版,2012,P21-YYb_PP.shp,上水道関連施設（ポイント）,検査ID,検査ID,
P22,2012年度版,2012,P22a-YY_PP.shp,下水道関連施設（ポイント）,P22a_001,行政区域,
P22,2012年度版,2012,P22a-YY_PP.shp,下水道関連施設（ポイント）,P22a_002,施設名称,
P22,2012年度版,2012,P22a-YY_PP.shp,下水道関連施設（ポイント）,P22a_003,所在地,
P22,2012年度版,2012,P22a-YY_PP.shp,下水道関連施設（ポイント）,P22a_004,市町村等団体名,
P22,2012年度版,2012,P22a-YY_PP.shp,下水道関連施設（ポイント）,P22a_005,事業区分名,
P22,2012年度版,2012,P22a-YY_PP.shp,下水道関連施設（ポイント）,P22a_006,事業名,
P22,2012年度版,2012,P22a-YY_PP.shp,下水道関連施設（ポイント）,P22a_007,全体計画処理面積_合計,
P22,2012年度版,2012,P22a-YY_PP.shp,下水道関連施設（ポイント）,P22a_008,全体計画処理面積_汚水（分流）,
P22,2012年度版,2012,P22a-YY_PP.shp,下水道関連施設（ポイント）,P22a_009,全体計画処理面積_雨水（分流）,
P22,2012年度版,2012,P22a-YY_PP.shp,下水道関連施設（ポイント）,P22a_010,全体計画処理面積_合流,
P22,2012年度版,2012,P22a-YY_PP.shp,下水道関連施設（ポイント）,P22a_011,全体計画計画処理人口,
P22,2012年度版,2012,P22a-YY_PP.shp,下水道関連施設（ポイント）,P22a_012,全体計画区域内人口,
P22,2012年度版,2012,P22a-YY_PP.shp,下水道関連施設（ポイント）,P22a_013,雨水計画_降雨強度最小,
P22,2012年度版,2012,P22a-YY_PP.shp,下水道関連施設（ポイント）,P22a_014,雨水計画_降雨強度最大,
P22,2012年度版,2012,P22a-YY_PP.shp,下水道関連施設（ポイント）,P22a_015,雨水計画_確率年最小,
P22,2012年度版,2012,P22a-YY_PP.shp,下水道関連施設（ポイント）,P22a_016,雨水計画_確率年最大,
P22,2012年度版,2012,P22a-YY_PP.shp,下水道関連施設（ポイント）,P22a_017,汚水計画_1人1日平均汚水最小,
P22,2012年度版,2012,P22a-YY_PP.shp,下水道関連施設（ポイント）,P22a_018,汚水計画_1人1日平均汚水最大,
P22,2012年度版,2012,P22a-YY_PP.shp,下水道関連施設（ポイント）,P22a_019,汚水計画_1人1日最大汚水最小,
P22,2012年度版,2012,P22a-YY_PP.shp,下水道関連施設（ポイント）,P22a_020,汚水計画_1人1日最大汚水次第,
P22,2012年度版,2012,P22a-YY_PP.shp,下水道関連施設（ポイント）,P22a_021,ポンプ場施設_計画排水面積_汚水,
P22,2012年度版,2012,P22a-YY_PP.shp,下水道関連施設（ポイント）,P22a_022,ポンプ場施設_計画排水面積_雨水,
P22,2012年度版,2012,P22a-YY_PP.shp,下水道関連施設（ポイント）,P22a_023,ポンプ場施設_計画排水量_汚水（晴天時最大）,
P22,2012年度版,2012,P22a-YY_PP.shp,下水道関連施設（ポイント）,P22a_024,ポンプ場施設_計画排水量_汚水（雨天時最大）,
P22,2012年度版,2012,P22a-YY_PP.shp,下水道関連施設（ポイント）,P22a_025,ポンプ場施設_計画排水量_雨水,
P22,2012年度版,2012,P22a-YY_PP.shp,下水道関連施設（ポイント）,P22a_026,ポンプ場施設_現有排水能力_汚水揚水量（晴天時最大）,
P22,2012年度版,2012,P22a-YY_PP.shp,下水道関連施設（ポイント）,P22a_027,ポンプ場施設_現有排水能力_汚水揚水量（雨天時最大）,
P22,2012年度版,2012,P22a-YY_PP.shp,下水道関連施設（ポイント）,P22a_028,ポンプ場施設_現有排水能力_雨水揚水量,
P22,2012年度版,2012,P22a-YY_PP.shp,下水道関連施設（ポイント）,IDO,緯度,
P22,2012年度版,2012,P22a-YY_PP.shp,下水道関連施設（ポイント）,KEIDO,経度,
P22,2012年度版,2012,P22a-YY_PP.shp,下水道関連施設（ポイント）,TreeCode,TreeCode,
P22,2012年度版,2012,P22a-YY_PP.shp,下水道関連施設（ポイント）,PosStat,PosStat,
P22,2012年度版,2012,P22a-YY_PP.shp,下水道関連施設（ポイント）,Origna,Origna,
P22,2012年度版,2012,P22b-YY_PP.shp,下水道関連施設（ポイント）,P22b_001,,
P22,2012年度版,2012,P22b-YY_PP.shp,下水道関連施設（ポイント）,P22b_002,,
P22,2012年度版,2012,P22b-YY_PP.shp,下水道関連施設（ポイント）,P22b_003,,
P22,2012年度版,2012,P22b-YY_PP.shp,下水道関連施設（ポイント）,P22b_004,,
P22,2012年度版,2012,P22b-YY_PP.shp,下水道関連施設（ポイント）,P22b_005,,
P22,2012年度版,2012,P22b-YY_PP.shp,下水道関連施設（ポイント）,P22b_006,,
P22,2012年度版,2012,P22b-YY_PP.shp,下水道関連施設（ポイント）,P22b_007,,
P22,2012年度版,2012,P22b-YY_PP.shp,下水道関連施設（ポイント）,P22b_008,,
P22,2012年度版,2012,P22b-YY_PP.shp,下水道関連施設（ポイント）,P22b_009,,
P22,2012年度版,2012,P22b-YY_PP.shp,下水道関連施設（ポイント）,P22b_010,,
P22,2012年度版,2012,P22b-YY_PP.shp,下水道関連施設（ポイント）,P22b_011,,
P22,2012年度版,2012,P22b-YY_PP.shp,下水道関連施設（ポイント）,P22b_012,,
P22,2012年度版,2012,P22b-YY_PP.shp,下水道関連施設（ポイント）,P22b_013,,
P22,2012年度版,2012,P22b-YY_PP.shp,下水道関連施設（ポイント）,P22b_014,,
P22,2012年度版,2012,P22b-YY_PP.shp,下水道関連施設（ポイント）,P22b_015,,
P22,2012年度版,2012,P22b-YY_PP.shp,下水道関連施設（ポイント）,P22b_016,,
P22,2012年度版,2012,P22b-YY_PP.shp,下水道関連施設（ポイント）,P22b_017,,
P22,2012年度版,2012,P22b-YY_PP.shp,下水道関連施設（ポイント）,P22b_018,,
P22,2012年度版,2012,P22b-YY_PP.shp,下水道関連施設（ポイント）,P22b_019,,
P22,2012年度版,2012,P22b-YY_PP.shp,下水道関連施設（ポイント）,P22b_020,,
P22,2012年度版,2012,P22b-YY_PP.shp,下水道関連施設（ポイント）,P22b_021,,
P22,2012年度版,2012,P22b-YY_PP.shp,下水道関連施設（ポイント）,P22b_022,,
P22,2012年度版,2012,P22b-YY_PP.shp,下水道関連施設（ポイント）,P22b_023,,
P22,2012年度版,2012,P22b-YY_PP.shp,下水道関連施設（ポイント）,P22b_024,,
P22,2012年度版,2012,P22b-YY_PP.shp,下水道関連施設（ポイント）,P22b_025,,
P22,2012年度版,2012,P22b-YY_PP.shp,下水道関連施設（ポイント）,P22b_026,,
P22,2012年度版,2012,P22b-YY_PP.shp,下水道関連施設（ポイント）,P22b_027,,
P22,2012年度版,2012,P22b-YY_PP.shp,下水道関連施設（ポイント）,P22b_028,,
P22,2012年度版,2012,P22b-YY_PP.shp,下水道関連施設（ポイント）,P22b_029,,
P22,2012年度版,2012,P22b-YY_PP.shp,下水道関連施設（ポイント）,P22b_030,,
P22,2012年度版,2012,P22b-YY_PP.shp,下水道関連施設（ポイント）,P22b_031,,
P22,2012年度版,2012,P22b-YY_PP.shp,下水道関連施設（ポイント）,P22b_032,,
P22,2012年度版,2012,P22b-YY_PP.shp,下水道関連施設（ポイント）,P22b_033,,
P22,2012年度版,2012,P22b-YY_PP.shp,下水道関連施設（ポイント）,P22b_034,,
P22,2012年度版,2012,P22b-YY_PP.shp,下水道関連施設（ポイント）,TreeCode,,
P22,2012年度版,2012,P22b-YY_PP.shp,下水道関連施設（ポイント）,IDO,,
P22,2012年度版,2012,P22b-YY_PP.shp,下水道関連施設（ポイント）,KEIDO,,
P22,2012年度版,2012,P22b-YY_PP.shp,下水道関連施設（ポイント）,ORigna,,
P22,2012年度版,2012,P22b-YY_PP.shp,下水道関連施設（ポイント）,PosStat,,
P23,2012年度版,2012,P23a-YY_PP.shp,海岸保全施設（ポイント）,P23a_001,行政区域,
P23,2012年度版,2012,P23a-YY_PP.shp,海岸保全施設（ポイント）,P23a_002,所管省庁,
P23,2012年度版,2012,P23a-YY_PP.shp,海岸保全施設（ポイント）,P23a_003,管理者,
P23,2012年度版,2012,P23a-YY_PP.shp,海岸保全施設（ポイント）,P23a_004,施設種類：堤防,
P23,2012年度版,2012,P23a-YY_PP.shp,海岸保全施設（ポイント）,P23a_005,施設種類：突堤,
P23,2012年度版,2012,P23a-YY_PP.shp,海岸保全施設（ポイント）,P23a_006,施設種類：護岸,
P23,2012年度版,2012,P23a-YY_PP.shp,海岸保全施設（ポイント）,P23a_007,施設種類：胸壁,
P23,2012年度版,2012,P23a-YY_PP.shp,海岸保全施設（ポイント）,P23a_008,施設種類：離岸堤,
P23,2012年度版,2012,P23a-YY_PP.shp,海岸保全施設（ポイント）,P23a_009,施設種類：砂浜,
P23,2012年度版,2012,P23a-YY_PP.shp,海岸保全施設（ポイント）,P23a_010,施設種類：その他の施設,
P23,2012年度版,2012,P23a-YY_PP.shp,海岸保全施設（ポイント）,P23a_011,延長,
P23,2012年度版,2012,P23a-YY_PP.shp,海岸保全施設（ポイント）,P23a_012,天端高最大（現況）,
P23,2012年度版,2012,P23a-YY_PP.shp,海岸保全施設（ポイント）,P23a_013,天端高最小（現況）,
P23,2012年度版,2012,P23a-YY_PP.shp,海岸保全施設（ポイント）,P23a_014,天端高最大（計画）,
P23,2012年度版,2012,P23a-YY_PP.shp,海岸保全施設（ポイント）,P23a_015,天端高最小（計画）,
P23,2012年度版,2012,P23a-YY_PP.shp,海岸保全施設（ポイント）,P23a_016,基準面,
P23,2012年度版,2012,P23b-YY_PP.shp,海岸保全施設（ライン）,P23b_001,行政区域,
P23,2012年度版,2012,P23b-YY_PP.shp,海岸保全施設（ライン）,P23b_002,所管省庁,
P23,2012年度版,2012,P23b-YY_PP.shp,海岸保全施設（ライン）,P23b_003,管理者,
P23,2012年度版,2012,P23b-YY_PP.shp,海岸保全施設（ライン）,P23b_004,施設種類：堤防,
P23,2012年度版,2012,P23b-YY_PP.shp,海岸保全施設（ライン）,P23b_005,施設種類：突堤,
P23,2012年度版,2012,P23b-YY_PP.shp,海岸保全施設（ライン）,P23b_006,施設種類：護岸,
P23,2012年度版,2012,P23b-YY_PP.shp,海岸保全施設（ライン）,P23b_007,施設種類：胸壁,
P23,2012年度版,2012,P23b-YY_PP.shp,海岸保全施設（ライン）,P23b_008,施設種類：離岸堤,
P23,2012年度版,2012,P23b-YY_PP.shp,海岸保全施設（ライン）,P23b_009,施設種類：砂浜,
P23,2012年度版,2012,P23b-YY_PP.shp,海岸保全施設（ライン）,P23b_010,施設種類：その他の施設,
P23,2012年度版,2012,P23b-YY_PP.shp,海岸保全施設（ライン）,P23b_011,延長,
P23,2012年度版,2012,P23b-YY_PP.shp,海岸保全施設（ライン）,P23b_012,天端高最大（現況）,
P23,2012年度版,2012,P23b-YY_PP.shp,海岸保全施設（ライン）,P23b_013,天端高最小（現況）,
P23,2012年度版,2012,P23b-YY_PP.shp,海岸保全施設（ライン）,P23b_014,天端高最大（計画）,
P23,2012年度版,2012,P23b-YY_PP.shp,海岸保全施設（ライン）,P23b_015,天端高最小（計画）,
P23,2012年度版,2012,P23b-YY_PP.shp,海岸保全施設（ライン）,P23b_016,基準面,
P24,2012年度版,2012,P24-YY.shp,地場産業関連施設（ポイント）,P24_001,地場産業関連施設ID,
P24,2012年度版,2012,P24-YY.shp,地場産業関連施設（ポイント）,P24_002,行政区域コード,
P24,2012年度版,2012,P24-YY.shp,地場産業関連施設（ポイント）,P24_003,都道府県名,
P24,2012年度版,2012,P24-YY.shp,地場産業関連施設（ポイント）,P24_004,市区町村名,
P24,2012年度版,2012,P24-YY.shp,地場産業関連施設（ポイント）,P24_005,施設名,
P24,2012年度版,2012,P24-YY.shp,地場産業関連施設（ポイント）,P24_006,所在地,
P24,2012年度版,2012,P24-YY.shp,地場産業関連施設（ポイント）,P24_007,直売所有り,
P24,2012年度版,2012,P24-YY.shp,地場産業関連施設（ポイント）,P24_008,直営レストラン有り,
P24,2012年度版,2012,P24-YY.shp,地場産業関連施設（ポイント）,P24_009,農林漁業体験民宿有り,
P24,2012年度版,2012,P24-YY.shp,地場産業関連施設（ポイント）,P24_010,市民農園有り,
P24,2012年度版,2012,P24-YY.shp,地場産業関連施設（ポイント）,P24_011,原典コード,
P24,2012年度版,2012,P24-YY.shp,地場産業関連施設（ポイント）,P24_012,URL,
P26,2013年度版,2013,P26-YY_PP.shp,ニュータウン（ポイント）,KEY,KEY,
P26,2013年度版,2013,P26-YY_PP.shp,ニュータウン（ポイント）,POINT_X,POINT_X,
P26,2013年度版,2013,P26-YY_PP.shp,ニュータウン（ポイント）,POINT_Y,POINT_Y,
P26,2013年度版,2013,P26-YY_PP.shp,ニュータウン（ポイント）,P26_001,都道府県名,
P26,2013年度版,2013,P26-YY_PP.shp,ニュータウン（ポイント）,P26_002,市区町村名,
P26,2013年度版,2013,P26-YY_PP.shp,ニュータウン（ポイント）,P26_003,地方公共団体コード,
P26,2013年度版,2013,P26-YY_PP.shp,ニュータウン（ポイント）,P26_004,地区名,
P26,2013年度版,2013,P26-YY_PP.shp,ニュータウン（ポイント）,P26_005,愛称名,
P26,2013年度版,2013,P26-YY_PP.shp,ニュータウン（ポイント）,P26_006,連たんニュータウン名称,
P26,2013年度版,2013,P26-YY_PP.shp,ニュータウン（ポイント）,P26_007,施行面積,
P26,2013年度版,2013,P26-YY_PP.shp,ニュータウン（ポイント）,P26_008,事業主体,
P26,2013年度版,2013,P26-YY_PP.shp,ニュータウン（ポイント）,P26_009,事業手法,
P26,2013年度版,2013,P26-YY_PP.shp,ニュータウン（ポイント）,P26_010,事業開始年度（西暦）,
P26,2013年度版,2013,P26-YY_PP.shp,ニュータウン（ポイント）,P26_011,事業終了（予定）年度（西暦）,
P26,2013年度版,2013,P26-YY_PP.shp,ニュータウン（ポイント）,P26_012,計画戸数,
P26,2013年度版,2013,P26-YY_PP.shp,ニュータウン（ポイント）,P26_013,計画人口,
P26,2013年度版,2013,P26-YY_PP.shp,ニュータウン（ポイント）,STID,STID,
P26,2013年度版,2013,P26-YY_PP.shp,ニュータウン（ポイント）,ETID,ETID,
P27,2013年度版,2013,P27-YY_PP.shp,文化施設（ポイント）,P27_001,行政区域コード,
P27,2013年度版,2013,P27-YY_PP.shp,文化施設（ポイント）,P27_002,公共施設大分類,
P27,2013年度版,2013,P27-YY_PP.shp,文化施設（ポイント）,P27_003,公共施設小分類,
P27,2013年度版,2013,P27-YY_PP.shp,文化施設（ポイント）,P27_004,文化施設分類,
P27,2013年度版,2013,P27-YY_PP.shp,文化施設（ポイント）,P27_005,名称,
P27,2013年度版,2013,P27-YY_PP.shp,文化施設（ポイント）,P27_006,所在地,
P27,2013年度版,2013,P27-YY_PP.shp,文化施設（ポイント）,P27_007,管理者コード,
P27,2013年度版,2013,P27-YY_PP.shp,文化施設（ポイント）,P27_008,階数,
P27,2013年度版,2013,P27-YY_PP.shp,文化施設（ポイント）,P27_009,建築年,
P28,2022年度版,2022,P28-YY_PP.shp,国・都道府県の機関（ポイント）,P28_001,行政区域コード,
P28,2022年度版,2022,P28-YY_PP.shp,国・都道府県の機関（ポイント）,P28_002,国・都道府県の機関分類,
P28,2022年度版,2022,P28-YY_PP.shp,国・都道府県の機関（ポイント）,P28_003,名称,
P28,2022年度版,2022,P28-YY_PP.shp,国・都道府県の機関（ポイント）,P28_004,所在地,
P28,2022年度版,2022,P28-YY_PP.shp,国・都道府県の機関（ポイント）,P28_005,管理者コード,
P29,2023年度版,2023,P29-YY_PP.shp,学校（ポイント）,P29_001,行政区域コード,
P29,2023年度版,2023,P29-YY_PP.shp,学校（ポイント）,P29_002,学校コード,
P29,2023年度版,2023,P29-YY_PP.shp,学校（ポイント）,P29_003,学校分類,
P29,2023年度版,2023,P29-YY_PP.shp,学校（ポイント）,P29_004,名称,
P29,2023年度版,2023,P29-YY_PP.shp,学校（ポイント）,P29_005,所在地,
P29,2023年度版,2023,P29-YY_PP.shp,学校（ポイント）,P29_006,管理者コード,
P29,2023年度版,2023,P29-YY_PP.shp,学校（ポイント）,P29_007,休校区分,
P29,2023年度版,2023,P29-YY_PP.shp,学校（ポイント）,P29_008,キャンパスコード,
P29,2023年度版,2023,P29-YY_PP.shp,学校（ポイント）,P29_009,学校名備考,
P30,2013年度版,2013,P30-YY_PP.shp,郵便局（ポイント）,P30_001,行政区域コード,
P30,2013年度版,2013,P30-YY_PP.shp,郵便局（ポイント）,P30_002,公共施設大分類,
P30,2013年度版,2013,P30-YY_PP.shp,郵便局（ポイント）,P30_003,公共施設小分類,
P30,2013年度版,2013,P30-YY_PP.shp,郵便局（ポイント）,P30_004,郵便局分類,
P30,2013年度版,2013,P30-YY_PP.shp,郵便局（ポイント）,P30_005,名称,
P30,2013年度版,2013,P30-YY_PP.shp,郵便局（ポイント）,P30_006,所在地,
P30,2013年度版,2013,P30-YY_PP.shp,郵便局（ポイント）,P30_007,管理者コード,
P31,2013年度版,2013,P31-YY_PP_e.shp,物流拠点（ポイント）,P31_001,名称,
P31,2013年度版,2013,P31-YY_PP_e.shp,物流拠点（ポイント）,P31_002,種別,
P31,2013年度版,2013,P31-YY_PP_e.shp,物流拠点（ポイント）,P31_003,分類,
P31,2013年度版,2013,P31-YY_PP_e.shp,物流拠点（ポイント）,P31_004,都道府県コード,
P31,2013年度版,2013,P31-YY_PP_e.shp,物流拠点（ポイント）,P31_005,所在地,
P31,2013年度版,2013,P31-YY_PP_e.shp,物流拠点（ポイント）,P31_006,事業者分類,
P31,2013年度版,2013,P31-YY_PP_e.shp,物流拠点（ポイント）,P31_007,整備年,
P31,2013年度版,2013,P31-YY_PP_e.shp,物流拠点（ポイント）,P31_008,規模,
P31,2013年度版,2013,P31-YY_PP_e.shp,物流拠点（ポイント）,P31_009,備考,
P32,2014年度版,2014,P32-YY_PP.shp,都道府県指定文化財（ポイント）,P32_001,文化財ID,
P32,2014年度版,2014,P32-YY_PP.shp,都道府県指定文化財（ポイント）,P32_002,都道府県コード,
P32,2014年度版,2014,P32-YY_PP.shp,都道府県指定文化財（ポイント）,P32_003,行政区域コード,
P32,2014年度版,2014,P32-YY_PP.shp,都道府県指定文化財（ポイント）,P32_004,種別大区分コード,
P32,2014年度版,2014,P32-YY_PP.shp,都道府県指定文化財（ポイント）,P32_005,種別小区分コード,
P32,2014年度版,2014,P32-YY_PP.shp,都道府県指定文化財（ポイント）,P32_006,名称,
P32,2014年度版,2014,P32-YY_PP.shp,都道府県指定文化財（ポイント）,P32_007,所在地住所,
P32,2014年度版,2014,P32-YY_PP.shp,都道府県指定文化財（ポイント）,P32_008,指定年月日,
P32,2014年度版,2014,P32-YY_PP.shp,都道府県指定文化財（ポイント）,P32_009,代表点区分コード,
P33,2014年度版,2014,P33-YY_PP.shp,集客施設（ポイント）,P33_001,施設ID,
P33,2014年度版,2014,P33-YY_PP.shp,集客施設（ポイント）,P33_002,行政区域コード,
P33,2014年度版,2014,P33-YY_PP.shp,集客施設（ポイント）,P33_003,都道府県コード,
P33,2014年度版,2014,P33-YY_PP.shp,集客施設（ポイント）,P33_004,施設区分コード,
P33,2014年度版,2014,P33-YY_PP.shp,集客施設（ポイント）,P33_005,施設名称,
P33,2014年度版,2014,P33-YY_PP.shp,集客施設（ポイント）,P33_006,郵便番号,
P33,2014年度版,2014,P33-YY_PP.shp,集客施設（ポイント）,P33_007,住所・所在地,
P33,2014年度版,2014,P33-YY_PP.shp,集客施設（ポイント）,P33_008,電話番号,
P33,2014年度版,2014,P33-YY_PP.shp,集客施設（ポイント）,P33_009,開設年月日,
P33,2014年度版,2014,P33-YY_PP.shp,集客施設（ポイント）,P33_010,ホームページURL,
P33,2014年度版,2014,P33-YY_PP.shp,集客施設（ポイント）,P33_011,アクセス,
P33,2014年度版,2014,P33-YY_PP.shp,集客施設（ポイント）,P33_012,スクリーン数,
P33,2014年度版,2014,P33-YY_PP.shp,集客施設（ポイント）,P33_013,総席数,
P33,2014年度版,2014,P33-YY_PP.shp,集客施設（ポイント）,P33_014,公民館の種別,
P33,2014年度版,2014,P33-YY_PP.shp,集客施設（ポイント）,P33_015,営業・稼働日数,
P33,2014年度版,2014,P33-YY_PP.shp,集客施設（ポイント）,P33_016,営業時間,
P33,2014年度版,2014,P33-YY_PP.shp,集客施設（ポイント）,P33_017,入場料の有無,
P33,2014年度版,2014,P33-YY_PP.shp,集客施設（ポイント）,P33_018,敷地面積,
P33,2014年度版,2014,P33-YY_PP.shp,集客施設（ポイント）,P33_019,建築総面積,
P33,2014年度版,2014,P33-YY_PP.shp,集客施設（ポイント）,P33_020,ホール数,
P33,2014年度版,2014,P33-YY_PP.shp,集客施設（ポイント）,P33_021,ホールの最大席数,
P33,2014年度版,2014,P33-YY_PP.shp,集客施設（ポイント）,P33_022,ホールの総席数,
P33,2014年度版,2014,P33-YY_PP.shp,集客施設（ポイント）,P33_023,会議室数,
P33,2014年度版,2014,P33-YY_PP.shp,集客施設（ポイント）,P33_024,展示室数,
P33,2014年度版,2014,P33-YY_PP.shp,集客施設（ポイント）,P33_041,代表点区分,
P34,2014年度版,2014,P34-YY_PP.shp,市区町村役場（ポイント）,P34_001,行政区域コード,
P34,2014年度版,2014,P34-YY_PP.shp,市区町村役場（ポイント）,P34_002,施設分類,
P34,2014年度版,2014,P34-YY_PP.shp,市区町村役場（ポイント）,P34_003,名称,
P34,2014年度版,2014,P34-YY_PP.shp,市区町村役場（ポイント）,P34_004,所在地,
P35,2018年度版,2018,P35-YY_Roadside_Station.shp,道の駅（ポイント）,P35_001,緯度,
P35,2018年度版,2018,P35-YY_Roadside_Station.shp,道の駅（ポイント）,P35_002,経度,
P35,2018年度版,2018,P35-YY_Roadside_Station.shp,道の駅（ポイント）,P35_003,都道府県名,
P35,2018年度版,2018,P35-YY_Roadside_Station.shp,道の駅（ポイント）,P35_004,市町村名,
P35,2018年度版,2018,P35-YY_Roadside_Station.shp,道の駅（ポイント）,P35_005,行政区域コード,
P35,2018年度版,2018,P35-YY_Roadside_Station.shp,道の駅（ポイント）,P35_006,道の駅名,
P35,2018年度版,2018,P35-YY_Roadside_Station.shp,道の駅（ポイント）,P35_007,ホームページアドレス1,
P35,2018年度版,2018,P35-YY_Roadside_Station.shp,道の駅（ポイント）,P35_008,ホームページアドレス2,
P35,2018年度版,2018,P35-YY_Roadside_Station.shp,道の駅（ポイント）,P35_009,ホームページアドレス3,
P35,2018年度版,2018,P35-YY_Roadside_Station.shp,道の駅（ポイント）,P35_010,ホームページアドレス4,
P35,2018年度版,2018,P35-YY_Roadside_Station.shp,道の駅（ポイント）,P35_011,ATM有無,
P35,2018年度版,2018,P35-YY_Roadside_Station.shp,道の駅（ポイント）,P35_012,ベビーベッド有無,
P35,2018年度版,2018,P35-YY_Roadside_Station.shp,道の駅（ポイント）,P35_013,レストラン有無,
P35,2018年度版,2018,P35-YY_Roadside_Station.shp,道の駅（ポイント）,P35_014,軽食・喫茶有無,
P35,2018年度版,2018,P35-YY_Roadside_Station.shp,道の駅（ポイント）,P35_015,宿泊施設有無,
P35,2018年度版,2018,P35-YY_Roadside_Station.shp,道の駅（ポイント）,P35_016,温泉施設有無,
P35,2018年度版,2018,P35-YY_Roadside_Station.shp,道の駅（ポイント）,P35_017,キャンプ場等有無,
P35,2018年度版,2018,P35-YY_Roadside_Station.shp,道の駅（ポイント）,P35_018,公園有無,
P35,2018年度版,2018,P35-YY_Roadside_Station.shp,道の駅（ポイント）,P35_019,展望台有無,
P35,2018年度版,2018,P35-YY_Roadside_Station.shp,道の駅（ポイント）,P35_020,美術館・博物館有無,
P35,2018年度版,2018,P35-YY_Roadside_Station.shp,道の駅（ポイント）,P35_021,ガソリンスタンド有無,
P35,2018年度版,2018,P35-YY_Roadside_Station.shp,道の駅（ポイント）,P35_022,EV充電施設有無,
P35,2018年度版,2018,P35-YY_Roadside_Station.shp,道の駅（ポイント）,P35_023,無線LAN有無,
P35,2018年度版,2018,P35-YY_Roadside_Station.shp,道の駅（ポイント）,P35_024,シャワー有無,
P35,2018年度版,2018,P35-YY_Roadside_Station.shp,道の駅（ポイント）,P35_025,体験施設有無,
P35,2018年度版,2018,P35-YY_Roadside_Station.shp,道の駅（ポイント）,P35_026,観光案内有無,
P35,2018年度版,2018,P35-YY_Roadside_Station.shp,道の駅（ポイント）,P35_027,身障者トイレ有無,
P35,2018年度版,2018,P35-YY_Roadside_Station.shp,道の駅（ポイント）,P35_028,ショップ有無,
P36,2023年度版,2023,P36-YY_PP.shp,高速バス停留所（ポイント）,P36_001,バス停名,
P36,2023年度版,2023,P36-YY_PP.shp,高速バス停留所（ポイント）,P36_002,事業者名,
P36,2023年度版,2023,P36-YY_PP.shp,高速バス停留所（ポイント）,P36_003_01,バス系統_01,
P36,2023年度版,2023,P36-YY_PP.shp,高速バス停留所（ポイント）,P36_003_02,バス系統_02,
P36,2023年度版,2023,P36-YY_PP.shp,高速バス停留所（ポイント）,P36_003_03,バス系統_03,
P36,2023年度版,2023,P36-YY_PP.shp,高速バス停留所（ポイント）,P36_003_04,バス系統_04,
P36,2023年度版,2023,P36-YY_PP.shp,高速バス停留所（ポイント）,P36_003_05,バス系統_05,
P36,2023年度版,2023,P36-YY_PP.shp,高速バス停留所（ポイント）,P36_003_06,バス系統_06,
P36,2023年度版,2023,P36-YY_PP.shp,高速バス停留所（ポイント）,P36_003_07,バス系統_07,
P36,2023年度版,2023,P36-YY_PP.shp,高速バス停留所（ポイント）,P36_003_08,バス系統_08,
P36,2023年度版,2023,P36-YY_PP.shp,高速バス停留所（ポイント）,P36_003_09,バス系統_09,
P36,2023年度版,2023,P36-YY_PP.shp,高速バス停留所（ポイント）,P36_003_10,バス系統_10,
P36,2023年度版,2023,P36-YY_PP.shp,高速バス停留所（ポイント）,P36_003_11,バス系統_11,
P36,2023年度版,2023,P36-YY_PP.shp,高速バス停留所（ポイント）,P36_003_12,バス系統_12,
P36,2023年度版,2023,P36-YY_PP.shp,高速バス停留所（ポイント）,P36_003_13,バス系統_13,
P36,2023年度版,2023,P36-YY_PP.shp,高速バス停留所（ポイント）,P36_003_14,バス系統_14,
P36,2023年度版,2023,P36-YY_PP.shp,高速バス停留所（ポイント）,P36_003_15,バス系統_15,
P36,2023年度版,2023,P36-YY_PP.shp,高速バス停留所（ポイント）,P36_003_16,バス系統_16,
P36,2023年度版,2023,P36-YY_PP.shp,高速バス停留所（ポイント）,P36_003_17,バス系統_17,
P36,2023年度版,2023,P36-YY_PP.shp,高速バス停留所（ポイント）,P36_004_01,バス区分コード_01,
P36,2023年度版,2023,P36-YY_PP.shp,高速バス停留所（ポイント）,P36_004_02,バス区分コード_02,
P36,2023年度版,2023,P36-YY_PP.shp,高速バス停留所（ポイント）,P36_004_03,バス区分コード_03,
P36,2023年度版,2023,P36-YY_PP.shp,高速バス停留所（ポイント）,P36_004_04,バス区分コード_04,
P36,2023年度版,2023,P36-YY_PP.shp,高速バス停留所（ポイント）,P36_004_05,バス区分コード_05,
P36,2023年度版,2023,P36-YY_PP.shp,高速バス停留所（ポイント）,P36_004_06,バス区分コード_06,
P36,2023年度版,2023,P36-YY_PP.shp,高速バス停留所（ポイント）,P36_004_07,バス区分コード_07,
P36,2023年度版,2023,P36-YY_PP.shp,高速バス停留所（ポイント）,P36_004_08,バス区分コード_08,
P36,2023年度版,2023,P36-YY_PP.shp,高速バス停留所（ポイント）,P36_004_09,バス区分コード_09,
P36,2023年度版,2023,P36-YY_PP.shp,高速バス停留所（ポイント）,P36_004_10,バス区分コード_10,
P36,2023年度版,2023,P36-YY_PP.shp,高速バス停留所（ポイント）,P36_004_11,バス区分コード_11,
P36,2023年度版,2023,P36-YY_PP.shp,高速バス停留所（ポイント）,P36_004_12,バス区分コード_12,
P36,2023年度版,2023,P36-YY_PP.shp,高速バス停留所（ポイント）,P36_004_13,バス区分コード_13,
P36,2023年度版,2023,P36-YY_PP.shp,高速バス停留所（ポイント）,P36_004_14,バス区分コード_14,
P36,2023年度版,2023,P36-YY_PP.shp,高速バス停留所（ポイント）,P36_004_15,バス区分コード_15,
P36,2023年度版,2023,P36-YY_PP.shp,高速バス停留所（ポイント）,P36_004_16,バス区分コード_16,
P36,2023年度版,2023,P36-YY_PP.shp,高速バス停留所（ポイント）,P36_004_17,バス区分コード_17,
P36,2023年度版,2023,P36-YY_PP.shp,高速バス停留所（ポイント）,P36_005_01,始終点区分_01,
P36,2023年度版,2023,P36-YY_PP.shp,高速バス停留所（ポイント）,P36_005_02,始終点区分_02,
P36,2023年度版,2023,P36-YY_PP.shp,高速バス停留所（ポイント）,P36_005_03,始終点区分_03,
P36,2023年度版,2023,P36-YY_PP.shp,高速バス停留所（ポイント）,P36_005_04,始終点区分_04,
P36,2023年度版,2023,P36-YY_PP.shp,高速バス停留所（ポイント）,P36_005_05,始終点区分_05,
P36,2023年度版,2023,P36-YY_PP.shp,高速バス停留所（ポイント）,P36_005_06,始終点区分_06,
P36,2023年度版,2023,P36-YY_PP.shp,高速バス停留所（ポイント）,P36_005_07,始終点区分_07,
P36,2023年度版,2023,P36-YY_PP.shp,高速バス停留所（ポイント）,P36_005_08,始終点区分_08,
P36,2023年度版,2023,P36-YY_PP.shp,高速バス停留所（ポイント）,P36_005_09,始終点区分_09,
P36,2023年度版,2023,P36-YY_PP.shp,高速バス停留所（ポイント）,P36_005_10,始終点区分_10,
P36,2023年度版,2023,P36-YY_PP.shp,高速バス停留所（ポイント）,P36_005_11,始終点区分_11,
P36,2023年度版,2023,P36-YY_PP.shp,高速バス停留所（ポイント）,P36_005_12,始終点区分_12,
P36,2023年度版,2023,P36-YY_PP.shp,高速バス停留所（ポイント）,P36_005_13,始終点区分_13,
P36,2023年度版,2023,P36-YY_PP.shp,高速バス停留所（ポイント）,P36_005_14,始終点区分_14,
P36,2023年度版,2023,P36-YY_PP.shp,高速バス停留所（ポイント）,P36_005_15,始終点区分_15,
P36,2023年度版,2023,P36-YY_PP.shp,高速バス停留所（ポイント）,P36_005_16,始終点区分_16,
P36,2023年度版,2023,P36-YY_PP.shp,高速バス停留所（ポイント）,P36_005_17,始終点区分_17,
P36,2023年度版,2023,P36-YY_PP.shp,高速バス停留所（ポイント）,P36_006,備考,
S05-a,2010年度版,2010,S05-a-10_SYUTO-g_Occurred_ConcentratedTrafficVolumeOfPersonTrip.shp,発生・集中量（ポリゴン）（ライン）,S05a_001,都市圏,
S05-a,2010年度版,2010,S05-a-10_SYUTO-g_Occurred_ConcentratedTrafficVolumeOfPersonTrip.shp,発生・集中量（ポリゴン）（ライン）,S05a_002,調査年度,
S05-a,2010年度版,2010,S05-a-10_SYUTO-g_Occurred_ConcentratedTrafficVolumeOfPersonTrip.shp,発生・集中量（ポリゴン）（ライン）,S05a_003,発生集中,
S05-a,2010年度版,2010,S05-a-10_SYUTO-g_Occurred_ConcentratedTrafficVolumeOfPersonTrip.shp,発生・集中量（ポリゴン）（ライン）,S05a_004,ゾーンコード,
S05-a,2010年度版,2010,S05-a-10_SYUTO-g_Occurred_ConcentratedTrafficVolumeOfPersonTrip.shp,発生・集中量（ポリゴン）（ライン）,S05a_005,鉄道-出勤トリップ数,
S05-a,2010年度版,2010,S05-a-10_SYUTO-g_Occurred_ConcentratedTrafficVolumeOfPersonTrip.shp,発生・集中量（ポリゴン）（ライン）,S05a_006,鉄道-登校トリップ数,
S05-a,2010年度版,2010,S05-a-10_SYUTO-g_Occurred_ConcentratedTrafficVolumeOfPersonTrip.shp,発生・集中量（ポリゴン）（ライン）,S05a_007,鉄道-自由トリップ数,
S05-a,2010年度版,2010,S05-a-10_SYUTO-g_Occurred_ConcentratedTrafficVolumeOfPersonTrip.shp,発生・集中量（ポリゴン）（ライン）,S05a_008,鉄道-業務トリップ数,
S05-a,2010年度版,2010,S05-a-10_SYUTO-g_Occurred_ConcentratedTrafficVolumeOfPersonTrip.shp,発生・集中量（ポリゴン）（ライン）,S05a_009,鉄道-帰宅トリップ数,
S05-a,2010年度版,2010,S05-a-10_SYUTO-g_Occurred_ConcentratedTrafficVolumeOfPersonTrip.shp,発生・集中量（ポリゴン）（ライン）,S05a_010,鉄道-合計トリップ数,
S05-a,2010年度版,2010,S05-a-10_SYUTO-g_Occurred_ConcentratedTrafficVolumeOfPersonTrip.shp,発生・集中量（ポリゴン）（ライン）,S05a_011,バス-出勤トリップ数,
S05-a,2010年度版,2010,S05-a-10_SYUTO-g_Occurred_ConcentratedTrafficVolumeOfPersonTrip.shp,発生・集中量（ポリゴン）（ライン）,S05a_012,バス-登校トリップ数,
S05-a,2010年度版,2010,S05-a-10_SYUTO-g_Occurred_ConcentratedTrafficVolumeOfPersonTrip.shp,発生・集中量（ポリゴン）（ライン）,S05a_013,バス-自由トリップ数,
S05-a,2010年度版,2010,S05-a-10_SYUTO-g_Occurred_ConcentratedTrafficVolumeOfPersonTrip.shp,発生・集中量（ポリゴン）（ライン）,S05a_014,バス-業務トリップ数,
S05-a,2010年度版,2010,S05-a-10_SYUTO-g_Occurred_ConcentratedTrafficVolumeOfPersonTrip.shp,発生・集中量（ポリゴン）（ライン）,S05a_015,バス-帰宅トリップ数,
S05-a,2010年度版,2010,S05-a-10_SYUTO-g_Occurred_ConcentratedTrafficVolumeOfPersonTrip.shp,発生・集中量（ポリゴン）（ライン）,S05a_016,バス-合計トリップ数,
S05-a,2010年度版,2010,S05-a-10_SYUTO-g_Occurred_ConcentratedTrafficVolumeOfPersonTrip.shp,発生・集中量（ポリゴン）（ライン）,S05a_017,自動車-出勤トリップ数,
S05-a,2010年度版,2010,S05-a-10_SYUTO-g_Occurred_ConcentratedTrafficVolumeOfPersonTrip.shp,発生・集中量（ポリゴン）（ライン）,S05a_018,自動車-登校トリップ数,
S05-a,2010年度版,2010,S05-a-10_SYUTO-g_Occurred_ConcentratedTrafficVolumeOfPersonTrip.shp,発生・集中量（ポリゴン）（ライン）,S05a_019,自動車-自由トリップ数,
S05-a,2010年度版,2010,S05-a-10_SYUTO-g_Occurred_ConcentratedTrafficVolumeOfPersonTrip.shp,発生・集中量（ポリゴン）（ライン）,S05a_020,自動車-業務トリップ数,
S05-a,2010年度版,2010,S05-a-10_SYUTO-g_Occurred_ConcentratedTrafficVolumeOfPersonTrip.shp,発生・集中量（ポリゴン）（ライン）,S05a_021,自動車-帰宅トリップ数,
S05-a,2010年度版,2010,S05-a-10_SYUTO-g_Occurred_ConcentratedTrafficVolumeOfPersonTrip.shp,発生・集中量（ポリゴン）（ライン）,S05a_022,自動車-合計トリップ数,
S05-a,2010年度版,2010,S05-a-10_SYUTO-g_Occurred_ConcentratedTrafficVolumeOfPersonTrip.shp,発生・集中量（ポリゴン）（ライン）,S05a_023,二輪-出勤トリップ数,
S05-a,2010年度版,2010,S05-a-10_SYUTO-g_Occurred_ConcentratedTrafficVolumeOfPersonTrip.shp,発生・集中量（ポリゴン）（ライン）,S05a_024,二輪-登校トリップ数,
S05-a,2010年度版,2010,S05-a-10_SYUTO-g_Occurred_ConcentratedTrafficVolumeOfPersonTrip.shp,発生・集中量（ポリゴン）（ライン）,S05a_025,二輪-自由トリップ数,
S05-a,2010年度版,2010,S05-a-10_SYUTO-g_Occurred_ConcentratedTrafficVolumeOfPersonTrip.shp,発生・集中量（ポリゴン）（ライン）,S05a_026,二輪-業務トリップ数,
S05-a,2010年度版,2010,S05-a-10_SYUTO-g_Occurred_ConcentratedTrafficVolumeOfPersonTrip.shp,発生・集中量（ポリゴン）（ライン）,S05a_027,二輪-帰宅トリップ数,
S05-a,2010年度版,2010,S05-a-10_SYUTO-g_Occurred_ConcentratedTrafficVolumeOfPersonTrip.shp,発生・集中量（ポリゴン）（ライン）,S05a_028,二輪-合計トリップ数,
S05-a,2010年度版,2010,S05-a-10_SYUTO-g_Occurred_ConcentratedTrafficVolumeOfPersonTrip.shp,発生・集中量（ポリゴン）（ライン）,S05a_029,徒歩-出勤トリップ数,
S05-a,2010年度版,2010,S05-a-10_SYUTO-g_Occurred_ConcentratedTrafficVolumeOfPersonTrip.shp,発生・集中量（ポリゴン）（ライン）,S05a_030,徒歩-登校トリップ数,
S05-a,2010年度版,2010,S05-a-10_SYUTO-g_Occurred_ConcentratedTrafficVolumeOfPersonTrip.shp,発生・集中量（ポリゴン）（ライン）,S05a_031,徒歩-自由トリップ数,
S05-a,2010年度版,2010,S05-a-10_SYUTO-g_Occurred_ConcentratedTrafficVolumeOfPersonTrip.shp,発生・集中量（ポリゴン）（ライン）,S05a_032,徒歩-業務トリップ数,
S05-a,2010年度版,2010,S05-a-10_SYUTO-g_Occurred_ConcentratedTrafficVolumeOfPersonTrip.shp,発生・集中量（ポリゴン）（ライン）,S05a_033,徒歩-帰宅トリップ数,
S05-a,2010年度版,2010,S05-a-10_SYUTO-g_Occurred_ConcentratedTrafficVolumeOfPersonTrip.shp,発生・集中量（ポリゴン）（ライン）,S05a_034,徒歩-合計トリップ数,
S05-a,2010年度版,2010,S05-a-10_SYUTO-g_Occurred_ConcentratedTrafficVolumeOfPersonTrip.shp,発生・集中量（ポリゴン）（ライン）,S05a_035,全トリップ数,
S05-a,2013年度版,2013,S05-a-13_CHUBU-g_Occurred_ConcentratedTrafficVolumeOfPersonTrip.shp,発生・集中量（ポリゴン）（ライン）,S05a_001,都市圏,
S05-a,2013年度版,2013,S05-a-13_CHUBU-g_Occurred_ConcentratedTrafficVolumeOfPersonTrip.shp,発生・集中量（ポリゴン）（ライン）,S05a_002,調査年度,
S05-a,2013年度版,2013,S05-a-13_CHUBU-g_Occurred_ConcentratedTrafficVolumeOfPersonTrip.shp,発生・集中量（ポリゴン）（ライン）,S05a_003,発生集中,
S05-a,2013年度版,2013,S05-a-13_CHUBU-g_Occurred_ConcentratedTrafficVolumeOfPersonTrip.shp,発生・集中量（ポリゴン）（ライン）,S05a_004,ゾーンコード,
S05-a,2013年度版,2013,S05-a-13_CHUBU-g_Occurred_ConcentratedTrafficVolumeOfPersonTrip.shp,発生・集中量（ポリゴン）（ライン）,S05a_005,鉄道-出勤トリップ数,
S05-a,2013年度版,2013,S05-a-13_CHUBU-g_Occurred_ConcentratedTrafficVolumeOfPersonTrip.shp,発生・集中量（ポリゴン）（ライン）,S05a_006,鉄道-登校トリップ数,
S05-a,2013年度版,2013,S05-a-13_CHUBU-g_Occurred_ConcentratedTrafficVolumeOfPersonTrip.shp,発生・集中量（ポリゴン）（ライン）,S05a_007,鉄道-自由トリップ数,
S05-a,2013年度版,2013,S05-a-13_CHUBU-g_Occurred_ConcentratedTrafficVolumeOfPersonTrip.shp,発生・集中量（ポリゴン）（ライン）,S05a_008,鉄道-業務トリップ数,
S05-a,2013年度版,2013,S05-a-13_CHUBU-g_Occurred_ConcentratedTrafficVolumeOfPersonTrip.shp,発生・集中量（ポリゴン）（ライン）,S05a_009,鉄道-帰宅トリップ数,
S05-a,2013年度版,2013,S05-a-13_CHUBU-g_Occurred_ConcentratedTrafficVolumeOfPersonTrip.shp,発生・集中量（ポリゴン）（ライン）,S05a_010,鉄道-不明トリップ数,
S05-a,2013年度版,2013,S05-a-13_CHUBU-g_Occurred_ConcentratedTrafficVolumeOfPersonTrip.shp,発生・集中量（ポリゴン）（ライン）,S05a_011,鉄道-合計トリップ数,
S05-a,2013年度版,2013,S05-a-13_CHUBU-g_Occurred_ConcentratedTrafficVolumeOfPersonTrip.shp,発生・集中量（ポリゴン）（ライン）,S05a_012,バス-出勤トリップ数,
S05-a,2013年度版,2013,S05-a-13_CHUBU-g_Occurred_ConcentratedTrafficVolumeOfPersonTrip.shp,発生・集中量（ポリゴン）（ライン）,S05a_013,バス-登校トリップ数,
S05-a,2013年度版,2013,S05-a-13_CHUBU-g_Occurred_ConcentratedTrafficVolumeOfPersonTrip.shp,発生・集中量（ポリゴン）（ライン）,S05a_014,バス-自由トリップ数,
S05-a,2013年度版,2013,S05-a-13_CHUBU-g_Occurred_ConcentratedTrafficVolumeOfPersonTrip.shp,発生・集中量（ポリゴン）（ライン）,S05a_015,バス-業務トリップ数,
S05-a,2013年度版,2013,S05-a-13_CHUBU-g_Occurred_ConcentratedTrafficVolumeOfPersonTrip.shp,発生・集中量（ポリゴン）（ライン）,S05a_016,バス-帰宅トリップ数,
S05-a,2013年度版,2013,S05-a-13_CHUBU-g_Occurred_ConcentratedTrafficVolumeOfPersonTrip.shp,発生・集中量（ポリゴン）（ライン）,S05a_017,バス-不明トリップ数,
S05-a,2013年度版,2013,S05-a-13_CHUBU-g_Occurred_ConcentratedTrafficVolumeOfPersonTrip.shp,発生・集中量（ポリゴン）（ライン）,S05a_018,バス-合計トリップ数,
S05-a,2013年度版,2013,S05-a-13_CHUBU-g_Occurred_ConcentratedTrafficVolumeOfPersonTrip.shp,発生・集中量（ポリゴン）（ライン）,S05a_019,自動車-出勤トリップ数,
S05-a,2013年度版,2013,S05-a-13_CHUBU-g_Occurred_ConcentratedTrafficVolumeOfPersonTrip.shp,発生・集中量（ポリゴン）（ライン）,S05a_020,自動車-登校トリップ数,
S05-a,2013年度版,2013,S05-a-13_CHUBU-g_Occurred_ConcentratedTrafficVolumeOfPersonTrip.shp,発生・集中量（ポリゴン）（ライン）,S05a_021,自動車-自由トリップ数,
S05-a,2013年度版,2013,S05-a-13_CHUBU-g_Occurred_ConcentratedTrafficVolumeOfPersonTrip.shp,発生・集中量（ポリゴン）（ライン）,S05a_022,自動車-業務トリップ数,
S05-a,2013年度版,2013,S05-a-13_CHUBU-g_Occurred_ConcentratedTrafficVolumeOfPersonTrip.shp,発生・集中量（ポリゴン）（ライン）,S05a_023,自動車-帰宅トリップ数,
S05-a,2013年度版,2013,S05-a-13_CHUBU-g_Occurred_ConcentratedTrafficVolumeOfPersonTrip.shp,発生・集中量（ポリゴン）（ライン）,S05a_024,自動車-不明トリップ数,
S05-a,2013年度版,2013,S05-a-13_CHUBU-g_Occurred_ConcentratedTrafficVolumeOfPersonTrip.shp,発生・集中量（ポリゴン）（ライン）,S05a_025,自動車-合計トリップ数,
S05-a,2013年度版,2013,S05-a-13_CHUBU-g_Occurred_ConcentratedTrafficVolumeOfPersonTrip.shp,発生・集中量（ポリゴン）（ライン）,S05a_026,原付バイク-出勤トリップ数,
S05-a,2013年度版,2013,S05-a-13_CHUBU-g_Occurred_ConcentratedTrafficVolumeOfPersonTrip.shp,発生・集中量（ポリゴン）（ライン）,S05a_027,原付バイク-登校トリップ数,
S05-a,2013年度版,2013,S05-a-13_CHUBU-g_Occurred_ConcentratedTrafficVolumeOfPersonTrip.shp,発生・集中量（ポリゴン）（ライン）,S05a_028,原付バイク-自由トリップ数,
S05-a,2013年度版,2013,S05-a-13_CHUBU-g_Occurred_ConcentratedTrafficVolumeOfPersonTrip.shp,発生・集中量（ポリゴン）（ライン）,S05a_029,原付バイク-業務トリップ数,
S05-a,2013年度版,2013,S05-a-13_CHUBU-g_Occurred_ConcentratedTrafficVolumeOfPersonTrip.shp,発生・集中量（ポリゴン）（ライン）,S05a_030,原付バイク-帰宅トリップ数,
S05-a,2013年度版,2013,S05-a-13_CHUBU-g_Occurred_ConcentratedTrafficVolumeOfPersonTrip.shp,発生・集中量（ポリゴン）（ライン）,S05a_031,原付バイク-不明トリップ数,
S05-a,2013年度版,2013,S05-a-13_CHUBU-g_Occurred_ConcentratedTrafficVolumeOfPersonTrip.shp,発生・集中量（ポリゴン）（ライン）,S05a_032,原付バイク-合計トリップ数,
S05-a,2013年度版,2013,S05-a-13_CHUBU-g_Occurred_ConcentratedTrafficVolumeOfPersonTrip.shp,発生・集中量（ポリゴン）（ライン）,S05a_033,自転車-出勤トリップ数,
S05-a,2013年度版,2013,S05-a-13_CHUBU-g_Occurred_ConcentratedTrafficVolumeOfPersonTrip.shp,発生・集中量（ポリゴン）（ライン）,S05a_034,自転車-登校トリップ数,
S05-a,2013年度版,2013,S05-a-13_CHUBU-g_Occurred_ConcentratedTrafficVolumeOfPersonTrip.shp,発生・集中量（ポリゴン）（ライン）,S05a_035,自転車-自由トリップ数,
S05-a,2013年度版,2013,S05-a-13_CHUBU-g_Occurred_ConcentratedTrafficVolumeOfPersonTrip.shp,発生・集中量（ポリゴン）（ライン）,S05a_036,自転車-業務トリップ数,
S05-a,2013年度版,2013,S05-a-13_CHUBU-g_Occurred_ConcentratedTrafficVolumeOfPersonTrip.shp,発生・集中量（ポリゴン）（ライン）,S05a_037,自転車-帰宅トリップ数,
S05-a,2013年度版,2013,S05-a-13_CHUBU-g_Occurred_ConcentratedTrafficVolumeOfPersonTrip.shp,発生・集中量（ポリゴン）（ライン）,S05a_038,自転車-不明トリップ数,
S05-a,2013年度版,2013,S05-a-13_CHUBU-g_Occurred_ConcentratedTrafficVolumeOfPersonTrip.shp,発生・集中量（ポリゴン）（ライン）,S05a_039,自転車-合計トリップ数,
S05-a,2013年度版,2013,S05-a-13_CHUBU-g_Occurred_ConcentratedTrafficVolumeOfPersonTrip.shp,発生・集中量（ポリゴン）（ライン）,S05a_040,徒歩-出勤トリップ数,
S05-a,2013年度版,2013,S05-a-13_CHUBU-g_Occurred_ConcentratedTrafficVolumeOfPersonTrip.shp,発生・集中量（ポリゴン）（ライン）,S05a_041,徒歩-登校トリップ数,
S05-a,2013年度版,2013,S05-a-13_CHUBU-g_Occurred_ConcentratedTrafficVolumeOfPersonTrip.shp,発生・集中量（ポリゴン）（ライン）,S05a_042,徒歩-自由トリップ数,
S05-a,2013年度版,2013,S05-a-13_CHUBU-g_Occurred_ConcentratedTrafficVolumeOfPersonTrip.shp,発生・集中量（ポリゴン）（ライン）,S05a_043,徒歩-業務トリップ数,
S05-a,2013年度版,2013,S05-a-13_CHUBU-g_Occurred_ConcentratedTrafficVolumeOfPersonTrip.shp,発生・集中量（ポリゴン）（ライン）,S05a_044,徒歩-帰宅トリップ数,
S05-a,2013年度版,2013,S05-a-13_CHUBU-g_Occurred_ConcentratedTrafficVolumeOfPersonTrip.shp,発生・集中量（ポリゴン）（ライン）,S05a_045,徒歩-不明トリップ数,
S05-a,2013年度版,2013,S05-a-13_CHUBU-g_Occurred_ConcentratedTrafficVolumeOfPersonTrip.shp,発生・集中量（ポリゴン）（ライン）,S05a_046,徒歩-合計トリップ数,
S05-a,2013年度版,2013,S05-a-13_CHUBU-g_Occurred_ConcentratedTrafficVolumeOfPersonTrip.shp,発生・集中量（ポリゴン）（ライン）,S05a_047,不明-出勤トリップ数,
S05-a,2013年度版,2013,S05-a-13_CHUBU-g_Occurred_ConcentratedTrafficVolumeOfPersonTrip.shp,発生・集中量（ポリゴン）（ライン）,S05a_048,不明-登校トリップ数,
S05-a,2013年度版,2013,S05-a-13_CHUBU-g_Occurred_ConcentratedTrafficVolumeOfPersonTrip.shp,発生・集中量（ポリゴン）（ライン）,S05a_049,不明-自由トリップ数,
S05-a,2013年度版,2013,S05-a-13_CHUBU-g_Occurred_ConcentratedTrafficVolumeOfPersonTrip.shp,発生・集中量（ポリゴン）（ライン）,S05a_050,不明-業務トリップ数,
S05-a,2013年度版,2013,S05-a-13_CHUBU-g_Occurred_ConcentratedTrafficVolumeOfPersonTrip.shp,発生・集中量（ポリゴン）（ライン）,S05a_051,不明-帰宅トリップ数,
S05-a,2013年度版,2013,S05-a-13_CHUBU-g_Occurred_ConcentratedTrafficVolumeOfPersonTrip.shp,発生・集中量（ポリゴン）（ライン）,S05a_052,不明-不明トリップ数,
S05-a,2013年度版,2013,S05-a-13_CHUBU-g_Occurred_ConcentratedTrafficVolumeOfPersonTrip.shp,発生・集中量（ポリゴン）（ライン）,S05a_053,不明-合計トリップ数,
S05-a,2013年度版,2013,S05-a-13_CHUBU-g_Occurred_ConcentratedTrafficVolumeOfPersonTrip.shp,発生・集中量（ポリゴン）（ライン）,S05a_054,全トリップ数,
S05-a,2012年度版,2012,S05-a-12_KINKI-g_Occurred_ConcentratedTrafficVolumeOfPersonTrip.shp,発生・集中量（ポリゴン）（ライン）,S05a_001,都市圏,
S05-a,2012年度版,2012,S05-a-12_KINKI-g_Occurred_ConcentratedTrafficVolumeOfPersonTrip.shp,発生・集中量（ポリゴン）（ライン）,S05a_002,調査年度,
S05-a,2012年度版,2012,S05-a-12_KINKI-g_Occurred_ConcentratedTrafficVolumeOfPersonTrip.shp,発生・集中量（ポリゴン）（ライン）,S05a_003,発生集中,
S05-a,2012年度版,2012,S05-a-12_KINKI-g_Occurred_ConcentratedTrafficVolumeOfPersonTrip.shp,発生・集中量（ポリゴン）（ライン）,S05a_004,ゾーンコード,
S05-a,2012年度版,2012,S05-a-12_KINKI-g_Occurred_ConcentratedTrafficVolumeOfPersonTrip.shp,発生・集中量（ポリゴン）（ライン）,S05a_005,鉄道-出勤トリップ数,
S05-a,2012年度版,2012,S05-a-12_KINKI-g_Occurred_ConcentratedTrafficVolumeOfPersonTrip.shp,発生・集中量（ポリゴン）（ライン）,S05a_006,鉄道-登校トリップ数,
S05-a,2012年度版,2012,S05-a-12_KINKI-g_Occurred_ConcentratedTrafficVolumeOfPersonTrip.shp,発生・集中量（ポリゴン）（ライン）,S05a_007,鉄道-自由トリップ数,
S05-a,2012年度版,2012,S05-a-12_KINKI-g_Occurred_ConcentratedTrafficVolumeOfPersonTrip.shp,発生・集中量（ポリゴン）（ライン）,S05a_008,鉄道-業務トリップ数,
S05-a,2012年度版,2012,S05-a-12_KINKI-g_Occurred_ConcentratedTrafficVolumeOfPersonTrip.shp,発生・集中量（ポリゴン）（ライン）,S05a_009,鉄道-帰宅トリップ数,
S05-a,2012年度版,2012,S05-a-12_KINKI-g_Occurred_ConcentratedTrafficVolumeOfPersonTrip.shp,発生・集中量（ポリゴン）（ライン）,S05a_010,鉄道-合計トリップ数,
S05-a,2012年度版,2012,S05-a-12_KINKI-g_Occurred_ConcentratedTrafficVolumeOfPersonTrip.shp,発生・集中量（ポリゴン）（ライン）,S05a_011,バス-出勤トリップ数,
S05-a,2012年度版,2012,S05-a-12_KINKI-g_Occurred_ConcentratedTrafficVolumeOfPersonTrip.shp,発生・集中量（ポリゴン）（ライン）,S05a_012,バス-登校トリップ数,
S05-a,2012年度版,2012,S05-a-12_KINKI-g_Occurred_ConcentratedTrafficVolumeOfPersonTrip.shp,発生・集中量（ポリゴン）（ライン）,S05a_013,バス-自由トリップ数,
S05-a,2012年度版,2012,S05-a-12_KINKI-g_Occurred_ConcentratedTrafficVolumeOfPersonTrip.shp,発生・集中量（ポリゴン）（ライン）,S05a_014,バス-業務トリップ数,
S05-a,2012年度版,2012,S05-a-12_KINKI-g_Occurred_ConcentratedTrafficVolumeOfPersonTrip.shp,発生・集中量（ポリゴン）（ライン）,S05a_015,バス-帰宅トリップ数,
S05-a,2012年度版,2012,S05-a-12_KINKI-g_Occurred_ConcentratedTrafficVolumeOfPersonTrip.shp,発生・集中量（ポリゴン）（ライン）,S05a_016,バス-合計トリップ数,
S05-a,2012年度版,2012,S05-a-12_KINKI-g_Occurred_ConcentratedTrafficVolumeOfPersonTrip.shp,発生・集中量（ポリゴン）（ライン）,S05a_017,自動車-出勤トリップ数,
S05-a,2012年度版,2012,S05-a-12_KINKI-g_Occurred_ConcentratedTrafficVolumeOfPersonTrip.shp,発生・集中量（ポリゴン）（ライン）,S05a_018,自動車-登校トリップ数,
S05-a,2012年度版,2012,S05-a-12_KINKI-g_Occurred_ConcentratedTrafficVolumeOfPersonTrip.shp,発生・集中量（ポリゴン）（ライン）,S05a_019,自動車-自由トリップ数,
S05-a,2012年度版,2012,S05-a-12_KINKI-g_Occurred_ConcentratedTrafficVolumeOfPersonTrip.shp,発生・集中量（ポリゴン）（ライン）,S05a_020,自動車-業務トリップ数,
S05-a,2012年度版,2012,S05-a-12_KINKI-g_Occurred_ConcentratedTrafficVolumeOfPersonTrip.shp,発生・集中量（ポリゴン）（ライン）,S05a_021,自動車-帰宅トリップ数,
S05-a,2012年度版,2012,S05-a-12_KINKI-g_Occurred_ConcentratedTrafficVolumeOfPersonTrip.shp,発生・集中量（ポリゴン）（ライン）,S05a_022,自動車-合計トリップ数,
S05-a,2012年度版,2012,S05-a-12_KINKI-g_Occurred_ConcentratedTrafficVolumeOfPersonTrip.shp,発生・集中量（ポリゴン）（ライン）,S05a_023,二輪-出勤トリップ数,
S05-a,2012年度版,2012,S05-a-12_KINKI-g_Occurred_ConcentratedTrafficVolumeOfPersonTrip.shp,発生・集中量（ポリゴン）（ライン）,S05a_024,二輪-登校トリップ数,
S05-a,2012年度版,2012,S05-a-12_KINKI-g_Occurred_ConcentratedTrafficVolumeOfPersonTrip.shp,発生・集中量（ポリゴン）（ライン）,S05a_025,二輪-自由トリップ数,
S05-a,2012年度版,2012,S05-a-12_KINKI-g_Occurred_ConcentratedTrafficVolumeOfPersonTrip.shp,発生・集中量（ポリゴン）（ライン）,S05a_026,二輪-業務トリップ数,
S05-a,2012年度版,2012,S05-a-12_KINKI-g_Occurred_ConcentratedTrafficVolumeOfPersonTrip.shp,発生・集中量（ポリゴン）（ライン）,S05a_027,二輪-帰宅トリップ数,
S05-a,2012年度版,2012,S05-a-12_KINKI-g_Occurred_ConcentratedTrafficVolumeOfPersonTrip.shp,発生・集中量（ポリゴン）（ライン）,S05a_028,二輪-合計トリップ数,
S05-a,2012年度版,2012,S05-a-12_KINKI-g_Occurred_ConcentratedTrafficVolumeOfPersonTrip.shp,発生・集中量（ポリゴン）（ライン）,S05a_029,自転車-出勤トリップ数,
S05-a,2012年度版,2012,S05-a-12_KINKI-g_Occurred_ConcentratedTrafficVolumeOfPersonTrip.shp,発生・集中量（ポリゴン）（ライン）,S05a_030,自転車-登校トリップ数,
S05-a,2012年度版,2012,S05-a-12_KINKI-g_Occurred_ConcentratedTrafficVolumeOfPersonTrip.shp,発生・集中量（ポリゴン）（ライン）,S05a_031,自転車-自由トリップ数,
S05-a,2012年度版,2012,S05-a-12_KINKI-g_Occurred_ConcentratedTrafficVolumeOfPersonTrip.shp,発生・集中量（ポリゴン）（ライン）,S05a_032,自転車-業務トリップ数,
S05-a,2012年度版,2012,S05-a-12_KINKI-g_Occurred_ConcentratedTrafficVolumeOfPersonTrip.shp,発生・集中量（ポリゴン）（ライン）,S05a_033,自転車-帰宅トリップ数,
S05-a,2012年度版,2012,S05-a-12_KINKI-g_Occurred_ConcentratedTrafficVolumeOfPersonTrip.shp,発生・集中量（ポリゴン）（ライン）,S05a_034,自転車-合計トリップ数,
S05-a,2012年度版,2012,S05-a-12_KINKI-g_Occurred_ConcentratedTrafficVolumeOfPersonTrip.shp,発生・集中量（ポリゴン）（ライン）,S05a_035,徒歩-出勤トリップ数,
S05-a,2012年度版,2012,S05-a-12_KINKI-g_Occurred_ConcentratedTrafficVolumeOfPersonTrip.shp,発生・集中量（ポリゴン）（ライン）,S05a_036,徒歩-登校トリップ数,
S05-a,2012年度版,2012,S05-a-12_KINKI-g_Occurred_ConcentratedTrafficVolumeOfPersonTrip.shp,発生・集中量（ポリゴン）（ライン）,S05a_037,徒歩-自由トリップ数,
S05-a,2012年度版,2012,S05-a-12_KINKI-g_Occurred_ConcentratedTrafficVolumeOfPersonTrip.shp,発生・集中量（ポリゴン）（ライン）,S05a_038,徒歩-業務トリップ数,
S05-a,2012年度版,2012,S05-a-12_KINKI-g_Occurred_ConcentratedTrafficVolumeOfPersonTrip.shp,発生・集中量（ポリゴン）（ライン）,S05a_039,徒歩-帰宅トリップ数,
S05-a,2012年度版,2012,S05-a-12_KINKI-g_Occurred_ConcentratedTrafficVolumeOfPersonTrip.shp,発生・集中量（ポリゴン）（ライン）,S05a_040,徒歩-合計トリップ数,
S05-a,2012年度版,2012,S05-a-12_KINKI-g_Occurred_ConcentratedTrafficVolumeOfPersonTrip.shp,発生・集中量（ポリゴン）（ライン）,S05a_041,その他-出勤トリップ数,
S05-a,2012年度版,2012,S05-a-12_KINKI-g_Occurred_ConcentratedTrafficVolumeOfPersonTrip.shp,発生・集中量（ポリゴン）（ライン）,S05a_042,その他-登校トリップ数,
S05-a,2012年度版,2012,S05-a-12_KINKI-g_Occurred_ConcentratedTrafficVolumeOfPersonTrip.shp,発生・集中量（ポリゴン）（ライン）,S05a_043,その他-自由トリップ数,
S05-a,2012年度版,2012,S05-a-12_KINKI-g_Occurred_ConcentratedTrafficVolumeOfPersonTrip.shp,発生・集中量（ポリゴン）（ライン）,S05a_044,その他-業務トリップ数,
S05-a,2012年度版,2012,S05-a-12_KINKI-g_Occurred_ConcentratedTrafficVolumeOfPersonTrip.shp,発生・集中量（ポリゴン）（ライン）,S05a_045,その他-帰宅トリップ数,
S05-a,2012年度版,2012,S05-a-12_KINKI-g_Occurred_ConcentratedTrafficVolumeOfPersonTrip.shp,発生・集中量（ポリゴン）（ライン）,S05a_046,その他-合計トリップ数,
S05-a,2012年度版,2012,S05-a-12_KINKI-g_Occurred_ConcentratedTrafficVolumeOfPersonTrip.shp,発生・集中量（ポリゴン）（ライン）,S05a_047,全トリップ数,
S05-b,2010年度版,2010,S05-b-10_SYUTO-1-g_PersonTripODAmount.shp,OD量（ポリゴン）（ライン）,S05b_001,都市圏,
S05-b,2010年度版,2010,S05-b-10_SYUTO-2-g_PersonTripODAmount.shp,OD量（ポリゴン）（ライン）,S05b_001,都市圏,
S05-b,2010年度版,2010,S05-b-10_SYUTO-3-g_PersonTripODAmount.shp,OD量（ポリゴン）（ライン）,S05b_001,都市圏,
S05-b,2010年度版,2010,S05-b-10_SYUTO-1-g_PersonTripODAmount.shp,OD量（ポリゴン）（ライン）,S05b_002,調査年度,
S05-b,2010年度版,2010,S05-b-10_SYUTO-2-g_PersonTripODAmount.shp,OD量（ポリゴン）（ライン）,S05b_002,調査年度,
S05-b,2010年度版,2010,S05-b-10_SYUTO-3-g_PersonTripODAmount.shp,OD量（ポリゴン）（ライン）,S05b_002,調査年度,
S05-b,2010年度版,2010,S05-b-10_SYUTO-1-g_PersonTripODAmount.shp,OD量（ポリゴン）（ライン）,S05b_003,発生集中,
S05-b,2010年度版,2010,S05-b-10_SYUTO-2-g_PersonTripODAmount.shp,OD量（ポリゴン）（ライン）,S05b_003,発生集中,
S05-b,2010年度版,2010,S05-b-10_SYUTO-3-g_PersonTripODAmount.shp,OD量（ポリゴン）（ライン）,S05b_003,発生集中,
S05-b,2010年度版,2010,S05-b-10_SYUTO-1-g_PersonTripODAmount.shp,OD量（ポリゴン）（ライン）,S05b_004,ゾーンコード,
S05-b,2010年度版,2010,S05-b-10_SYUTO-2-g_PersonTripODAmount.shp,OD量（ポリゴン）（ライン）,S05b_004,ゾーンコード,
S05-b,2010年度版,2010,S05-b-10_SYUTO-3-g_PersonTripODAmount.shp,OD量（ポリゴン）（ライン）,S05b_004,ゾーンコード,
S05-b,2010年度版,2010,S05-b-10_SYUTO-1-g_PersonTripODAmount.shp,OD量（ポリゴン）（ライン）,S05b_005,鉄道-出勤トリップ数,
S05-b,2010年度版,2010,S05-b-10_SYUTO-2-g_PersonTripODAmount.shp,OD量（ポリゴン）（ライン）,S05b_005,鉄道-出勤トリップ数,
S05-b,2010年度版,2010,S05-b-10_SYUTO-3-g_PersonTripODAmount.shp,OD量（ポリゴン）（ライン）,S05b_005,鉄道-出勤トリップ数,
S05-b,2010年度版,2010,S05-b-10_SYUTO-1-g_PersonTripODAmount.shp,OD量（ポリゴン）（ライン）,S05b_006,鉄道-登校トリップ数,
S05-b,2010年度版,2010,S05-b-10_SYUTO-2-g_PersonTripODAmount.shp,OD量（ポリゴン）（ライン）,S05b_006,鉄道-登校トリップ数,
S05-b,2010年度版,2010,S05-b-10_SYUTO-3-g_PersonTripODAmount.shp,OD量（ポリゴン）（ライン）,S05b_006,鉄道-登校トリップ数,
S05-b,2010年度版,2010,S05-b-10_SYUTO-1-g_PersonTripODAmount.shp,OD量（ポリゴン）（ライン）,S05b_007,鉄道-自由トリップ数,
S05-b,2010年度版,2010,S05-b-10_SYUTO-2-g_PersonTripODAmount.shp,OD量（ポリゴン）（ライン）,S05b_007,鉄道-自由トリップ数,
S05-b,2010年度版,2010,S05-b-10_SYUTO-3-g_PersonTripODAmount.shp,OD量（ポリゴン）（ライン）,S05b_007,鉄道-自由トリップ数,
S05-b,2010年度版,2010,S05-b-10_SYUTO-1-g_PersonTripODAmount.shp,OD量（ポリゴン）（ライン）,S05b_008,鉄道-業務トリップ数,
S05-b,2010年度版,2010,S05-b-10_SYUTO-2-g_PersonTripODAmount.shp,OD量（ポリゴン）（ライン）,S05b_008,鉄道-業務トリップ数,
S05-b,2010年度版,2010,S05-b-10_SYUTO-3-g_PersonTripODAmount.shp,OD量（ポリゴン）（ライン）,S05b_008,鉄道-業務トリップ数,
S05-b,2010年度版,2010,S05-b-10_SYUTO-1-g_PersonTripODAmount.shp,OD量（ポリゴン）（ライン）,S05b_009,鉄道-帰宅トリップ数,
S05-b,2010年度版,2010,S05-b-10_SYUTO-2-g_PersonTripODAmount.shp,OD量（ポリゴン）（ライン）,S05b_009,鉄道-帰宅トリップ数,
S05-b,2010年度版,2010,S05-b-10_SYUTO-3-g_PersonTripODAmount.shp,OD量（ポリゴン）（ライン）,S05b_009,鉄道-帰宅トリップ数,
S05-b,2010年度版,2010,S05-b-10_SYUTO-1-g_PersonTripODAmount.shp,OD量（ポリゴン）（ライン）,S05b_010,鉄道-合計トリップ数,
S05-b,2010年度版,2010,S05-b-10_SYUTO-2-g_PersonTripODAmount.shp,OD量（ポリゴン）（ライン）,S05b_010,鉄道-合計トリップ数,
S05-b,2010年度版,2010,S05-b-10_SYUTO-3-g_PersonTripODAmount.shp,OD量（ポリゴン）（ライン）,S05b_010,鉄道-合計トリップ数,
S05-b,2010年度版,2010,S05-b-10_SYUTO-1-g_PersonTripODAmount.shp,OD量（ポリゴン）（ライン）,S05b_011,バス-出勤トリップ数,
S05-b,2010年度版,2010,S05-b-10_SYUTO-2-g_PersonTripODAmount.shp,OD量（ポリゴン）（ライン）,S05b_011,バス-出勤トリップ数,
S05-b,2010年度版,2010,S05-b-10_SYUTO-3-g_PersonTripODAmount.shp,OD量（ポリゴン）（ライン）,S05b_011,バス-出勤トリップ数,
S05-b,2010年度版,2010,S05-b-10_SYUTO-1-g_PersonTripODAmount.shp,OD量（ポリゴン）（ライン）,S05b_012,バス-登校トリップ数,
S05-b,2010年度版,2010,S05-b-10_SYUTO-2-g_PersonTripODAmount.shp,OD量（ポリゴン）（ライン）,S05b_012,バス-登校トリップ数,
S05-b,2010年度版,2010,S05-b-10_SYUTO-3-g_PersonTripODAmount.shp,OD量（ポリゴン）（ライン）,S05b_012,バス-登校トリップ数,
S05-b,2010年度版,2010,S05-b-10_SYUTO-1-g_PersonTripODAmount.shp,OD量（ポリゴン）（ライン）,S05b_013,バス-自由トリップ数,
S05-b,2010年度版,2010,S05-b-10_SYUTO-2-g_PersonTripODAmount.shp,OD量（ポリゴン）（ライン）,S05b_013,バス-自由トリップ数,
S05-b,2010年度版,2010,S05-b-10_SYUTO-3-g_PersonTripODAmount.shp,OD量（ポリゴン）（ライン）,S05b_013,バス-自由トリップ数,
S05-b,2010年度版,2010,S05-b-10_SYUTO-1-g_PersonTripODAmount.shp,OD量（ポリゴン）（ライン）,S05b_014,バス-業務トリップ数,
S05-b,2010年度版,2010,S05-b-10_SYUTO-2-g_PersonTripODAmount.shp,OD量（ポリゴン）（ライン）,S05b_014,バス-業務トリップ数,
S05-b,2010年度版,2010,S05-b-10_SYUTO-3-g_PersonTripODAmount.shp,OD量（ポリゴン）（ライン）,S05b_014,バス-業務トリップ数,
S05-b,2010年度版,2010,S05-b-10_SYUTO-1-g_PersonTripODAmount.shp,OD量（ポリゴン）（ライン）,S05b_015,バス-帰宅トリップ数,
S05-b,2010年度版,2010,S05-b-10_SYUTO-2-g_PersonTripODAmount.shp,OD量（ポリゴン）（ライン）,S05b_015,バス-帰宅トリップ数,
S05-b,2010年度版,2010,S05-b-10_SYUTO-3-g_PersonTripODAmount.shp,OD量（ポリゴン）（ライン）,S05b_015,バス-帰宅トリップ数,
S05-b,2010年度版,2010,S05-b-10_SYUTO-1-g_PersonTripODAmount.shp,OD量（ポリゴン）（ライン）,S05b_016,バス-合計トリップ数,
S05-b,2010年度版,2010,S05-b-10_SYUTO-2-g_PersonTripODAmount.shp,OD量（ポリゴン）（ライン）,S05b_016,バス-合計トリップ数,
S05-b,2010年度版,2010,S05-b-10_SYUTO-3-g_PersonTripODAmount.shp,OD量（ポリゴン）（ライン）,S05b_016,バス-合計トリップ数,
S05-b,2010年度版,2010,S05-b-10_SYUTO-1-g_PersonTripODAmount.shp,OD量（ポリゴン）（ライン）,S05b_017,自動車-出勤トリップ数,
S05-b,2010年度版,2010,S05-b-10_SYUTO-2-g_PersonTripODAmount.shp,OD量（ポリゴン）（ライン）,S05b_017,自動車-出勤トリップ数,
S05-b,2010年度版,2010,S05-b-10_SYUTO-3-g_PersonTripODAmount.shp,OD量（ポリゴン）（ライン）,S05b_017,自動車-出勤トリップ数,
S05-b,2010年度版,2010,S05-b-10_SYUTO-1-g_PersonTripODAmount.shp,OD量（ポリゴン）（ライン）,S05b_018,自動車-登校トリップ数,
S05-b,2010年度版,2010,S05-b-10_SYUTO-2-g_PersonTripODAmount.shp,OD量（ポリゴン）（ライン）,S05b_018,自動車-登校トリップ数,
S05-b,2010年度版,2010,S05-b-10_SYUTO-3-g_PersonTripODAmount.shp,OD量（ポリゴン）（ライン）,S05b_018,自動車-登校トリップ数,
S05-b,2010年度版,2010,S05-b-10_SYUTO-1-g_PersonTripODAmount.shp,OD量（ポリゴン）（ライン）,S05b_019,自動車-自由トリップ数,
S05-b,2010年度版,2010,S05-b-10_SYUTO-2-g_PersonTripODAmount.shp,OD量（ポリゴン）（ライン）,S05b_019,自動車-自由トリップ数,
S05-b,2010年度版,2010,S05-b-10_SYUTO-3-g_PersonTripODAmount.shp,OD量（ポリゴン）（ライン）,S05b_019,自動車-自由トリップ数,
S05-b,2010年度版,2010,S05-b-10_SYUTO-1-g_PersonTripODAmount.shp,OD量（ポリゴン）（ライン）,S05b_020,自動車-業務トリップ数,
S05-b,2010年度版,2010,S05-b-10_SYUTO-2-g_PersonTripODAmount.shp,OD量（ポリゴン）（ライン）,S05b_020,自動車-業務トリップ数,
S05-b,2010年度版,2010,S05-b-10_SYUTO-3-g_PersonTripODAmount.shp,OD量（ポリゴン）（ライン）,S05b_020,自動車-業務トリップ数,
S05-b,2010年度版,2010,S05-b-10_SYUTO-1-g_PersonTripODAmount.shp,OD量（ポリゴン）（ライン）,S05b_021,自動車-帰宅トリップ数,
S05-b,2010年度版,2010,S05-b-10_SYUTO-2-g_PersonTripODAmount.shp,OD量（ポリゴン）（ライン）,S05b_021,自動車-帰宅トリップ数,
S05-b,2010年度版,2010,S05-b-10_SYUTO-3-g_PersonTripODAmount.shp,OD量（ポリゴン）（ライン）,S05b_021,自動車-帰宅トリップ数,
S05-b,2010年度版,2010,S05-b-10_SYUTO-1-g_PersonTripODAmount.shp,OD量（ポリゴン）（ライン）,S05b_022,自動車-合計トリップ数,
S05-b,2010年度版,2010,S05-b-10_SYUTO-2-g_PersonTripODAmount.shp,OD量（ポリゴン）（ライン）,S05b_022,自動車-合計トリップ数,
S05-b,2010年度版,2010,S05-b-10_SYUTO-3-g_PersonTripODAmount.shp,OD量（ポリゴン）（ライン）,S05b_022,自動車-合計トリップ数,
S05-b,2010年度版,2010,S05-b-10_SYUTO-1-g_PersonTripODAmount.shp,OD量（ポリゴン）（ライン）,S05b_023,二輪-出勤トリップ数,
S05-b,2010年度版,2010,S05-b-10_SYUTO-2-g_PersonTripODAmount.shp,OD量（ポリゴン）（ライン）,S05b_023,二輪-出勤トリップ数,
S05-b,2010年度版,2010,S05-b-10_SYUTO-3-g_PersonTripODAmount.shp,OD量（ポリゴン）（ライン）,S05b_023,二輪-出勤トリップ数,
S05-b,2010年度版,2010,S05-b-10_SYUTO-1-g_PersonTripODAmount.shp,OD量（ポリゴン）（ライン）,S05b_024,二輪-登校トリップ数,
S05-b,2010年度版,2010,S05-b-10_SYUTO-2-g_PersonTripODAmount.shp,OD量（ポリゴン）（ライン）,S05b_024,二輪-登校トリップ数,
S05-b,2010年度版,2010,S05-b-10_SYUTO-3-g_PersonTripODAmount.shp,OD量（ポリゴン）（ライン）,S05b_024,二輪-登校トリップ数,
S05-b,2010年度版,2010,S05-b-10_SYUTO-1-g_PersonTripODAmount.shp,OD量（ポリゴン）（ライン）,S05b_025,二輪-自由トリップ数,
S05-b,2010年度版,2010,S05-b-10_SYUTO-2-g_PersonTripODAmount.shp,OD量（ポリゴン）（ライン）,S05b_025,二輪-自由トリップ数,
S05-b,2010年度版,2010,S05-b-10_SYUTO-3-g_PersonTripODAmount.shp,OD量（ポリゴン）（ライン）,S05b_025,二輪-自由トリップ数,
S05-b,2010年度版,2010,S05-b-10_SYUTO-1-g_PersonTripODAmount.shp,OD量（ポリゴン）（ライン）,S05b_026,二輪-業務トリップ数,
S05-b,2010年度版,2010,S05-b-10_SYUTO-2-g_PersonTripODAmount.shp,OD量（ポリゴン）（ライン）,S05b_026,二輪-業務トリップ数,
S05-b,2010年度版,2010,S05-b-10_SYUTO-3-g_PersonTripODAmount.shp,OD量（ポリゴン）（ライン）,S05b_026,二輪-業務トリップ数,
S05-b,2010年度版,2010,S05-b-10_SYUTO-1-g_PersonTripODAmount.shp,OD量（ポリゴン）（ライン）,S05b_027,二輪-帰宅トリップ数,
S05-b,2010年度版,2010,S05-b-10_SYUTO-2-g_PersonTripODAmount.shp,OD量（ポリゴン）（ライン）,S05b_027,二輪-帰宅トリップ数,
S05-b,2010年度版,2010,S05-b-10_SYUTO-3-g_PersonTripODAmount.shp,OD量（ポリゴン）（ライン）,S05b_027,二輪-帰宅トリップ数,
S05-b,2010年度版,2010,S05-b-10_SYUTO-1-g_PersonTripODAmount.shp,OD量（ポリゴン）（ライン）,S05b_028,二輪-合計トリップ数,
S05-b,2010年度版,2010,S05-b-10_SYUTO-2-g_PersonTripODAmount.shp,OD量（ポリゴン）（ライン）,S05b_028,二輪-合計トリップ数,
S05-b,2010年度版,2010,S05-b-10_SYUTO-3-g_PersonTripODAmount.shp,OD量（ポリゴン）（ライン）,S05b_028,二輪-合計トリップ数,
S05-b,2010年度版,2010,S05-b-10_SYUTO-1-g_PersonTripODAmount.shp,OD量（ポリゴン）（ライン）,S05b_029,徒歩-出勤トリップ数,
S05-b,2010年度版,2010,S05-b-10_SYUTO-2-g_PersonTripODAmount.shp,OD量（ポリゴン）（ライン）,S05b_029,徒歩-出勤トリップ数,
S05-b,2010年度版,2010,S05-b-10_SYUTO-3-g_PersonTripODAmount.shp,OD量（ポリゴン）（ライン）,S05b_029,徒歩-出勤トリップ数,
S05-b,2010年度版,2010,S05-b-10_SYUTO-1-g_PersonTripODAmount.shp,OD量（ポリゴン）（ライン）,S05b_030,徒歩-登校トリップ数,
S05-b,2010年度版,2010,S05-b-10_SYUTO-2-g_PersonTripODAmount.shp,OD量（ポリゴン）（ライン）,S05b_030,徒歩-登校トリップ数,
S05-b,2010年度版,2010,S05-b-10_SYUTO-3-g_PersonTripODAmount.shp,OD量（ポリゴン）（ライン）,S05b_030,徒歩-登校トリップ数,
S05-b,2010年度版,2010,S05-b-10_SYUTO-1-g_PersonTripODAmount.shp,OD量（ポリゴン）（ライン）,S05b_031,徒歩-自由トリップ数,
S05-b,2010年度版,2010,S05-b-10_SYUTO-2-g_PersonTripODAmount.shp,OD量（ポリゴン）（ライン）,S05b_031,徒歩-自由トリップ数,
S05-b,2010年度版,2010,S05-b-10_SYUTO-3-g_PersonTripODAmount.shp,OD量（ポリゴン）（ライン）,S05b_031,徒歩-自由トリップ数,
S05-b,2010年度版,2010,S05-b-10_SYUTO-1-g_PersonTripODAmount.shp,OD量（ポリゴン）（ライン）,S05b_032,徒歩-業務トリップ数,
S05-b,2010年度版,2010,S05-b-10_SYUTO-2-g_PersonTripODAmount.shp,OD量（ポリゴン）（ライン）,S05b_032,徒歩-業務トリップ数,
S05-b,2010年度版,2010,S05-b-10_SYUTO-3-g_PersonTripODAmount.shp,OD量（ポリゴン）（ライン）,S05b_032,徒歩-業務トリップ数,
S05-b,2010年度版,2010,S05-b-10_SYUTO-1-g_PersonTripODAmount.shp,OD量（ポリゴン）（ライン）,S05b_033,徒歩-帰宅トリップ数,
S05-b,2010年度版,2010,S05-b-10_SYUTO-2-g_PersonTripODAmount.shp,OD量（ポリゴン）（ライン）,S05b_033,徒歩-帰宅トリップ数,
S05-b,2010年度版,2010,S05-b-10_SYUTO-3-g_PersonTripODAmount.shp,OD量（ポリゴン）（ライン）,S05b_033,徒歩-帰宅トリップ数,
S05-b,2010年度版,2010,S05-b-10_SYUTO-1-g_PersonTripODAmount.shp,OD量（ポリゴン）（ライン）,S05b_034,徒歩-合計トリップ数,
S05-b,2010年度版,2010,S05-b-10_SYUTO-2-g_PersonTripODAmount.shp,OD量（ポリゴン）（ライン）,S05b_034,徒歩-合計トリップ数,
S05-b,2010年度版,2010,S05-b-10_SYUTO-3-g_PersonTripODAmount.shp,OD量（ポリゴン）（ライン）,S05b_034,徒歩-合計トリップ数,
S05-b,2010年度版,2010,S05-b-10_SYUTO-1-g_PersonTripODAmount.shp,OD量（ポリゴン）（ライン）,S05b_035,全トリップ数,
S05-b,2010年度版,2010,S05-b-10_SYUTO-2-g_PersonTripODAmount.shp,OD量（ポリゴン）（ライン）,S05b_035,全トリップ数,
S05-b,2010年度版,2010,S05-b-10_SYUTO-3-g_PersonTripODAmount.shp,OD量（ポリゴン）（ライン）,S05b_035,全トリップ数,
S05-b,2013年度版,2013,S05-b-13_CHUBU-1-g_PersonTripODAmount.shp,OD量（ポリゴン）（ライン）,S05b_001,都市圏,
S05-b,2013年度版,2013,S05-b-13_CHUBU-2-g_PersonTripODAmount.shp,OD量（ポリゴン）（ライン）,S05b_001,都市圏,
S05-b,2013年度版,2013,S05-b-13_CHUBU-3-g_PersonTripODAmount.shp,OD量（ポリゴン）（ライン）,S05b_001,都市圏,
S05-b,2013年度版,2013,S05-b-13_CHUBU-g_PersonTripODAmount.shp,OD量（ポリゴン）（ライン）,S05b_001,都市圏,
S05-b,2013年度版,2013,S05-b-13_CHUBU-1-g_PersonTripODAmount.shp,OD量（ポリゴン）（ライン）,S05b_002,調査年度,
S05-b,2013年度版,2013,S05-b-13_CHUBU-2-g_PersonTripODAmount.shp,OD量（ポリゴン）（ライン）,S05b_002,調査年度,
S05-b,2013年度版,2013,S05-b-13_CHUBU-3-g_PersonTripODAmount.shp,OD量（ポリゴン）（ライン）,S05b_002,調査年度,
S05-b,2013年度版,2013,S05-b-13_CHUBU-g_PersonTripODAmount.shp,OD量（ポリゴン）（ライン）,S05b_002,調査年度,
S05-b,2013年度版,2013,S05-b-13_CHUBU-1-g_PersonTripODAmount.shp,OD量（ポリゴン）（ライン）,S05b_003,発生集中,
S05-b,2013年度版,2013,S05-b-13_CHUBU-2-g_PersonTripODAmount.shp,OD量（ポリゴン）（ライン）,S05b_003,発生集中,
S05-b,2013年度版,2013,S05-b-13_CHUBU-3-g_PersonTripODAmount.shp,OD量（ポリゴン）（ライン）,S05b_003,発生集中,
S05-b,2013年度版,2013,S05-b-13_CHUBU-g_PersonTripODAmount.shp,OD量（ポリゴン）（ライン）,S05b_003,発生集中,
S05-b,2013年度版,2013,S05-b-13_CHUBU-1-g_PersonTripODAmount.shp,OD量（ポリゴン）（ライン）,S05b_004,ゾーンコード,
S05-b,2013年度版,2013,S05-b-13_CHUBU-2-g_PersonTripODAmount.shp,OD量（ポリゴン）（ライン）,S05b_004,ゾーンコード,
S05-b,2013年度版,2013,S05-b-13_CHUBU-3-g_PersonTripODAmount.shp,OD量（ポリゴン）（ライン）,S05b_004,ゾーンコード,
S05-b,2013年度版,2013,S05-b-13_CHUBU-g_PersonTripODAmount.shp,OD量（ポリゴン）（ライン）,S05b_004,ゾーンコード,
S05-b,2013年度版,2013,S05-b-13_CHUBU-1-g_PersonTripODAmount.shp,OD量（ポリゴン）（ライン）,S05b_005,鉄道-出勤トリップ数,
S05-b,2013年度版,2013,S05-b-13_CHUBU-2-g_PersonTripODAmount.shp,OD量（ポリゴン）（ライン）,S05b_005,鉄道-出勤トリップ数,
S05-b,2013年度版,2013,S05-b-13_CHUBU-3-g_PersonTripODAmount.shp,OD量（ポリゴン）（ライン）,S05b_005,鉄道-出勤トリップ数,
S05-b,2013年度版,2013,S05-b-13_CHUBU-g_PersonTripODAmount.shp,OD量（ポリゴン）（ライン）,S05b_005,鉄道-出勤トリップ数,
S05-b,2013年度版,2013,S05-b-13_CHUBU-1-g_PersonTripODAmount.shp,OD量（ポリゴン）（ライン）,S05b_006,鉄道-登校トリップ数,
S05-b,2013年度版,2013,S05-b-13_CHUBU-2-g_PersonTripODAmount.shp,OD量（ポリゴン）（ライン）,S05b_006,鉄道-登校トリップ数,
S05-b,2013年度版,2013,S05-b-13_CHUBU-3-g_PersonTripODAmount.shp,OD量（ポリゴン）（ライン）,S05b_006,鉄道-登校トリップ数,
S05-b,2013年度版,2013,S05-b-13_CHUBU-g_PersonTripODAmount.shp,OD量（ポリゴン）（ライン）,S05b_006,鉄道-登校トリップ数,
S05-b,2013年度版,2013,S05-b-13_CHUBU-1-g_PersonTripODAmount.shp,OD量（ポリゴン）（ライン）,S05b_007,鉄道-自由トリップ数,
S05-b,2013年度版,2013,S05-b-13_CHUBU-2-g_PersonTripODAmount.shp,OD量（ポリゴン）（ライン）,S05b_007,鉄道-自由トリップ数,
S05-b,2013年度版,2013,S05-b-13_CHUBU-3-g_PersonTripODAmount.shp,OD量（ポリゴン）（ライン）,S05b_007,鉄道-自由トリップ数,
S05-b,2013年度版,2013,S05-b-13_CHUBU-g_PersonTripODAmount.shp,OD量（ポリゴン）（ライン）,S05b_007,鉄道-自由トリップ数,
S05-b,2013年度版,2013,S05-b-13_CHUBU-1-g_PersonTripODAmount.shp,OD量（ポリゴン）（ライン）,S05b_008,鉄道-業務トリップ数,
S05-b,2013年度版,2013,S05-b-13_CHUBU-2-g_PersonTripODAmount.shp,OD量（ポリゴン）（ライン）,S05b_008,鉄道-業務トリップ数,
S05-b,2013年度版,2013,S05-b-13_CHUBU-3-g_PersonTripODAmount.shp,OD量（ポリゴン）（ライン）,S05b_008,鉄道-業務トリップ数,
S05-b,2013年度版,2013,S05-b-13_CHUBU-g_PersonTripODAmount.shp,OD量（ポリゴン）（ライン）,S05b_008,鉄道-業務トリップ数,
S05-b,2013年度版,2013,S05-b-13_CHUBU-1-g_PersonTripODAmount.shp,OD量（ポリゴン）（ライン）,S05b_009,鉄道-帰宅トリップ数,
S05-b,2013年度版,2013,S05-b-13_CHUBU-2-g_PersonTripODAmount.shp,OD量（ポリゴン）（ライン）,S05b_009,鉄道-帰宅トリップ数,
S05-b,2013年度版,2013,S05-b-13_CHUBU-3-g_PersonTripODAmount.shp,OD量（ポリゴン）（ライン）,S05b_009,鉄道-帰宅トリップ数,
S05-b,2013年度版,2013,S05-b-13_CHUBU-g_PersonTripODAmount.shp,OD量（ポリゴン）（ライン）,S05b_009,鉄道-帰宅トリップ数,
S05-b,2013年度版,2013,S05-b-13_CHUBU-1-g_PersonTripODAmount.shp,OD量（ポリゴン）（ライン）,S05b_010,鉄道-不明トリップ数,
S05-b,2013年度版,2013,S05-b-13_CHUBU-2-g_PersonTripODAmount.shp,OD量（ポリゴン）（ライン）,S05b_010,鉄道-不明トリップ数,
S05-b,2013年度版,2013,S05-b-13_CHUBU-3-g_PersonTripODAmount.shp,OD量（ポリゴン）（ライン）,S05b_010,鉄道-不明トリップ数,
S05-b,2013年度版,2013,S05-b-13_CHUBU-g_PersonTripODAmount.shp,OD量（ポリゴン）（ライン）,S05b_010,鉄道-不明トリップ数,
S05-b,2013年度版,2013,S05-b-13_CHUBU-1-g_PersonTripODAmount.shp,OD量（ポリゴン）（ライン）,S05b_011,鉄道-合計トリップ数,
S05-b,2013年度版,2013,S05-b-13_CHUBU-2-g_PersonTripODAmount.shp,OD量（ポリゴン）（ライン）,S05b_011,鉄道-合計トリップ数,
S05-b,2013年度版,2013,S05-b-13_CHUBU-3-g_PersonTripODAmount.shp,OD量（ポリゴン）（ライン）,S05b_011,鉄道-合計トリップ数,
S05-b,2013年度版,2013,S05-b-13_CHUBU-g_PersonTripODAmount.shp,OD量（ポリゴン）（ライン）,S05b_011,鉄道-合計トリップ数,
S05-b,2013年度版,2013,S05-b-13_CHUBU-1-g_PersonTripODAmount.shp,OD量（ポリゴン）（ライン）,S05b_012,バス-出勤トリップ数,
S05-b,2013年度版,2013,S05-b-13_CHUBU-2-g_PersonTripODAmount.shp,OD量（ポリゴン）（ライン）,S05b_012,バス-出勤トリップ数,
S05-b,2013年度版,2013,S05-b-13_CHUBU-3-g_PersonTripODAmount.shp,OD量（ポリゴン）（ライン）,S05b_012,バス-出勤トリップ数,
S05-b,2013年度版,2013,S05-b-13_CHUBU-g_PersonTripODAmount.shp,OD量（ポリゴン）（ライン）,S05b_012,バス-出勤トリップ数,
S05-b,2013年度版,2013,S05-b-13_CHUBU-1-g_PersonTripODAmount.shp,OD量（ポリゴン）（ライン）,S05b_013,バス-登校トリップ数,
S05-b,2013年度版,2013,S05-b-13_CHUBU-2-g_PersonTripODAmount.shp,OD量（ポリゴン）（ライン）,S05b_013,バス-登校トリップ数,
S05-b,2013年度版,2013,S05-b-13_CHUBU-3-g_PersonTripODAmount.shp,OD量（ポリゴン）（ライン）,S05b_013,バス-登校トリップ数,
S05-b,2013年度版,2013,S05-b-13_CHUBU-g_PersonTripODAmount.shp,OD量（ポリゴン）（ライン）,S05b_013,バス-登校トリップ数,
S05-b,2013年度版,2013,S05-b-13_CHUBU-1-g_PersonTripODAmount.shp,OD量（ポリゴン）（ライン）,S05b_014,バス-自由トリップ数,
S05-b,2013年度版,2013,S05-b-13_CHUBU-2-g_PersonTripODAmount.shp,OD量（ポリゴン）（ライン）,S05b_014,バス-自由トリップ数,
S05-b,2013年度版,2013,S05-b-13_CHUBU-3-g_PersonTripODAmount.shp,OD量（ポリゴン）（ライン）,S05b_014,バス-自由トリップ数,
S05-b,2013年度版,2013,S05-b-13_CHUBU-g_PersonTripODAmount.shp,OD量（ポリゴン）（ライン）,S05b_014,バス-自由トリップ数,
S05-b,2013年度版,2013,S05-b-13_CHUBU-1-g_PersonTripODAmount.shp,OD量（ポリゴン）（ライン）,S05b_015,バス-業務トリップ数,
S05-b,2013年度版,2013,S05-b-13_CHUBU-2-g_PersonTripODAmount.shp,OD量（ポリゴン）（ライン）,S05b_015,バス-業務トリップ数,
S05-b,2013年度版,2013,S05-b-13_CHUBU-3-g_PersonTripODAmount.shp,OD量（ポリゴン）（ライン）,S05b_015,バス-業務トリップ数,
S05-b,2013年度版,2013,S05-b-13_CHUBU-g_PersonTripODAmount.shp,OD量（ポリゴン）（ライン）,S05b_015,バス-業務トリップ数,
S05-b,2013年度版,2013,S05-b-13_CHUBU-1-g_PersonTripODAmount.shp,OD量（ポリゴン）（ライン）,S05b_016,バス-帰宅トリップ数,
S05-b,2013年度版,2013,S05-b-13_CHUBU-2-g_PersonTripODAmount.shp,OD量（ポリゴン）（ライン）,S05b_016,バス-帰宅トリップ数,
S05-b,2013年度版,2013,S05-b-13_CHUBU-3-g_PersonTripODAmount.shp,OD量（ポリゴン）（ライン）,S05b_016,バス-帰宅トリップ数,
S05-b,2013年度版,2013,S05-b-13_CHUBU-g_PersonTripODAmount.shp,OD量（ポリゴン）（ライン）,S05b_016,バス-帰宅トリップ数,
S05-b,2013年度版,2013,S05-b-13_CHUBU-1-g_PersonTripODAmount.shp,OD量（ポリゴン）（ライン）,S05b_017,バス-不明トリップ数,
S05-b,2013年度版,2013,S05-b-13_CHUBU-2-g_PersonTripODAmount.shp,OD量（ポリゴン）（ライン）,S05b_017,バス-不明トリップ数,
S05-b,2013年度版,2013,S05-b-13_CHUBU-3-g_PersonTripODAmount.shp,OD量（ポリゴン）（ライン）,S05b_017,バス-不明トリップ数,
S05-b,2013年度版,2013,S05-b-13_CHUBU-g_PersonTripODAmount.shp,OD量（ポリゴン）（ライン）,S05b_017,バス-不明トリップ数,
S05-b,2013年度版,2013,S05-b-13_CHUBU-1-g_PersonTripODAmount.shp,OD量（ポリゴン）（ライン）,S05b_018,バス-合計トリップ数,
S05-b,2013年度版,2013,S05-b-13_CHUBU-2-g_PersonTripODAmount.shp,OD量（ポリゴン）（ライン）,S05b_018,バス-合計トリップ数,
S05-b,2013年度版,2013,S05-b-13_CHUBU-3-g_PersonTripODAmount.shp,OD量（ポリゴン）（ライン）,S05b_018,バス-合計トリップ数,
S05-b,2013年度版,2013,S05-b-13_CHUBU-g_PersonTripODAmount.shp,OD量（ポリゴン）（ライン）,S05b_018,バス-合計トリップ数,
S05-b,2013年度版,2013,S05-b-13_CHUBU-1-g_PersonTripODAmount.shp,OD量（ポリゴン）（ライン）,S05b_019,自動車-出勤トリップ数,
S05-b,2013年度版,2013,S05-b-13_CHUBU-2-g_PersonTripODAmount.shp,OD量（ポリゴン）（ライン）,S05b_019,自動車-出勤トリップ数,
S05-b,2013年度版,2013,S05-b-13_CHUBU-3-g_PersonTripODAmount.shp,OD量（ポリゴン）（ライン）,S05b_019,自動車-出勤トリップ数,
S05-b,2013年度版,2013,S05-b-13_CHUBU-g_PersonTripODAmount.shp,OD量（ポリゴン）（ライン）,S05b_019,自動車-出勤トリップ数,
S05-b,2013年度版,2013,S05-b-13_CHUBU-1-g_PersonTripODAmount.shp,OD量（ポリゴン）（ライン）,S05b_020,自動車-登校トリップ数,
S05-b,2013年度版,2013,S05-b-13_CHUBU-2-g_PersonTripODAmount.shp,OD量（ポリゴン）（ライン）,S05b_020,自動車-登校トリップ数,
S05-b,2013年度版,2013,S05-b-13_CHUBU-3-g_PersonTripODAmount.shp,OD量（ポリゴン）（ライン）,S05b_020,自動車-登校トリップ数,
S05-b,2013年度版,2013,S05-b-13_CHUBU-g_PersonTripODAmount.shp,OD量（ポリゴン）（ライン）,S05b_020,自動車-登校トリップ数,
S05-b,2013年度版,2013,S05-b-13_CHUBU-1-g_PersonTripODAmount.shp,OD量（ポリゴン）（ライン）,S05b_021,自動車-自由トリップ数,
S05-b,2013年度版,2013,S05-b-13_CHUBU-2-g_PersonTripODAmount.shp,OD量（ポリゴン）（ライン）,S05b_021,自動車-自由トリップ数,
S05-b,2013年度版,2013,S05-b-13_CHUBU-3-g_PersonTripODAmount.shp,OD量（ポリゴン）（ライン）,S05b_021,自動車-自由トリップ数,
S05-b,2013年度版,2013,S05-b-13_CHUBU-g_PersonTripODAmount.shp,OD量（ポリゴン）（ライン）,S05b_021,自動車-自由トリップ数,
S05-b,2013年度版,2013,S05-b-13_CHUBU-1-g_PersonTripODAmount.shp,OD量（ポリゴン）（ライン）,S05b_022,自動車-業務トリップ数,
S05-b,2013年度版,2013,S05-b-13_CHUBU-2-g_PersonTripODAmount.shp,OD量（ポリゴン）（ライン）,S05b_022,自動車-業務トリップ数,
S05-b,2013年度版,2013,S05-b-13_CHUBU-3-g_PersonTripODAmount.shp,OD量（ポリゴン）（ライン）,S05b_022,自動車-業務トリップ数,
S05-b,2013年度版,2013,S05-b-13_CHUBU-g_PersonTripODAmount.shp,OD量（ポリゴン）（ライン）,S05b_022,自動車-業務トリップ数,
S05-b,2013年度版,2013,S05-b-13_CHUBU-1-g_PersonTripODAmount.shp,OD量（ポリゴン）（ライン）,S05b_023,自動車-帰宅トリップ数,
S05-b,2013年度版,2013,S05-b-13_CHUBU-2-g_PersonTripODAmount.shp,OD量（ポリゴン）（ライン）,S05b_023,自動車-帰宅トリップ数,
S05-b,2013年度版,2013,S05-b-13_CHUBU-3-g_PersonTripODAmount.shp,OD量（ポリゴン）（ライン）,S05b_023,自動車-帰宅トリップ数,
S05-b,2013年度版,2013,S05-b-13_CHUBU-g_PersonTripODAmount.shp,OD量（ポリゴン）（ライン）,S05b_023,自動車-帰宅トリップ数,
S05-b,2013年度版,2013,S05-b-13_CHUBU-1-g_PersonTripODAmount.shp,OD量（ポリゴン）（ライン）,S05b_024,自動車-不明トリップ数,
S05-b,2013年度版,2013,S05-b-13_CHUBU-2-g_PersonTripODAmount.shp,OD量（ポリゴン）（ライン）,S05b_024,自動車-不明トリップ数,
S05-b,2013年度版,2013,S05-b-13_CHUBU-3-g_PersonTripODAmount.shp,OD量（ポリゴン）（ライン）,S05b_024,自動車-不明トリップ数,
S05-b,2013年度版,2013,S05-b-13_CHUBU-g_PersonTripODAmount.shp,OD量（ポリゴン）（ライン）,S05b_024,自動車-不明トリップ数,
S05-b,2013年度版,2013,S05-b-13_CHUBU-1-g_PersonTripODAmount.shp,OD量（ポリゴン）（ライン）,S05b_025,自動車-合計トリップ数,
S05-b,2013年度版,2013,S05-b-13_CHUBU-2-g_PersonTripODAmount.shp,OD量（ポリゴン）（ライン）,S05b_025,自動車-合計トリップ数,
S05-b,2013年度版,2013,S05-b-13_CHUBU-3-g_PersonTripODAmount.shp,OD量（ポリゴン）（ライン）,S05b_025,自動車-合計トリップ数,
S05-b,2013年度版,2013,S05-b-13_CHUBU-g_PersonTripODAmount.shp,OD量（ポリゴン）（ライン）,S05b_025,自動車-合計トリップ数,
S05-b,2013年度版,2013,S05-b-13_CHUBU-1-g_PersonTripODAmount.shp,OD量（ポリゴン）（ライン）,S05b_026,原付バイク-出勤トリップ数,
S05-b,2013年度版,2013,S05-b-13_CHUBU-2-g_PersonTripODAmount.shp,OD量（ポリゴン）（ライン）,S05b_026,原付バイク-出勤トリップ数,
S05-b,2013年度版,2013,S05-b-13_CHUBU-3-g_PersonTripODAmount.shp,OD量（ポリゴン）（ライン）,S05b_026,原付バイク-出勤トリップ数,
S05-b,2013年度版,2013,S05-b-13_CHUBU-g_PersonTripODAmount.shp,OD量（ポリゴン）（ライン）,S05b_026,原付バイク-出勤トリップ数,
S05-b,2013年度版,2013,S05-b-13_CHUBU-1-g_PersonTripODAmount.shp,OD量（ポリゴン）（ライン）,S05b_027,原付バイク-登校トリップ数,
S05-b,2013年度版,2013,S05-b-13_CHUBU-2-g_PersonTripODAmount.shp,OD量（ポリゴン）（ライン）,S05b_027,原付バイク-登校トリップ数,
S05-b,2013年度版,2013,S05-b-13_CHUBU-3-g_PersonTripODAmount.shp,OD量（ポリゴン）（ライン）,S05b_027,原付バイク-登校トリップ数,
S05-b,2013年度版,2013,S05-b-13_CHUBU-g_PersonTripODAmount.shp,OD量（ポリゴン）（ライン）,S05b_027,原付バイク-登校トリップ数,
S05-b,2013年度版,2013,S05-b-13_CHUBU-1-g_PersonTripODAmount.shp,OD量（ポリゴン）（ライン）,S05b_028,原付バイク-自由トリップ数,
S05-b,2013年度版,2013,S05-b-13_CHUBU-2-g_PersonTripODAmount.shp,OD量（ポリゴン）（ライン）,S05b_028,原付バイク-自由トリップ数,
S05-b,2013年度版,2013,S05-b-13_CHUBU-3-g_PersonTripODAmount.shp,OD量（ポリゴン）（ライン）,S05b_028,原付バイク-自由トリップ数,
S05-b,2013年度版,2013,S05-b-13_CHUBU-g_PersonTripODAmount.shp,OD量（ポリゴン）（ライン）,S05b_028,原付バイク-自由トリップ数,
S05-b,2013年度版,2013,S05-b-13_CHUBU-1-g_PersonTripODAmount.shp,OD量（ポリゴン）（ライン）,S05b_029,原付バイク-業務トリップ数,
S05-b,2013年度版,2013,S05-b-13_CHUBU-2-g_PersonTripODAmount.shp,OD量（ポリゴン）（ライン）,S05b_029,原付バイク-業務トリップ数,
S05-b,2013年度版,2013,S05-b-13_CHUBU-3-g_PersonTripODAmount.shp,OD量（ポリゴン）（ライン）,S05b_029,原付バイク-業務トリップ数,
S05-b,2013年度版,2013,S05-b-13_CHUBU-g_PersonTripODAmount.shp,OD量（ポリゴン）（ライン）,S05b_029,原付バイク-業務トリップ数,
S05-b,2013年度版,2013,S05-b-13_CHUBU-1-g_PersonTripODAmount.shp,OD量（ポリゴン）（ライン）,S05b_030,原付バイク-帰宅トリップ数,
S05-b,2013年度版,2013,S05-b-13_CHUBU-2-g_PersonTripODAmount.shp,OD量（ポリゴン）（ライン）,S05b_030,原付バイク-帰宅トリップ数,
S05-b,2013年度版,2013,S05-b-13_CHUBU-3-g_PersonTripODAmount.shp,OD量（ポリゴン）（ライン）,S05b_030,原付バイク-帰宅トリップ数,
S05-b,2013年度版,2013,S05-b-13_CHUBU-g_PersonTripODAmount.shp,OD量（ポリゴン）（ライン）,S05b_030,原付バイク-帰宅トリップ数,
S05-b,2013年度版,2013,S05-b-13_CHUBU-1-g_PersonTripODAmount.shp,OD量（ポリゴン）（ライン）,S05b_031,原付バイク-不明トリップ数,
S05-b,2013年度版,2013,S05-b-13_CHUBU-2-g_PersonTripODAmount.shp,OD量（ポリゴン）（ライン）,S05b_031,原付バイク-不明トリップ数,
S05-b,2013年度版,2013,S05-b-13_CHUBU-3-g_PersonTripODAmount.shp,OD量（ポリゴン）（ライン）,S05b_031,原付バイク-不明トリップ数,
S05-b,2013年度版,2013,S05-b-13_CHUBU-g_PersonTripODAmount.shp,OD量（ポリゴン）（ライン）,S05b_031,原付バイク-不明トリップ数,
S05-b,2013年度版,2013,S05-b-13_CHUBU-1-g_PersonTripODAmount.shp,OD量（ポリゴン）（ライン）,S05b_032,原付バイク-合計トリップ数,
S05-b,2013年度版,2013,S05-b-13_CHUBU-2-g_PersonTripODAmount.shp,OD量（ポリゴン）（ライン）,S05b_032,原付バイク-合計トリップ数,
S05-b,2013年度版,2013,S05-b-13_CHUBU-3-g_PersonTripODAmount.shp,OD量（ポリゴン）（ライン）,S05b_032,原付バイク-合計トリップ数,
S05-b,2013年度版,2013,S05-b-13_CHUBU-g_PersonTripODAmount.shp,OD量（ポリゴン）（ライン）,S05b_032,原付バイク-合計トリップ数,
S05-b,2013年度版,2013,S05-b-13_CHUBU-1-g_PersonTripODAmount.shp,OD量（ポリゴン）（ライン）,S05b_033,自転車-出勤トリップ数,
S05-b,2013年度版,2013,S05-b-13_CHUBU-2-g_PersonTripODAmount.shp,OD量（ポリゴン）（ライン）,S05b_033,自転車-出勤トリップ数,
S05-b,2013年度版,2013,S05-b-13_CHUBU-3-g_PersonTripODAmount.shp,OD量（ポリゴン）（ライン）,S05b_033,自転車-出勤トリップ数,
S05-b,2013年度版,2013,S05-b-13_CHUBU-g_PersonTripODAmount.shp,OD量（ポリゴン）（ライン）,S05b_033,自転車-出勤トリップ数,
S05-b,2013年度版,2013,S05-b-13_CHUBU-1-g_PersonTripODAmount.shp,OD量（ポリゴン）（ライン）,S05b_034,自転車-登校トリップ数,
S05-b,2013年度版,2013,S05-b-13_CHUBU-2-g_PersonTripODAmount.shp,OD量（ポリゴン）（ライン）,S05b_034,自転車-登校トリップ数,
S05-b,2013年度版,2013,S05-b-13_CHUBU-3-g_PersonTripODAmount.shp,OD量（ポリゴン）（ライン）,S05b_034,自転車-登校トリップ数,
S05-b,2013年度版,2013,S05-b-13_CHUBU-g_PersonTripODAmount.shp,OD量（ポリゴン）（ライン）,S05b_034,自転車-登校トリップ数,
S05-b,2013年度版,2013,S05-b-13_CHUBU-1-g_PersonTripODAmount.shp,OD量（ポリゴン）（ライン）,S05b_035,自転車-自由トリップ数,
S05-b,2013年度版,2013,S05-b-13_CHUBU-2-g_PersonTripODAmount.shp,OD量（ポリゴン）（ライン）,S05b_035,自転車-自由トリップ数,
S05-b,2013年度版,2013,S05-b-13_CHUBU-3-g_PersonTripODAmount.shp,OD量（ポリゴン）（ライン）,S05b_035,自転車-自由トリップ数,
S05-b,2013年度版,2013,S05-b-13_CHUBU-g_PersonTripODAmount.shp,OD量（ポリゴン）（ライン）,S05b_035,自転車-自由トリップ数,
S05-b,2013年度版,2013,S05-b-13_CHUBU-1-g_PersonTripODAmount.shp,OD量（ポリゴン）（ライン）,S05b_036,自転車-業務トリップ数,
S05-b,2013年度版,2013,S05-b-13_CHUBU-2-g_PersonTripODAmount.shp,OD量（ポリゴン）（ライン）,S05b_036,自転車-業務トリップ数,
S05-b,2013年度版,2013,S05-b-13_CHUBU-3-g_PersonTripODAmount.shp,OD量（ポリゴン）（ライン）,S05b_036,自転車-業務トリップ数,
S05-b,2013年度版,2013,S05-b-13_CHUBU-g_PersonTripODAmount.shp,OD量（ポリゴン）（ライン）,S05b_036,自転車-業務トリップ数,
S05-b,2013年度版,2013,S05-b-13_CHUBU-1-g_PersonTripODAmount.shp,OD量（ポリゴン）（ライン）,S05b_037,自転車-帰宅トリップ数,
S05-b,2013年度版,2013,S05-b-13_CHUBU-2-g_PersonTripODAmount.shp,OD量（ポリゴン）（ライン）,S05b_037,自転車-帰宅トリップ数,
S05-b,2013年度版,2013,S05-b-13_CHUBU-3-g_PersonTripODAmount.shp,OD量（ポリゴン）（ライン）,S05b_037,自転車-帰宅トリップ数,
S05-b,2013年度版,2013,S05-b-13_CHUBU-g_PersonTripODAmount.shp,OD量（ポリゴン）（ライン）,S05b_037,自転車-帰宅トリップ数,
S05-b,2013年度版,2013,S05-b-13_CHUBU-1-g_PersonTripODAmount.shp,OD量（ポリゴン）（ライン）,S05b_038,自転車-不明トリップ数,
S05-b,2013年度版,2013,S05-b-13_CHUBU-2-g_PersonTripODAmount.shp,OD量（ポリゴン）（ライン）,S05b_038,自転車-不明トリップ数,
S05-b,2013年度版,2013,S05-b-13_CHUBU-3-g_PersonTripODAmount.shp,OD量（ポリゴン）（ライン）,S05b_038,自転車-不明トリップ数,
S05-b,2013年度版,2013,S05-b-13_CHUBU-g_PersonTripODAmount.shp,OD量（ポリゴン）（ライン）,S05b_038,自転車-不明トリップ数,
S05-b,2013年度版,2013,S05-b-13_CHUBU-1-g_PersonTripODAmount.shp,OD量（ポリゴン）（ライン）,S05b_039,自転車-合計トリップ数,
S05-b,2013年度版,2013,S05-b-13_CHUBU-2-g_PersonTripODAmount.shp,OD量（ポリゴン）（ライン）,S05b_039,自転車-合計トリップ数,
S05-b,2013年度版,2013,S05-b-13_CHUBU-3-g_PersonTripODAmount.shp,OD量（ポリゴン）（ライン）,S05b_039,自転車-合計トリップ数,
S05-b,2013年度版,2013,S05-b-13_CHUBU-g_PersonTripODAmount.shp,OD量（ポリゴン）（ライン）,S05b_039,自転車-合計トリップ数,
S05-b,2013年度版,2013,S05-b-13_CHUBU-1-g_PersonTripODAmount.shp,OD量（ポリゴン）（ライン）,S05b_040,徒歩-出勤トリップ数,
S05-b,2013年度版,2013,S05-b-13_CHUBU-2-g_PersonTripODAmount.shp,OD量（ポリゴン）（ライン）,S05b_040,徒歩-出勤トリップ数,
S05-b,2013年度版,2013,S05-b-13_CHUBU-3-g_PersonTripODAmount.shp,OD量（ポリゴン）（ライン）,S05b_040,徒歩-出勤トリップ数,
S05-b,2013年度版,2013,S05-b-13_CHUBU-g_PersonTripODAmount.shp,OD量（ポリゴン）（ライン）,S05b_040,徒歩-出勤トリップ数,
S05-b,2013年度版,2013,S05-b-13_CHUBU-1-g_PersonTripODAmount.shp,OD量（ポリゴン）（ライン）,S05b_041,徒歩-登校トリップ数,
S05-b,2013年度版,2013,S05-b-13_CHUBU-2-g_PersonTripODAmount.shp,OD量（ポリゴン）（ライン）,S05b_041,徒歩-登校トリップ数,
S05-b,2013年度版,2013,S05-b-13_CHUBU-3-g_PersonTripODAmount.shp,OD量（ポリゴン）（ライン）,S05b_041,徒歩-登校トリップ数,
S05-b,2013年度版,2013,S05-b-13_CHUBU-g_PersonTripODAmount.shp,OD量（ポリゴン）（ライン）,S05b_041,徒歩-登校トリップ数,
S05-b,2013年度版,2013,S05-b-13_CHUBU-1-g_PersonTripODAmount.shp,OD量（ポリゴン）（ライン）,S05b_042,徒歩-自由トリップ数,
S05-b,2013年度版,2013,S05-b-13_CHUBU-2-g_PersonTripODAmount.shp,OD量（ポリゴン）（ライン）,S05b_042,徒歩-自由トリップ数,
S05-b,2013年度版,2013,S05-b-13_CHUBU-3-g_PersonTripODAmount.shp,OD量（ポリゴン）（ライン）,S05b_042,徒歩-自由トリップ数,
S05-b,2013年度版,2013,S05-b-13_CHUBU-g_PersonTripODAmount.shp,OD量（ポリゴン）（ライン）,S05b_042,徒歩-自由トリップ数,
S05-b,2013年度版,2013,S05-b-13_CHUBU-1-g_PersonTripODAmount.shp,OD量（ポリゴン）（ライン）,S05b_043,徒歩-業務トリップ数,
S05-b,2013年度版,2013,S05-b-13_CHUBU-2-g_PersonTripODAmount.shp,OD量（ポリゴン）（ライン）,S05b_043,徒歩-業務トリップ数,
S05-b,2013年度版,2013,S05-b-13_CHUBU-3-g_PersonTripODAmount.shp,OD量（ポリゴン）（ライン）,S05b_043,徒歩-業務トリップ数,
S05-b,2013年度版,2013,S05-b-13_CHUBU-g_PersonTripODAmount.shp,OD量（ポリゴン）（ライン）,S05b_043,徒歩-業務トリップ数,
S05-b,2013年度版,2013,S05-b-13_CHUBU-1-g_PersonTripODAmount.shp,OD量（ポリゴン）（ライン）,S05b_044,徒歩-帰宅トリップ数,
S05-b,2013年度版,2013,S05-b-13_CHUBU-2-g_PersonTripODAmount.shp,OD量（ポリゴン）（ライン）,S05b_044,徒歩-帰宅トリップ数,
S05-b,2013年度版,2013,S05-b-13_CHUBU-3-g_PersonTripODAmount.shp,OD量（ポリゴン）（ライン）,S05b_044,徒歩-帰宅トリップ数,
S05-b,2013年度版,2013,S05-b-13_CHUBU-g_PersonTripODAmount.shp,OD量（ポリゴン）（ライン）,S05b_044,徒歩-帰宅トリップ数,
S05-b,2013年度版,2013,S05-b-13_CHUBU-1-g_PersonTripODAmount.shp,OD量（ポリゴン）（ライン）,S05b_045,徒歩-不明トリップ数,
S05-b,2013年度版,2013,S05-b-13_CHUBU-2-g_PersonTripODAmount.shp,OD量（ポリゴン）（ライン）,S05b_045,徒歩-不明トリップ数,
S05-b,2013年度版,2013,S05-b-13_CHUBU-3-g_PersonTripODAmount.shp,OD量（ポリゴン）（ライン）,S05b_045,徒歩-不明トリップ数,
S05-b,2013年度版,2013,S05-b-13_CHUBU-g_PersonTripODAmount.shp,OD量（ポリゴン）（ライン）,S05b_045,徒歩-不明トリップ数,
S05-b,2013年度版,2013,S05-b-13_CHUBU-1-g_PersonTripODAmount.shp,OD量（ポリゴン）（ライン）,S05b_046,徒歩-合計トリップ数,
S05-b,2013年度版,2013,S05-b-13_CHUBU-2-g_PersonTripODAmount.shp,OD量（ポリゴン）（ライン）,S05b_046,徒歩-合計トリップ数,
S05-b,2013年度版,2013,S05-b-13_CHUBU-3-g_PersonTripODAmount.shp,OD量（ポリゴン）（ライン）,S05b_046,徒歩-合計トリップ数,
S05-b,2013年度版,2013,S05-b-13_CHUBU-g_PersonTripODAmount.shp,OD量（ポリゴン）（ライン）,S05b_046,徒歩-合計トリップ数,
S05-b,2013年度版,2013,S05-b-13_CHUBU-1-g_PersonTripODAmount.shp,OD量（ポリゴン）（ライン）,S05b_047,不明-出勤トリップ数,
S05-b,2013年度版,2013,S05-b-13_CHUBU-2-g_PersonTripODAmount.shp,OD量（ポリゴン）（ライン）,S05b_047,不明-出勤トリップ数,
S05-b,2013年度版,2013,S05-b-13_CHUBU-3-g_PersonTripODAmount.shp,OD量（ポリゴン）（ライン）,S05b_047,不明-出勤トリップ数,
S05-b,2013年度版,2013,S05-b-13_CHUBU-g_PersonTripODAmount.shp,OD量（ポリゴン）（ライン）,S05b_047,不明-出勤トリップ数,
S05-b,2013年度版,2013,S05-b-13_CHUBU-1-g_PersonTripODAmount.shp,OD量（ポリゴン）（ライン）,S05b_048,不明-登校トリップ数,
S05-b,2013年度版,2013,S05-b-13_CHUBU-2-g_PersonTripODAmount.shp,OD量（ポリゴン）（ライン）,S05b_048,不明-登校トリップ数,
S05-b,2013年度版,2013,S05-b-13_CHUBU-3-g_PersonTripODAmount.shp,OD量（ポリゴン）（ライン）,S05b_048,不明-登校トリップ数,
S05-b,2013年度版,2013,S05-b-13_CHUBU-g_PersonTripODAmount.shp,OD量（ポリゴン）（ライン）,S05b_048,不明-登校トリップ数,
S05-b,2013年度版,2013,S05-b-13_CHUBU-1-g_PersonTripODAmount.shp,OD量（ポリゴン）（ライン）,S05b_049,不明-自由トリップ数,
S05-b,2013年度版,2013,S05-b-13_CHUBU-2-g_PersonTripODAmount.shp,OD量（ポリゴン）（ライン）,S05b_049,不明-自由トリップ数,
S05-b,2013年度版,2013,S05-b-13_CHUBU-3-g_PersonTripODAmount.shp,OD量（ポリゴン）（ライン）,S05b_049,不明-自由トリップ数,
S05-b,2013年度版,2013,S05-b-13_CHUBU-g_PersonTripODAmount.shp,OD量（ポリゴン）（ライン）,S05b_049,不明-自由トリップ数,
S05-b,2013年度版,2013,S05-b-13_CHUBU-1-g_PersonTripODAmount.shp,OD量（ポリゴン）（ライン）,S05b_050,不明-業務トリップ数,
S05-b,2013年度版,2013,S05-b-13_CHUBU-2-g_PersonTripODAmount.shp,OD量（ポリゴン）（ライン）,S05b_050,不明-業務トリップ数,
S05-b,2013年度版,2013,S05-b-13_CHUBU-3-g_PersonTripODAmount.shp,OD量（ポリゴン）（ライン）,S05b_050,不明-業務トリップ数,
S05-b,2013年度版,2013,S05-b-13_CHUBU-g_PersonTripODAmount.shp,OD量（ポリゴン）（ライン）,S05b_050,不明-業務トリップ数,
S05-b,2013年度版,2013,S05-b-13_CHUBU-1-g_PersonTripODAmount.shp,OD量（ポリゴン）（ライン）,S05b_051,不明-帰宅トリップ数,
S05-b,2013年度版,2013,S05-b-13_CHUBU-2-g_PersonTripODAmount.shp,OD量（ポリゴン）（ライン）,S05b_051,不明-帰宅トリップ数,
S05-b,2013年度版,2013,S05-b-13_CHUBU-3-g_PersonTripODAmount.shp,OD量（ポリゴン）（ライン）,S05b_051,不明-帰宅トリップ数,
S05-b,2013年度版,2013,S05-b-13_CHUBU-g_PersonTripODAmount.shp,OD量（ポリゴン）（ライン）,S05b_051,不明-帰宅トリップ数,
S05-b,2013年度版,2013,S05-b-13_CHUBU-1-g_PersonTripODAmount.shp,OD量（ポリゴン）（ライン）,S05b_052,不明-不明トリップ数,
S05-b,2013年度版,2013,S05-b-13_CHUBU-2-g_PersonTripODAmount.shp,OD量（ポリゴン）（ライン）,S05b_052,不明-不明トリップ数,
S05-b,2013年度版,2013,S05-b-13_CHUBU-3-g_PersonTripODAmount.shp,OD量（ポリゴン）（ライン）,S05b_052,不明-不明トリップ数,
S05-b,2013年度版,2013,S05-b-13_CHUBU-g_PersonTripODAmount.shp,OD量（ポリゴン）（ライン）,S05b_052,不明-不明トリップ数,
S05-b,2013年度版,2013,S05-b-13_CHUBU-1-g_PersonTripODAmount.shp,OD量（ポリゴン）（ライン）,S05b_053,不明-合計トリップ数,
S05-b,2013年度版,2013,S05-b-13_CHUBU-2-g_PersonTripODAmount.shp,OD量（ポリゴン）（ライン）,S05b_053,不明-合計トリップ数,
S05-b,2013年度版,2013,S05-b-13_CHUBU-3-g_PersonTripODAmount.shp,OD量（ポリゴン）（ライン）,S05b_053,不明-合計トリップ数,
S05-b,2013年度版,2013,S05-b-13_CHUBU-g_PersonTripODAmount.shp,OD量（ポリゴン）（ライン）,S05b_053,不明-合計トリップ数,
S05-b,2013年度版,2013,S05-b-13_CHUBU-1-g_PersonTripODAmount.shp,OD量（ポリゴン）（ライン）,S05b_054,全トリップ数,
S05-b,2013年度版,2013,S05-b-13_CHUBU-2-g_PersonTripODAmount.shp,OD量（ポリゴン）（ライン）,S05b_054,全トリップ数,
S05-b,2013年度版,2013,S05-b-13_CHUBU-3-g_PersonTripODAmount.shp,OD量（ポリゴン）（ライン）,S05b_054,全トリップ数,
S05-b,2013年度版,2013,S05-b-13_CHUBU-g_PersonTripODAmount.shp,OD量（ポリゴン）（ライン）,S05b_054,全トリップ数,
S05-b,2012年度版,2012,S05-b-12_KINKI-g_PersonTripODAmount.shp,OD量（ポリゴン）（ライン）,S05b_001,都市圏,
S05-b,2012年度版,2012,S05-b-12_KINKI-g_PersonTripODAmount.shp,OD量（ポリゴン）（ライン）,S05b_002,調査年度,
S05-b,2012年度版,2012,S05-b-12_KINKI-g_PersonTripODAmount.shp,OD量（ポリゴン）（ライン）,S05b_003,発生集中,
S05-b,2012年度版,2012,S05-b-12_KINKI-g_PersonTripODAmount.shp,OD量（ポリゴン）（ライン）,S05b_004,ゾーンコード,
S05-b,2012年度版,2012,S05-b-12_KINKI-g_PersonTripODAmount.shp,OD量（ポリゴン）（ライン）,S05b_005,鉄道-出勤トリップ数,
S05-b,2012年度版,2012,S05-b-12_KINKI-g_PersonTripODAmount.shp,OD量（ポリゴン）（ライン）,S05b_006,鉄道-登校トリップ数,
S05-b,2012年度版,2012,S05-b-12_KINKI-g_PersonTripODAmount.shp,OD量（ポリゴン）（ライン）,S05b_007,鉄道-自由トリップ数,
S05-b,2012年度版,2012,S05-b-12_KINKI-g_PersonTripODAmount.shp,OD量（ポリゴン）（ライン）,S05b_008,鉄道-業務トリップ数,
S05-b,2012年度版,2012,S05-b-12_KINKI-g_PersonTripODAmount.shp,OD量（ポリゴン）（ライン）,S05b_009,鉄道-帰宅トリップ数,
S05-b,2012年度版,2012,S05-b-12_KINKI-g_PersonTripODAmount.shp,OD量（ポリゴン）（ライン）,S05b_010,鉄道-合計トリップ数,
S05-b,2012年度版,2012,S05-b-12_KINKI-g_PersonTripODAmount.shp,OD量（ポリゴン）（ライン）,S05b_011,バス-出勤トリップ数,
S05-b,2012年度版,2012,S05-b-12_KINKI-g_PersonTripODAmount.shp,OD量（ポリゴン）（ライン）,S05b_012,バス-登校トリップ数,
S05-b,2012年度版,2012,S05-b-12_KINKI-g_PersonTripODAmount.shp,OD量（ポリゴン）（ライン）,S05b_013,バス-自由トリップ数,
S05-b,2012年度版,2012,S05-b-12_KINKI-g_PersonTripODAmount.shp,OD量（ポリゴン）（ライン）,S05b_014,バス-業務トリップ数,
S05-b,2012年度版,2012,S05-b-12_KINKI-g_PersonTripODAmount.shp,OD量（ポリゴン）（ライン）,S05b_015,バス-帰宅トリップ数,
S05-b,2012年度版,2012,S05-b-12_KINKI-g_PersonTripODAmount.shp,OD量（ポリゴン）（ライン）,S05b_016,バス-合計トリップ数,
S05-b,2012年度版,2012,S05-b-12_KINKI-g_PersonTripODAmount.shp,OD量（ポリゴン）（ライン）,S05b_017,自動車-出勤トリップ数,
S05-b,2012年度版,2012,S05-b-12_KINKI-g_PersonTripODAmount.shp,OD量（ポリゴン）（ライン）,S05b_018,自動車-登校トリップ数,
S05-b,2012年度版,2012,S05-b-12_KINKI-g_PersonTripODAmount.shp,OD量（ポリゴン）（ライン）,S05b_019,自動車-自由トリップ数,
S05-b,2012年度版,2012,S05-b-12_KINKI-g_PersonTripODAmount.shp,OD量（ポリゴン）（ライン）,S05b_020,自動車-業務トリップ数,
S05-b,2012年度版,2012,S05-b-12_KINKI-g_PersonTripODAmount.shp,OD量（ポリゴン）（ライン）,S05b_021,自動車-帰宅トリップ数,
S05-b,2012年度版,2012,S05-b-12_KINKI-g_PersonTripODAmount.shp,OD量（ポリゴン）（ライン）,S05b_022,自動車-合計トリップ数,
S05-b,2012年度版,2012,S05-b-12_KINKI-g_PersonTripODAmount.shp,OD量（ポリゴン）（ライン）,S05b_023,二輪-出勤トリップ数,
S05-b,2012年度版,2012,S05-b-12_KINKI-g_PersonTripODAmount.shp,OD量（ポリゴン）（ライン）,S05b_024,二輪-登校トリップ数,
S05-b,2012年度版,2012,S05-b-12_KINKI-g_PersonTripODAmount.shp,OD量（ポリゴン）（ライン）,S05b_025,二輪-自由トリップ数,
S05-b,2012年度版,2012,S05-b-12_KINKI-g_PersonTripODAmount.shp,OD量（ポリゴン）（ライン）,S05b_026,二輪-業務トリップ数,
S05-b,2012年度版,2012,S05-b-12_KINKI-g_PersonTripODAmount.shp,OD量（ポリゴン）（ライン）,S05b_027,二輪-帰宅トリップ数,
S05-b,2012年度版,2012,S05-b-12_KINKI-g_PersonTripODAmount.shp,OD量（ポリゴン）（ライン）,S05b_028,二輪-合計トリップ数,
S05-b,2012年度版,2012,S05-b-12_KINKI-g_PersonTripODAmount.shp,OD量（ポリゴン）（ライン）,S05b_029,自転車-出勤トリップ数,
S05-b,2012年度版,2012,S05-b-12_KINKI-g_PersonTripODAmount.shp,OD量（ポリゴン）（ライン）,S05b_030,自転車-登校トリップ数,
S05-b,2012年度版,2012,S05-b-12_KINKI-g_PersonTripODAmount.shp,OD量（ポリゴン）（ライン）,S05b_031,自転車-自由トリップ数,
S05-b,2012年度版,2012,S05-b-12_KINKI-g_PersonTripODAmount.shp,OD量（ポリゴン）（ライン）,S05b_032,自転車-業務トリップ数,
S05-b,2012年度版,2012,S05-b-12_KINKI-g_PersonTripODAmount.shp,OD量（ポリゴン）（ライン）,S05b_033,自転車-帰宅トリップ数,
S05-b,2012年度版,2012,S05-b-12_KINKI-g_PersonTripODAmount.shp,OD量（ポリゴン）（ライン）,S05b_034,自転車-合計トリップ数,
S05-b,2012年度版,2012,S05-b-12_KINKI-g_PersonTripODAmount.shp,OD量（ポリゴン）（ライン）,S05b_035,徒歩-出勤トリップ数,
S05-b,2012年度版,2012,S05-b-12_KINKI-g_PersonTripODAmount.shp,OD量（ポリゴン）（ライン）,S05b_036,徒歩-登校トリップ数,
S05-b,2012年度版,2012,S05-b-12_KINKI-g_PersonTripODAmount.shp,OD量（ポリゴン）（ライン）,S05b_037,徒歩-自由トリップ数,
S05-b,2012年度版,2012,S05-b-12_KINKI-g_PersonTripODAmount.shp,OD量（ポリゴン）（ライン）,S05b_038,徒歩-業務トリップ数,
S05-b,2012年度版,2012,S05-b-12_KINKI-g_PersonTripODAmount.shp,OD量（ポリゴン）（ライン）,S05b_039,徒歩-帰宅トリップ数,
S05-b,2012年度版,2012,S05-b-12_KINKI-g_PersonTripODAmount.shp,OD量（ポリゴン）（ライン）,S05b_040,徒歩-合計トリップ数,
S05-b,2012年度版,2012,S05-b-12_KINKI-g_PersonTripODAmount.shp,OD量（ポリゴン）（ライン）,S05b_041,その他-出勤トリップ数,
S05-b,2012年度版,2012,S05-b-12_KINKI-g_PersonTripODAmount.shp,OD量（ポリゴン）（ライン）,S05b_042,その他-登校トリップ数,
S05-b,2012年度版,2012,S05-b-12_KINKI-g_PersonTripODAmount.shp,OD量（ポリゴン）（ライン）,S05b_043,その他-自由トリップ数,
S05-b,2012年度版,2012,S05-b-12_KINKI-g_PersonTripODAmount.shp,OD量（ポリゴン）（ライン）,S05b_044,その他-業務トリップ数,
S05-b,2012年度版,2012,S05-b-12_KINKI-g_PersonTripODAmount.shp,OD量（ポリゴン）（ライン）,S05b_045,その他-帰宅トリップ数,
S05-b,2012年度版,2012,S05-b-12_KINKI-g_PersonTripODAmount.shp,OD量（ポリゴン）（ライン）,S05b_046,その他-合計トリップ数,
S05-b,2012年度版,2012,S05-b-12_KINKI-g_PersonTripODAmount.shp,OD量（ポリゴン）（ライン）,S05b_047,全トリップ数,
S05-c,2012年度版,2012,S05-c-YY_KINKI-g_CommutersPerStation_KeihanshinUrbanArea.shp,交通流動量 駅別乗降数（ポリゴン）（ポイント）,S05c_001,調査年度,
S05-c,2012年度版,2012,S05-c-YY_KINKI-g_CommutersPerStation_KeihanshinUrbanArea.shp,交通流動量 駅別乗降数（ポリゴン）（ポイント）,S05c_002,駅コード,
S05-c,2012年度版,2012,S05-c-YY_KINKI-g_CommutersPerStation_KeihanshinUrbanArea.shp,交通流動量 駅別乗降数（ポリゴン）（ポイント）,S05c_003,運営会社,
S05-c,2012年度版,2012,S05-c-YY_KINKI-g_CommutersPerStation_KeihanshinUrbanArea.shp,交通流動量 駅別乗降数（ポリゴン）（ポイント）,S05c_004,駅名,
S05-c,2012年度版,2012,S05-c-YY_KINKI-g_CommutersPerStation_KeihanshinUrbanArea.shp,交通流動量 駅別乗降数（ポリゴン）（ポイント）,S05c_005,乗車_バス,
S05-c,2012年度版,2012,S05-c-YY_KINKI-g_CommutersPerStation_KeihanshinUrbanArea.shp,交通流動量 駅別乗降数（ポリゴン）（ポイント）,S05c_006,乗車_自家用自動車,
S05-c,2012年度版,2012,S05-c-YY_KINKI-g_CommutersPerStation_KeihanshinUrbanArea.shp,交通流動量 駅別乗降数（ポリゴン）（ポイント）,S05c_007,乗車_タクシー・ハイヤー,
S05-c,2012年度版,2012,S05-c-YY_KINKI-g_CommutersPerStation_KeihanshinUrbanArea.shp,交通流動量 駅別乗降数（ポリゴン）（ポイント）,S05c_008,乗車_自動車,
S05-c,2012年度版,2012,S05-c-YY_KINKI-g_CommutersPerStation_KeihanshinUrbanArea.shp,交通流動量 駅別乗降数（ポリゴン）（ポイント）,S05c_009,乗車_自動二輪原付,
S05-c,2012年度版,2012,S05-c-YY_KINKI-g_CommutersPerStation_KeihanshinUrbanArea.shp,交通流動量 駅別乗降数（ポリゴン）（ポイント）,S05c_010,乗車_自転車,
S05-c,2012年度版,2012,S05-c-YY_KINKI-g_CommutersPerStation_KeihanshinUrbanArea.shp,交通流動量 駅別乗降数（ポリゴン）（ポイント）,S05c_011,乗車_二輪,
S05-c,2012年度版,2012,S05-c-YY_KINKI-g_CommutersPerStation_KeihanshinUrbanArea.shp,交通流動量 駅別乗降数（ポリゴン）（ポイント）,S05c_012,乗車_徒歩,
S05-c,2012年度版,2012,S05-c-YY_KINKI-g_CommutersPerStation_KeihanshinUrbanArea.shp,交通流動量 駅別乗降数（ポリゴン）（ポイント）,S05c_013,乗車_その他,
S05-c,2012年度版,2012,S05-c-YY_KINKI-g_CommutersPerStation_KeihanshinUrbanArea.shp,交通流動量 駅別乗降数（ポリゴン）（ポイント）,S05c_014,乗車_合計,
S05-c,2012年度版,2012,S05-c-YY_KINKI-g_CommutersPerStation_KeihanshinUrbanArea.shp,交通流動量 駅別乗降数（ポリゴン）（ポイント）,S05c_015,降車_バス,
S05-c,2012年度版,2012,S05-c-YY_KINKI-g_CommutersPerStation_KeihanshinUrbanArea.shp,交通流動量 駅別乗降数（ポリゴン）（ポイント）,S05c_016,降車_自家用自動車,
S05-c,2012年度版,2012,S05-c-YY_KINKI-g_CommutersPerStation_KeihanshinUrbanArea.shp,交通流動量 駅別乗降数（ポリゴン）（ポイント）,S05c_017,降車_タクシー・ハイヤー,
S05-c,2012年度版,2012,S05-c-YY_KINKI-g_CommutersPerStation_KeihanshinUrbanArea.shp,交通流動量 駅別乗降数（ポリゴン）（ポイント）,S05c_018,降車_自動車,
S05-c,2012年度版,2012,S05-c-YY_KINKI-g_CommutersPerStation_KeihanshinUrbanArea.shp,交通流動量 駅別乗降数（ポリゴン）（ポイント）,S05c_019,降車_自動二輪原付,
S05-c,2012年度版,2012,S05-c-YY_KINKI-g_CommutersPerStation_KeihanshinUrbanArea.shp,交通流動量 駅別乗降数（ポリゴン）（ポイント）,S05c_020,降車_自転車,
S05-c,2012年度版,2012,S05-c-YY_KINKI-g_CommutersPerStation_KeihanshinUrbanArea.shp,交通流動量 駅別乗降数（ポリゴン）（ポイント）,S05c_021,降車_二輪,
S05-c,2012年度版,2012,S05-c-YY_KINKI-g_CommutersPerStation_KeihanshinUrbanArea.shp,交通流動量 駅別乗降数（ポリゴン）（ポイント）,S05c_022,降車_徒歩,
S05-c,2012年度版,2012,S05-c-YY_KINKI-g_CommutersPerStation_KeihanshinUrbanArea.shp,交通流動量 駅別乗降数（ポリゴン）（ポイント）,S05c_023,降車_その他,
S05-c,2012年度版,2012,S05-c-YY_KINKI-g_CommutersPerStation_KeihanshinUrbanArea.shp,交通流動量 駅別乗降数（ポリゴン）（ポイント）,S05c_024,降車_合計,
S05-c,2010年度版,2010,S05-c-YY_SYUTO-g_CommutersPerStation_TokyoUrbanArea.shp,交通流動量 駅別乗降数（ポリゴン）（ポイント）,S05c_025,調査年度,
S05-c,2010年度版,2010,S05-c-YY_SYUTO-g_CommutersPerStation_TokyoUrbanArea.shp,交通流動量 駅別乗降数（ポリゴン）（ポイント）,S05c_026,駅コード,
S05-c,2010年度版,2010,S05-c-YY_SYUTO-g_CommutersPerStation_TokyoUrbanArea.shp,交通流動量 駅別乗降数（ポリゴン）（ポイント）,S05c_027,駅名,
S05-c,2010年度版,2010,S05-c-YY_SYUTO-g_CommutersPerStation_TokyoUrbanArea.shp,交通流動量 駅別乗降数（ポリゴン）（ポイント）,S05c_028,乗車_路線バス・都電,
S05-c,2010年度版,2010,S05-c-YY_SYUTO-g_CommutersPerStation_TokyoUrbanArea.shp,交通流動量 駅別乗降数（ポリゴン）（ポイント）,S05c_029,乗車_乗用車,
S05-c,2010年度版,2010,S05-c-YY_SYUTO-g_CommutersPerStation_TokyoUrbanArea.shp,交通流動量 駅別乗降数（ポリゴン）（ポイント）,S05c_030,乗車_軽乗用車,
S05-c,2010年度版,2010,S05-c-YY_SYUTO-g_CommutersPerStation_TokyoUrbanArea.shp,交通流動量 駅別乗降数（ポリゴン）（ポイント）,S05c_031,乗車_貨物自動車・軽貨物車,
S05-c,2010年度版,2010,S05-c-YY_SYUTO-g_CommutersPerStation_TokyoUrbanArea.shp,交通流動量 駅別乗降数（ポリゴン）（ポイント）,S05c_032,乗車_自家用バス・貸切りバス,
S05-c,2010年度版,2010,S05-c-YY_SYUTO-g_CommutersPerStation_TokyoUrbanArea.shp,交通流動量 駅別乗降数（ポリゴン）（ポイント）,S05c_033,乗車_タクシー・ハイヤー,
S05-c,2010年度版,2010,S05-c-YY_SYUTO-g_CommutersPerStation_TokyoUrbanArea.shp,交通流動量 駅別乗降数（ポリゴン）（ポイント）,S05c_034,乗車_自動二輪車,
S05-c,2010年度版,2010,S05-c-YY_SYUTO-g_CommutersPerStation_TokyoUrbanArea.shp,交通流動量 駅別乗降数（ポリゴン）（ポイント）,S05c_035,乗車_原動機付き自転車,
S05-c,2010年度版,2010,S05-c-YY_SYUTO-g_CommutersPerStation_TokyoUrbanArea.shp,交通流動量 駅別乗降数（ポリゴン）（ポイント）,S05c_036,乗車_自転車,
S05-c,2010年度版,2010,S05-c-YY_SYUTO-g_CommutersPerStation_TokyoUrbanArea.shp,交通流動量 駅別乗降数（ポリゴン）（ポイント）,S05c_037,乗車_徒歩,
S05-c,2010年度版,2010,S05-c-YY_SYUTO-g_CommutersPerStation_TokyoUrbanArea.shp,交通流動量 駅別乗降数（ポリゴン）（ポイント）,S05c_038,乗車_航空機,
S05-c,2010年度版,2010,S05-c-YY_SYUTO-g_CommutersPerStation_TokyoUrbanArea.shp,交通流動量 駅別乗降数（ポリゴン）（ポイント）,S05c_039,乗車_船舶,
S05-c,2010年度版,2010,S05-c-YY_SYUTO-g_CommutersPerStation_TokyoUrbanArea.shp,交通流動量 駅別乗降数（ポリゴン）（ポイント）,S05c_040,乗車_その他,
S05-c,2010年度版,2010,S05-c-YY_SYUTO-g_CommutersPerStation_TokyoUrbanArea.shp,交通流動量 駅別乗降数（ポリゴン）（ポイント）,S05c_041,乗車_不明,
S05-c,2010年度版,2010,S05-c-YY_SYUTO-g_CommutersPerStation_TokyoUrbanArea.shp,交通流動量 駅別乗降数（ポリゴン）（ポイント）,S05c_042,乗車_合計,
S05-c,2010年度版,2010,S05-c-YY_SYUTO-g_CommutersPerStation_TokyoUrbanArea.shp,交通流動量 駅別乗降数（ポリゴン）（ポイント）,S05c_043,降車_路線バス・都電,
S05-c,2010年度版,2010,S05-c-YY_SYUTO-g_CommutersPerStation_TokyoUrbanArea.shp,交通流動量 駅別乗降数（ポリゴン）（ポイント）,S05c_044,降車_乗用車,
S05-c,2010年度版,2010,S05-c-YY_SYUTO-g_CommutersPerStation_TokyoUrbanArea.shp,交通流動量 駅別乗降数（ポリゴン）（ポイント）,S05c_045,降車_軽乗用車,
S05-c,2010年度版,2010,S05-c-YY_SYUTO-g_CommutersPerStation_TokyoUrbanArea.shp,交通流動量 駅別乗降数（ポリゴン）（ポイント）,S05c_046,降車_貨物自動車・軽貨物車,
S05-c,2010年度版,2010,S05-c-YY_SYUTO-g_CommutersPerStation_TokyoUrbanArea.shp,交通流動量 駅別乗降数（ポリゴン）（ポイント）,S05c_047,降車_自家用バス・貸切りバス,
S05-c,2010年度版,2010,S05-c-YY_SYUTO-g_CommutersPerStation_TokyoUrbanArea.shp,交通流動量 駅別乗降数（ポリゴン）（ポイント）,S05c_048,降車_タクシー・ハイヤー,
S05-c,2010年度版,2010,S05-c-YY_SYUTO-g_CommutersPerStation_TokyoUrbanArea.shp,交通流動量 駅別乗降数（ポリゴン）（ポイント）,S05c_049,降車_自動二輪車,
S05-c,2010年度版,2010,S05-c-YY_SYUTO-g_CommutersPerStation_TokyoUrbanArea.shp,交通流動量 駅別乗降数（ポリゴン）（ポイント）,S05c_050,降車_原動機付き自転車,
S05-c,2010年度版,2010,S05-c-YY_SYUTO-g_CommutersPerStation_TokyoUrbanArea.shp,交通流動量 駅別乗降数（ポリゴン）（ポイント）,S05c_051,降車_自転車,
S05-c,2010年度版,2010,S05-c-YY_SYUTO-g_CommutersPerStation_TokyoUrbanArea.shp,交通流動量 駅別乗降数（ポリゴン）（ポイント）,S05c_052,降車_徒歩,
S05-c,2010年度版,2010,S05-c-YY_SYUTO-g_CommutersPerStation_TokyoUrbanArea.shp,交通流動量 駅別乗降数（ポリゴン）（ポイント）,S05c_053,降車_航空機,
S05-c,2010年度版,2010,S05-c-YY_SYUTO-g_CommutersPerStation_TokyoUrbanArea.shp,交通流動量 駅別乗降数（ポリゴン）（ポイント）,S05c_054,降車_船舶,
S05-c,2010年度版,2010,S05-c-YY_SYUTO-g_CommutersPerStation_TokyoUrbanArea.shp,交通流動量 駅別乗降数（ポリゴン）（ポイント）,S05c_055,降車_その他,
S05-c,2010年度版,2010,S05-c-YY_SYUTO-g_CommutersPerStation_TokyoUrbanArea.shp,交通流動量 駅別乗降数（ポリゴン）（ポイント）,S05c_056,降車_不明,
S05-c,2010年度版,2010,S05-c-YY_SYUTO-g_CommutersPerStation_TokyoUrbanArea.shp,交通流動量 駅別乗降数（ポリゴン）（ポイント）,S05c_057,降車_合計,
S05-d,2018年度版,2018,S05-d-YY-g_CargoRegionFlow.shp,貨物旅客地域流動量（ポリゴン）（ライン）,S05d_001,調査年度,
S05-d,2018年度版,2018,S05-d-YY-g_CargoRegionFlow.shp,貨物旅客地域流動量（ポリゴン）（ライン）,S05d_002,発ゾーンコード,
S05-d,2018年度版,2018,S05-d-YY-g_CargoRegionFlow.shp,貨物旅客地域流動量（ポリゴン）（ライン）,S05d_003,着ゾーンコード,
S05-d,2018年度版,2018,S05-d-YY-g_CargoRegionFlow.shp,貨物旅客地域流動量（ポリゴン）（ライン）,S05d_004,全機関_農水産品トン数,
S05-d,2018年度版,2018,S05-d-YY-g_CargoRegionFlow.shp,貨物旅客地域流動量（ポリゴン）（ライン）,S05d_005,全機関_林産品トン数,
S05-d,2018年度版,2018,S05-d-YY-g_CargoRegionFlow.shp,貨物旅客地域流動量（ポリゴン）（ライン）,S05d_006,全機関_鉱産品トン数,
S05-d,2018年度版,2018,S05-d-YY-g_CargoRegionFlow.shp,貨物旅客地域流動量（ポリゴン）（ライン）,S05d_007,全機関_金属・機械工業品トン数,
S05-d,2018年度版,2018,S05-d-YY-g_CargoRegionFlow.shp,貨物旅客地域流動量（ポリゴン）（ライン）,S05d_008,全機関_化学工業品トン数,
S05-d,2018年度版,2018,S05-d-YY-g_CargoRegionFlow.shp,貨物旅客地域流動量（ポリゴン）（ライン）,S05d_009,全機関_軽工業品トン数,
S05-d,2018年度版,2018,S05-d-YY-g_CargoRegionFlow.shp,貨物旅客地域流動量（ポリゴン）（ライン）,S05d_010,全機関_雑工業品トン数,
S05-d,2018年度版,2018,S05-d-YY-g_CargoRegionFlow.shp,貨物旅客地域流動量（ポリゴン）（ライン）,S05d_011,全機関_特種品トン数,
S05-d,2018年度版,2018,S05-d-YY-g_CargoRegionFlow.shp,貨物旅客地域流動量（ポリゴン）（ライン）,S05d_012,全機関_その他トン数,
S05-d,2018年度版,2018,S05-d-YY-g_CargoRegionFlow.shp,貨物旅客地域流動量（ポリゴン）（ライン）,S05d_013,全機関_合計トン数,
S05-d,2018年度版,2018,S05-d-YY-g_CargoRegionFlow.shp,貨物旅客地域流動量（ポリゴン）（ライン）,S05d_014,鉄道_農水産品トン数,
S05-d,2018年度版,2018,S05-d-YY-g_CargoRegionFlow.shp,貨物旅客地域流動量（ポリゴン）（ライン）,S05d_015,鉄道_林産品トン数,
S05-d,2018年度版,2018,S05-d-YY-g_CargoRegionFlow.shp,貨物旅客地域流動量（ポリゴン）（ライン）,S05d_016,鉄道_鉱産品トン数,
S05-d,2018年度版,2018,S05-d-YY-g_CargoRegionFlow.shp,貨物旅客地域流動量（ポリゴン）（ライン）,S05d_017,鉄道_金属・機械工業品トン数,
S05-d,2018年度版,2018,S05-d-YY-g_CargoRegionFlow.shp,貨物旅客地域流動量（ポリゴン）（ライン）,S05d_018,鉄道_化学工業品トン数,
S05-d,2018年度版,2018,S05-d-YY-g_CargoRegionFlow.shp,貨物旅客地域流動量（ポリゴン）（ライン）,S05d_019,鉄道_軽工業品トン数,
S05-d,2018年度版,2018,S05-d-YY-g_CargoRegionFlow.shp,貨物旅客地域流動量（ポリゴン）（ライン）,S05d_020,鉄道_雑工業品トン数,
S05-d,2018年度版,2018,S05-d-YY-g_CargoRegionFlow.shp,貨物旅客地域流動量（ポリゴン）（ライン）,S05d_021,鉄道_特種品トン数,
S05-d,2018年度版,2018,S05-d-YY-g_CargoRegionFlow.shp,貨物旅客地域流動量（ポリゴン）（ライン）,S05d_022,鉄道_その他トン数,
S05-d,2018年度版,2018,S05-d-YY-g_CargoRegionFlow.shp,貨物旅客地域流動量（ポリゴン）（ライン）,S05d_023,鉄道_合計トン数,
S05-d,2018年度版,2018,S05-d-YY-g_CargoRegionFlow.shp,貨物旅客地域流動量（ポリゴン）（ライン）,S05d_024,海運_農水産品トン数,
S05-d,2018年度版,2018,S05-d-YY-g_CargoRegionFlow.shp,貨物旅客地域流動量（ポリゴン）（ライン）,S05d_025,海運_林産品トン数,
S05-d,2018年度版,2018,S05-d-YY-g_CargoRegionFlow.shp,貨物旅客地域流動量（ポリゴン）（ライン）,S05d_026,海運_鉱産品トン数,
S05-d,2018年度版,2018,S05-d-YY-g_CargoRegionFlow.shp,貨物旅客地域流動量（ポリゴン）（ライン）,S05d_027,海運_金属・機械工業品トン数,
S05-d,2018年度版,2018,S05-d-YY-g_CargoRegionFlow.shp,貨物旅客地域流動量（ポリゴン）（ライン）,S05d_028,海運_化学工業品トン数,
S05-d,2018年度版,2018,S05-d-YY-g_CargoRegionFlow.shp,貨物旅客地域流動量（ポリゴン）（ライン）,S05d_029,海運_軽工業品トン数,
S05-d,2018年度版,2018,S05-d-YY-g_CargoRegionFlow.shp,貨物旅客地域流動量（ポリゴン）（ライン）,S05d_030,海運_雑工業品トン数,
S05-d,2018年度版,2018,S05-d-YY-g_CargoRegionFlow.shp,貨物旅客地域流動量（ポリゴン）（ライン）,S05d_031,海運_特種品トン数,
S05-d,2018年度版,2018,S05-d-YY-g_CargoRegionFlow.shp,貨物旅客地域流動量（ポリゴン）（ライン）,S05d_032,海運_その他トン数,
S05-d,2018年度版,2018,S05-d-YY-g_CargoRegionFlow.shp,貨物旅客地域流動量（ポリゴン）（ライン）,S05d_033,海運_合計トン数,
S05-d,2018年度版,2018,S05-d-YY-g_CargoRegionFlow.shp,貨物旅客地域流動量（ポリゴン）（ライン）,S05d_034,自動車_農水産品トン数,
S05-d,2018年度版,2018,S05-d-YY-g_CargoRegionFlow.shp,貨物旅客地域流動量（ポリゴン）（ライン）,S05d_035,自動車_林産品トン数,
S05-d,2018年度版,2018,S05-d-YY-g_CargoRegionFlow.shp,貨物旅客地域流動量（ポリゴン）（ライン）,S05d_036,自動車_鉱産品トン数,
S05-d,2018年度版,2018,S05-d-YY-g_CargoRegionFlow.shp,貨物旅客地域流動量（ポリゴン）（ライン）,S05d_037,自動車_金属・機械工業品トン数,
S05-d,2018年度版,2018,S05-d-YY-g_CargoRegionFlow.shp,貨物旅客地域流動量（ポリゴン）（ライン）,S05d_038,自動車_化学工業品トン数,
S05-d,2018年度版,2018,S05-d-YY-g_CargoRegionFlow.shp,貨物旅客地域流動量（ポリゴン）（ライン）,S05d_039,自動車_軽工業品トン数,
S05-d,2018年度版,2018,S05-d-YY-g_CargoRegionFlow.shp,貨物旅客地域流動量（ポリゴン）（ライン）,S05d_040,自動車_雑工業品トン数,
S05-d,2018年度版,2018,S05-d-YY-g_CargoRegionFlow.shp,貨物旅客地域流動量（ポリゴン）（ライン）,S05d_041,自動車_特種品トン数,
S05-d,2018年度版,2018,S05-d-YY-g_CargoRegionFlow.shp,貨物旅客地域流動量（ポリゴン）（ライン）,S05d_042,自動車_その他トン数,
S05-d,2018年度版,2018,S05-d-YY-g_CargoRegionFlow.shp,貨物旅客地域流動量（ポリゴン）（ライン）,S05d_043,自動車_合計トン数,
S05-d,2018年度版,2018,S05-d-YY-g_PassengerRegionFlow.shp,貨物旅客地域流動量（ポリゴン）（ライン）,S05d_044,調査年度,
S05-d,2018年度版,2018,S05-d-YY-g_PassengerRegionFlow.shp,貨物旅客地域流動量（ポリゴン）（ライン）,S05d_045,発ゾーンコード,
S05-d,2018年度版,2018,S05-d-YY-g_PassengerRegionFlow.shp,貨物旅客地域流動量（ポリゴン）（ライン）,S05d_046,着ゾーンコード,
S05-d,2018年度版,2018,S05-d-YY-g_PassengerRegionFlow.shp,貨物旅客地域流動量（ポリゴン）（ライン）,S05d_047,ＪＲ定期旅客数,
S05-d,2018年度版,2018,S05-d-YY-g_PassengerRegionFlow.shp,貨物旅客地域流動量（ポリゴン）（ライン）,S05d_048,ＪＲ定期外旅客数,
S05-d,2018年度版,2018,S05-d-YY-g_PassengerRegionFlow.shp,貨物旅客地域流動量（ポリゴン）（ライン）,S05d_049,ＪＲ合計旅客数,
S05-d,2018年度版,2018,S05-d-YY-g_PassengerRegionFlow.shp,貨物旅客地域流動量（ポリゴン）（ライン）,S05d_050,民鉄定期旅客数,
S05-d,2018年度版,2018,S05-d-YY-g_PassengerRegionFlow.shp,貨物旅客地域流動量（ポリゴン）（ライン）,S05d_051,民鉄定期外旅客数,
S05-d,2018年度版,2018,S05-d-YY-g_PassengerRegionFlow.shp,貨物旅客地域流動量（ポリゴン）（ライン）,S05d_052,民鉄合計旅客数,
S05-d,2018年度版,2018,S05-d-YY-g_PassengerRegionFlow.shp,貨物旅客地域流動量（ポリゴン）（ライン）,S05d_053,乗合バス旅客数,
S05-d,2018年度版,2018,S05-d-YY-g_PassengerRegionFlow.shp,貨物旅客地域流動量（ポリゴン）（ライン）,S05d_054,貸切バス旅客数,
S05-d,2018年度版,2018,S05-d-YY-g_PassengerRegionFlow.shp,貨物旅客地域流動量（ポリゴン）（ライン）,S05d_055,自家用バス旅客数,ただし、平成22年度以降はデータなし
S05-d,2018年度版,2018,S05-d-YY-g_PassengerRegionFlow.shp,貨物旅客地域流動量（ポリゴン）（ライン）,S05d_056,営業用乗用車旅客数,
S05-d,2018年度版,2018,S05-d-YY-g_PassengerRegionFlow.shp,貨物旅客地域流動量（ポリゴン）（ライン）,S05d_057,自家用乗用車旅客数,ただし、平成22年度以降はデータなし
S05-d,2018年度版,2018,S05-d-YY-g_PassengerRegionFlow.shp,貨物旅客地域流動量（ポリゴン）（ライン）,S05d_058,自動車合計旅客数,
S05-d,2018年度版,2018,S05-d-YY-g_PassengerRegionFlow.shp,貨物旅客地域流動量（ポリゴン）（ライン）,S05d_059,旅客船旅客数,
S05-d,2018年度版,2018,S05-d-YY-g_PassengerRegionFlow.shp,貨物旅客地域流動量（ポリゴン）（ライン）,S05d_060,航空旅客数,
S05-d,2018年度版,2018,S05-d-YY-g_PassengerRegionFlow.shp,貨物旅客地域流動量（ポリゴン）（ライン）,S05d_061,全機関旅客数,
S10a,2018年度版,2018,S10a-YY_BetweenPort.shp,港湾間流通量・海上経路（ライン）,S10a_001,出発港:都道府県,
S10a,2018年度版,2018,S10a-YY_BetweenPort.shp,港湾間流通量・海上経路（ライン）,S10a_002,出発港:港湾名,
S10a,2018年度版,2018,S10a-YY_BetweenPort.shp,港湾間流通量・海上経路（ライン）,S10a_003,到着港:都道府県,
S10a,2018年度版,2018,S10a-YY_BetweenPort.shp,港湾間流通量・海上経路（ライン）,S10a_004,到着港:港湾名,
S10a,2018年度版,2018,S10a-YY_BetweenPort.shp,港湾間流通量・海上経路（ライン）,S10a_005,頻度:旅客定期便就航数,
S10a,2018年度版,2018,S10a-YY_BetweenPort.shp,港湾間流通量・海上経路（ライン）,S10a_006,頻度:フェリー定期便就航数,
S10a,2018年度版,2018,S10a-YY_BetweenPort.shp,港湾間流通量・海上経路（ライン）,S10a_007,頻度:貨物船定期便就航数,
S10a,2018年度版,2018,S10a-YY_BetweenPort.shp,港湾間流通量・海上経路（ライン）,S10a_008,頻度:RORO船就航数,
S10a,2018年度版,2018,S10a-YY_BetweenPort.shp,港湾間流通量・海上経路（ライン）,S10a_009,運搬可能旅客数,
S10a,2018年度版,2018,S10a-YY_BetweenPort.shp,港湾間流通量・海上経路（ライン）,S10a_010,積載可能貨物量:トラック,
S10a,2018年度版,2018,S10a-YY_BetweenPort.shp,港湾間流通量・海上経路（ライン）,S10a_011,積載可能貨物量:シャーシ,
S10a,2018年度版,2018,S10a-YY_BetweenPort.shp,港湾間流通量・海上経路（ライン）,S10a_012,積載可能貨物量:トレーラー,
S10a,2018年度版,2018,S10a-YY_BetweenPort.shp,港湾間流通量・海上経路（ライン）,S10a_013,積載可能貨物量:中型車,
S10a,2018年度版,2018,S10a-YY_BetweenPort.shp,港湾間流通量・海上経路（ライン）,S10a_014,積載可能貨物量:乗用車,
S10a,2018年度版,2018,S10a-YY_BetweenPort.shp,港湾間流通量・海上経路（ライン）,S10a_015,積載可能貨物量:コンテナ,
S10a,2018年度版,2018,S10a-YY_BetweenPort.shp,港湾間流通量・海上経路（ライン）,S10a_016,積載可能貨物量:その他,
S10a,2018年度版,2018,S10a-YY_BetweenPort.shp,港湾間流通量・海上経路（ライン）,S10a_017,積載可能貨物量:化成品,
S10a,2018年度版,2018,S10a-YY_BetweenPort.shp,港湾間流通量・海上経路（ライン）,S10a_018,大分類流通量:農水産品,
S10a,2018年度版,2018,S10a-YY_BetweenPort.shp,港湾間流通量・海上経路（ライン）,S10a_019,大分類流通量:林産品,
S10a,2018年度版,2018,S10a-YY_BetweenPort.shp,港湾間流通量・海上経路（ライン）,S10a_020,大分類流通量:鉱産品,
S10a,2018年度版,2018,S10a-YY_BetweenPort.shp,港湾間流通量・海上経路（ライン）,S10a_021,大分類流通量:金属機械工業品,
S10a,2018年度版,2018,S10a-YY_BetweenPort.shp,港湾間流通量・海上経路（ライン）,S10a_022,大分類流通量:化学工業品,
S10a,2018年度版,2018,S10a-YY_BetweenPort.shp,港湾間流通量・海上経路（ライン）,S10a_023,大分類流通量:軽工業品,
S10a,2018年度版,2018,S10a-YY_BetweenPort.shp,港湾間流通量・海上経路（ライン）,S10a_024,大分類流通量:雑工業品,
S10a,2018年度版,2018,S10a-YY_BetweenPort.shp,港湾間流通量・海上経路（ライン）,S10a_025,大分類流通量:特殊品,
S10a,2018年度版,2018,S10a-YY_BetweenPort.shp,港湾間流通量・海上経路（ライン）,S10a_026,大分類流通量:分類不能のもの（大分類）,
S10a,2018年度版,2018,S10a-YY_BetweenPort.shp,港湾間流通量・海上経路（ライン）,S10a_027,中分類流通量:011麦,
S10a,2018年度版,2018,S10a-YY_BetweenPort.shp,港湾間流通量・海上経路（ライン）,S10a_028,中分類流通量:021米,
S10a,2018年度版,2018,S10a-YY_BetweenPort.shp,港湾間流通量・海上経路（ライン）,S10a_029,中分類流通量:022とうもろこし,
S10a,2018年度版,2018,S10a-YY_BetweenPort.shp,港湾間流通量・海上経路（ライン）,S10a_030,中分類流通量:023豆類,
S10a,2018年度版,2018,S10a-YY_BetweenPort.shp,港湾間流通量・海上経路（ライン）,S10a_031,中分類流通量:024その他雑穀,
S10a,2018年度版,2018,S10a-YY_BetweenPort.shp,港湾間流通量・海上経路（ライン）,S10a_032,中分類流通量:031野菜・果物,
S10a,2018年度版,2018,S10a-YY_BetweenPort.shp,港湾間流通量・海上経路（ライン）,S10a_033,中分類流通量:041綿花,
S10a,2018年度版,2018,S10a-YY_BetweenPort.shp,港湾間流通量・海上経路（ライン）,S10a_034,中分類流通量:051その他農産品,
S10a,2018年度版,2018,S10a-YY_BetweenPort.shp,港湾間流通量・海上経路（ライン）,S10a_035,中分類流通量:061羊毛,
S10a,2018年度版,2018,S10a-YY_BetweenPort.shp,港湾間流通量・海上経路（ライン）,S10a_036,中分類流通量:071その他畜産品,
S10a,2018年度版,2018,S10a-YY_BetweenPort.shp,港湾間流通量・海上経路（ライン）,S10a_037,中分類流通量:081水産品,
S10a,2018年度版,2018,S10a-YY_BetweenPort.shp,港湾間流通量・海上経路（ライン）,S10a_038,中分類流通量:091原木,
S10a,2018年度版,2018,S10a-YY_BetweenPort.shp,港湾間流通量・海上経路（ライン）,S10a_039,中分類流通量:092製材,
S10a,2018年度版,2018,S10a-YY_BetweenPort.shp,港湾間流通量・海上経路（ライン）,S10a_040,中分類流通量:101樹脂類,
S10a,2018年度版,2018,S10a-YY_BetweenPort.shp,港湾間流通量・海上経路（ライン）,S10a_041,中分類流通量:111木材チップ,
S10a,2018年度版,2018,S10a-YY_BetweenPort.shp,港湾間流通量・海上経路（ライン）,S10a_042,中分類流通量:112その他林産品,
S10a,2018年度版,2018,S10a-YY_BetweenPort.shp,港湾間流通量・海上経路（ライン）,S10a_043,中分類流通量:121薪炭,
S10a,2018年度版,2018,S10a-YY_BetweenPort.shp,港湾間流通量・海上経路（ライン）,S10a_044,中分類流通量:131石炭,
S10a,2018年度版,2018,S10a-YY_BetweenPort.shp,港湾間流通量・海上経路（ライン）,S10a_045,中分類流通量:141鉄鉱石,
S10a,2018年度版,2018,S10a-YY_BetweenPort.shp,港湾間流通量・海上経路（ライン）,S10a_046,中分類流通量:151金属鉱,
S10a,2018年度版,2018,S10a-YY_BetweenPort.shp,港湾間流通量・海上経路（ライン）,S10a_047,中分類流通量:161砂利・砂,
S10a,2018年度版,2018,S10a-YY_BetweenPort.shp,港湾間流通量・海上経路（ライン）,S10a_048,中分類流通量:162石材,
S10a,2018年度版,2018,S10a-YY_BetweenPort.shp,港湾間流通量・海上経路（ライン）,S10a_049,中分類流通量:171原油,
S10a,2018年度版,2018,S10a-YY_BetweenPort.shp,港湾間流通量・海上経路（ライン）,S10a_050,中分類流通量:181りん鉱石,
S10a,2018年度版,2018,S10a-YY_BetweenPort.shp,港湾間流通量・海上経路（ライン）,S10a_051,中分類流通量:191石灰石,
S10a,2018年度版,2018,S10a-YY_BetweenPort.shp,港湾間流通量・海上経路（ライン）,S10a_052,中分類流通量:201原塩,
S10a,2018年度版,2018,S10a-YY_BetweenPort.shp,港湾間流通量・海上経路（ライン）,S10a_053,中分類流通量:211非金属鉱物,
S10a,2018年度版,2018,S10a-YY_BetweenPort.shp,港湾間流通量・海上経路（ライン）,S10a_054,中分類流通量:221鉄鋼,
S10a,2018年度版,2018,S10a-YY_BetweenPort.shp,港湾間流通量・海上経路（ライン）,S10a_055,中分類流通量:222鋼材,
S10a,2018年度版,2018,S10a-YY_BetweenPort.shp,港湾間流通量・海上経路（ライン）,S10a_056,中分類流通量:231非鉄金属,
S10a,2018年度版,2018,S10a-YY_BetweenPort.shp,港湾間流通量・海上経路（ライン）,S10a_057,中分類流通量:241金属製品,
S10a,2018年度版,2018,S10a-YY_BetweenPort.shp,港湾間流通量・海上経路（ライン）,S10a_058,中分類流通量:251鉄道車両,
S10a,2018年度版,2018,S10a-YY_BetweenPort.shp,港湾間流通量・海上経路（ライン）,S10a_059,中分類流通量:252完成自動車,
S10a,2018年度版,2018,S10a-YY_BetweenPort.shp,港湾間流通量・海上経路（ライン）,S10a_060,中分類流通量:253その他輸送用車両,
S10a,2018年度版,2018,S10a-YY_BetweenPort.shp,港湾間流通量・海上経路（ライン）,S10a_061,中分類流通量:254二輪自動車,
S10a,2018年度版,2018,S10a-YY_BetweenPort.shp,港湾間流通量・海上経路（ライン）,S10a_062,中分類流通量:255自動車部品,
S10a,2018年度版,2018,S10a-YY_BetweenPort.shp,港湾間流通量・海上経路（ライン）,S10a_063,中分類流通量:256その他輸送機械,
S10a,2018年度版,2018,S10a-YY_BetweenPort.shp,港湾間流通量・海上経路（ライン）,S10a_064,中分類流通量:261産業機械,
S10a,2018年度版,2018,S10a-YY_BetweenPort.shp,港湾間流通量・海上経路（ライン）,S10a_065,中分類流通量:262電気機械,
S10a,2018年度版,2018,S10a-YY_BetweenPort.shp,港湾間流通量・海上経路（ライン）,S10a_066,中分類流通量:263測量・光学・医療用器械,
S10a,2018年度版,2018,S10a-YY_BetweenPort.shp,港湾間流通量・海上経路（ライン）,S10a_067,中分類流通量:264事務用機器,
S10a,2018年度版,2018,S10a-YY_BetweenPort.shp,港湾間流通量・海上経路（ライン）,S10a_068,中分類流通量:265その他機械,
S10a,2018年度版,2018,S10a-YY_BetweenPort.shp,港湾間流通量・海上経路（ライン）,S10a_069,中分類流通量:271陶磁器,
S10a,2018年度版,2018,S10a-YY_BetweenPort.shp,港湾間流通量・海上経路（ライン）,S10a_070,中分類流通量:281セメント,
S10a,2018年度版,2018,S10a-YY_BetweenPort.shp,港湾間流通量・海上経路（ライン）,S10a_071,中分類流通量:291ガラス類,
S10a,2018年度版,2018,S10a-YY_BetweenPort.shp,港湾間流通量・海上経路（ライン）,S10a_072,中分類流通量:301窯業品,
S10a,2018年度版,2018,S10a-YY_BetweenPort.shp,港湾間流通量・海上経路（ライン）,S10a_073,中分類流通量:311重油,
S10a,2018年度版,2018,S10a-YY_BetweenPort.shp,港湾間流通量・海上経路（ライン）,S10a_074,中分類流通量:321石油製品,
S10a,2018年度版,2018,S10a-YY_BetweenPort.shp,港湾間流通量・海上経路（ライン）,S10a_075,中分類流通量:322LNG（液化天然ガス）,
S10a,2018年度版,2018,S10a-YY_BetweenPort.shp,港湾間流通量・海上経路（ライン）,S10a_076,中分類流通量:323LPG（液化石油ガス）,
S10a,2018年度版,2018,S10a-YY_BetweenPort.shp,港湾間流通量・海上経路（ライン）,S10a_077,中分類流通量:324その他石油製品,
S10a,2018年度版,2018,S10a-YY_BetweenPort.shp,港湾間流通量・海上経路（ライン）,S10a_078,中分類流通量:331コークス,
S10a,2018年度版,2018,S10a-YY_BetweenPort.shp,港湾間流通量・海上経路（ライン）,S10a_079,中分類流通量:341石炭製品,
S10a,2018年度版,2018,S10a-YY_BetweenPort.shp,港湾間流通量・海上経路（ライン）,S10a_080,中分類流通量:351化学薬品,
S10a,2018年度版,2018,S10a-YY_BetweenPort.shp,港湾間流通量・海上経路（ライン）,S10a_081,中分類流通量:361化学肥料,
S10a,2018年度版,2018,S10a-YY_BetweenPort.shp,港湾間流通量・海上経路（ライン）,S10a_082,中分類流通量:371染料・塗料・合成樹脂・その他化学工業品,
S10a,2018年度版,2018,S10a-YY_BetweenPort.shp,港湾間流通量・海上経路（ライン）,S10a_083,中分類流通量:381紙・パルプ,
S10a,2018年度版,2018,S10a-YY_BetweenPort.shp,港湾間流通量・海上経路（ライン）,S10a_084,中分類流通量:391糸及び紡績半製品,
S10a,2018年度版,2018,S10a-YY_BetweenPort.shp,港湾間流通量・海上経路（ライン）,S10a_085,中分類流通量:401その他繊維工業品,
S10a,2018年度版,2018,S10a-YY_BetweenPort.shp,港湾間流通量・海上経路（ライン）,S10a_086,中分類流通量:411砂糖,
S10a,2018年度版,2018,S10a-YY_BetweenPort.shp,港湾間流通量・海上経路（ライン）,S10a_087,中分類流通量:421製造食品,
S10a,2018年度版,2018,S10a-YY_BetweenPort.shp,港湾間流通量・海上経路（ライン）,S10a_088,中分類流通量:422飲料,
S10a,2018年度版,2018,S10a-YY_BetweenPort.shp,港湾間流通量・海上経路（ライン）,S10a_089,中分類流通量:423水,
S10a,2018年度版,2018,S10a-YY_BetweenPort.shp,港湾間流通量・海上経路（ライン）,S10a_090,中分類流通量:424たばこ,
S10a,2018年度版,2018,S10a-YY_BetweenPort.shp,港湾間流通量・海上経路（ライン）,S10a_091,中分類流通量:425その他食料工業品,
S10a,2018年度版,2018,S10a-YY_BetweenPort.shp,港湾間流通量・海上経路（ライン）,S10a_092,中分類流通量:431がん具,
S10a,2018年度版,2018,S10a-YY_BetweenPort.shp,港湾間流通量・海上経路（ライン）,S10a_093,中分類流通量:441衣服・身廻品・はきもの,
S10a,2018年度版,2018,S10a-YY_BetweenPort.shp,港湾間流通量・海上経路（ライン）,S10a_094,中分類流通量:442文房具・運動娯楽用品・楽器,
S10a,2018年度版,2018,S10a-YY_BetweenPort.shp,港湾間流通量・海上経路（ライン）,S10a_095,中分類流通量:443家具装備品,
S10a,2018年度版,2018,S10a-YY_BetweenPort.shp,港湾間流通量・海上経路（ライン）,S10a_096,中分類流通量:444その他日用品,
S10a,2018年度版,2018,S10a-YY_BetweenPort.shp,港湾間流通量・海上経路（ライン）,S10a_097,中分類流通量:451ゴム製品,
S10a,2018年度版,2018,S10a-YY_BetweenPort.shp,港湾間流通量・海上経路（ライン）,S10a_098,中分類流通量:461木製品（他に分類されないもの）,
S10a,2018年度版,2018,S10a-YY_BetweenPort.shp,港湾間流通量・海上経路（ライン）,S10a_099,中分類流通量:471その他製造工業品,
S10a,2018年度版,2018,S10a-YY_BetweenPort.shp,港湾間流通量・海上経路（ライン）,S10a_100,中分類流通量:481金属くず,
S10a,2018年度版,2018,S10a-YY_BetweenPort.shp,港湾間流通量・海上経路（ライン）,S10a_101,中分類流通量:491再利用資材,
S10a,2018年度版,2018,S10a-YY_BetweenPort.shp,港湾間流通量・海上経路（ライン）,S10a_102,中分類流通量:501動植物性製造飼肥料,
S10a,2018年度版,2018,S10a-YY_BetweenPort.shp,港湾間流通量・海上経路（ライン）,S10a_103,中分類流通量:511廃棄物,
S10a,2018年度版,2018,S10a-YY_BetweenPort.shp,港湾間流通量・海上経路（ライン）,S10a_104,中分類流通量:512廃土砂,
S10a,2018年度版,2018,S10a-YY_BetweenPort.shp,港湾間流通量・海上経路（ライン）,S10a_105,中分類流通量:521輸送用容器,
S10a,2018年度版,2018,S10a-YY_BetweenPort.shp,港湾間流通量・海上経路（ライン）,S10a_106,中分類流通量:531取合せ品,
S10a,2018年度版,2018,S10a-YY_BetweenPort.shp,港湾間流通量・海上経路（ライン）,S10a_107,中分類流通量:541分類不能のもの（中分類）,
S10a,2016年度版,2016,S10a-YY_SeaRoute.shp,港湾間流通量・海上経路（ライン）,S10a_108,出発港:都道府県,
S10a,2016年度版,2016,S10a-YY_SeaRoute.shp,港湾間流通量・海上経路（ライン）,S10a_109,出発港:港湾名,
S10a,2016年度版,2016,S10a-YY_SeaRoute.shp,港湾間流通量・海上経路（ライン）,S10a_110,寄港地:都道府県,
S10a,2016年度版,2016,S10a-YY_SeaRoute.shp,港湾間流通量・海上経路（ライン）,S10a_111,寄港地:港湾名,
S10a,2016年度版,2016,S10a-YY_SeaRoute.shp,港湾間流通量・海上経路（ライン）,S10a_112,到着港:都道府県,
S10a,2016年度版,2016,S10a-YY_SeaRoute.shp,港湾間流通量・海上経路（ライン）,S10a_113,到着港:港湾名,
S10a,2016年度版,2016,S10a-YY_SeaRoute.shp,港湾間流通量・海上経路（ライン）,S10a_114,船種,
S10a,2016年度版,2016,S10a-YY_SeaRoute.shp,港湾間流通量・海上経路（ライン）,S10a_115,航行距離,
S10a,2016年度版,2016,S10a-YY_SeaRoute.shp,港湾間流通量・海上経路（ライン）,S10a_116,総トン数,
S10a,2016年度版,2016,S10a-YY_SeaRoute.shp,港湾間流通量・海上経路（ライン）,S10a_117,積載可能貨物量:トラック,
S10a,2016年度版,2016,S10a-YY_SeaRoute.shp,港湾間流通量・海上経路（ライン）,S10a_118,積載可能貨物量:シャーシ,
S10a,2016年度版,2016,S10a-YY_SeaRoute.shp,港湾間流通量・海上経路（ライン）,S10a_119,積載可能貨物量:トレーラー,
S10a,2016年度版,2016,S10a-YY_SeaRoute.shp,港湾間流通量・海上経路（ライン）,S10a_120,積載可能貨物量:中型車,
S10a,2016年度版,2016,S10a-YY_SeaRoute.shp,港湾間流通量・海上経路（ライン）,S10a_121,積載可能貨物量:乗用車,
S10a,2016年度版,2016,S10a-YY_SeaRoute.shp,港湾間流通量・海上経路（ライン）,S10a_122,積載可能貨物量:コンテナ,
S10a,2016年度版,2016,S10a-YY_SeaRoute.shp,港湾間流通量・海上経路（ライン）,S10a_123,積載可能貨物量:その他,
S10a,2016年度版,2016,S10a-YY_SeaRoute.shp,港湾間流通量・海上経路（ライン）,S10a_124,積載可能貨物量:化成品,
S10a,2016年度版,2016,S10a-YY_SeaRoute.shp,港湾間流通量・海上経路（ライン）,S10a_125,運搬可能旅客数,
S10a,2016年度版,2016,S10a-YY_SeaRoute.shp,港湾間流通量・海上経路（ライン）,S10a_126,頻度,
S10b,2014年度版,2014,S10b-YY_BetAport.shp,空港間流通量（ライン）,S10b_001,出発空港,
S10b,2014年度版,2014,S10b-YY_BetAport.shp,空港間流通量（ライン）,S10b_002,経由空港１,
S10b,2014年度版,2014,S10b-YY_BetAport.shp,空港間流通量（ライン）,S10b_003,経由空港２,
S10b,2014年度版,2014,S10b-YY_BetAport.shp,空港間流通量（ライン）,S10b_004,到着空港,
S10b,2014年度版,2014,S10b-YY_BetAport.shp,空港間流通量（ライン）,S10b_005,区間距離,
S10b,2014年度版,2014,S10b-YY_BetAport.shp,空港間流通量（ライン）,S10b_006,頻度,
S10b,2014年度版,2014,S10b-YY_BetAport.shp,空港間流通量（ライン）,S10b_007,旅客数,
S10b,2014年度版,2014,S10b-YY_BetAport.shp,空港間流通量（ライン）,S10b_008,運搬可能旅客数,
S10b,2014年度版,2014,S10b-YY_BetAport.shp,空港間流通量（ライン）,S10b_009,貨物量,
S12,2024年度版,2024,S12-YY_NumberOfPassengers.shp,駅別乗降客数（ライン）,S12_001,駅名,
S12,2024年度版,2024,S12-YY_NumberOfPassengers.shp,駅別乗降客数（ライン）,S12_001c,駅コード,
S12,2024年度版,2024,S12-YY_NumberOfPassengers.shp,駅別乗降客数（ライン）,S12_001g,グループコード,
S12,2024年度版,2024,S12-YY_NumberOfPassengers.shp,駅別乗降客数（ライン）,S12_002,運営会社,
S12,2024年度版,2024,S12-YY_NumberOfPassengers.shp,駅別乗降客数（ライン）,S12_003,路線名,
S12,2024年度版,2024,S12-YY_NumberOfPassengers.shp,駅別乗降客数（ライン）,S12_004,鉄道区分,
S12,2024年度版,2024,S12-YY_NumberOfPassengers.shp,駅別乗降客数（ライン）,S12_005,事業者種別,
S12,2024年度版,2024,S12-YY_NumberOfPassengers.shp,駅別乗降客数（ライン）,S12_006,重複コード2011,
S12,2024年度版,2024,S12-YY_NumberOfPassengers.shp,駅別乗降客数（ライン）,S12_007,データ有無コード2011,
S12,2024年度版,2024,S12-YY_NumberOfPassengers.shp,駅別乗降客数（ライン）,S12_008,備考2011,
S12,2024年度版,2024,S12-YY_NumberOfPassengers.shp,駅別乗降客数（ライン）,S12_009,乗降客数2011,
S12,2024年度版,2024,S12-YY_NumberOfPassengers.shp,駅別乗降客数（ライン）,S12_010,重複コード2012,
S12,2024年度版,2024,S12-YY_NumberOfPassengers.shp,駅別乗降客数（ライン）,S12_011,データ有無コード2012,
S12,2024年度版,2024,S12-YY_NumberOfPassengers.shp,駅別乗降客数（ライン）,S12_012,備考2012,
S12,2024年度版,2024,S12-YY_NumberOfPassengers.shp,駅別乗降客数（ライン）,S12_013,乗降客数2012,
S12,2024年度版,2024,S12-YY_NumberOfPassengers.shp,駅別乗降客数（ライン）,S12_014,重複コード2013,
S12,2024年度版,2024,S12-YY_NumberOfPassengers.shp,駅別乗降客数（ライン）,S12_015,データ有無コード2013,
S12,2024年度版,2024,S12-YY_NumberOfPassengers.shp,駅別乗降客数（ライン）,S12_016,備考2013,
S12,2024年度版,2024,S12-YY_NumberOfPassengers.shp,駅別乗降客数（ライン）,S12_017,乗降客数2013,
S12,2024年度版,2024,S12-YY_NumberOfPassengers.shp,駅別乗降客数（ライン）,S12_018,重複コード2014,
S12,2024年度版,2024,S12-YY_NumberOfPassengers.shp,駅別乗降客数（ライン）,S12_019,データ有無コード2014,
S12,2024年度版,2024,S12-YY_NumberOfPassengers.shp,駅別乗降客数（ライン）,S12_020,備考2014,
S12,2024年度版,2024,S12-YY_NumberOfPassengers.shp,駅別乗降客数（ライン）,S12_021,乗降客数2014,
S12,2024年度版,2024,S12-YY_NumberOfPassengers.shp,駅別乗降客数（ライン）,S12_022,重複コード2015,
S12,2024年度版,2024,S12-YY_NumberOfPassengers.shp,駅別乗降客数（ライン）,S12_023,データ有無コード2015,
S12,2024年度版,2024,S12-YY_NumberOfPassengers.shp,駅別乗降客数（ライン）,S12_024,備考2015,
S12,2024年度版,2024,S12-YY_NumberOfPassengers.shp,駅別乗降客数（ライン）,S12_025,乗降客数2015,
S12,2024年度版,2024,S12-YY_NumberOfPassengers.shp,駅別乗降客数（ライン）,S12_026,重複コード2016,
S12,2024年度版,2024,S12-YY_NumberOfPassengers.shp,駅別乗降客数（ライン）,S12_027,データ有無コード,
S12,2024年度版,2024,S12-YY_NumberOfPassengers.shp,駅別乗降客数（ライン）,S12_028,備考2016,
S12,2024年度版,2024,S12-YY_NumberOfPassengers.shp,駅別乗降客数（ライン）,S12_029,乗降客数2016,
S12,2024年度版,2024,S12-YY_NumberOfPassengers.shp,駅別乗降客数（ライン）,S12_030,重複コード2017,
S12,2024年度版,2024,S12-YY_NumberOfPassengers.shp,駅別乗降客数（ライン）,S12_031,データ有無コード2017,
S12,2024年度版,2024,S12-YY_NumberOfPassengers.shp,駅別乗降客数（ライン）,S12_032,備考2017,
S12,2024年度版,2024,S12-YY_NumberOfPassengers.shp,駅別乗降客数（ライン）,S12_033,乗降客数2017,
S12,2024年度版,2024,S12-YY_NumberOfPassengers.shp,駅別乗降客数（ライン）,S12_034,重複コード2018,
S12,2024年度版,2024,S12-YY_NumberOfPassengers.shp,駅別乗降客数（ライン）,S12_035,データ有無コード2018,
S12,2024年度版,2024,S12-YY_NumberOfPassengers.shp,駅別乗降客数（ライン）,S12_036,備考2018,
S12,2024年度版,2024,S12-YY_NumberOfPassengers.shp,駅別乗降客数（ライン）,S12_037,乗降客数2018,
S12,2024年度版,2024,S12-YY_NumberOfPassengers.shp,駅別乗降客数（ライン）,S12_038,重複コード2019,
S12,2024年度版,2024,S12-YY_NumberOfPassengers.shp,駅別乗降客数（ライン）,S12_039,データ有無コード2019,
S12,2024年度版,2024,S12-YY_NumberOfPassengers.shp,駅別乗降客数（ライン）,S12_040,備考2019,
S12,2024年度版,2024,S12-YY_NumberOfPassengers.shp,駅別乗降客数（ライン）,S12_041,乗降客数2019,
S12,2024年度版,2024,S12-YY_NumberOfPassengers.shp,駅別乗降客数（ライン）,S12_042,重複コード2020,
S12,2024年度版,2024,S12-YY_NumberOfPassengers.shp,駅別乗降客数（ライン）,S12_043,データ有無コード2020,
S12,2024年度版,2024,S12-YY_NumberOfPassengers.shp,駅別乗降客数（ライン）,S12_044,備考2020,
S12,2024年度版,2024,S12-YY_NumberOfPassengers.shp,駅別乗降客数（ライン）,S12_045,乗降客数2020,
S12,2024年度版,2024,S12-YY_NumberOfPassengers.shp,駅別乗降客数（ライン）,S12_046,重複コード2021,
S12,2024年度版,2024,S12-YY_NumberOfPassengers.shp,駅別乗降客数（ライン）,S12_047,データ有無コード2021,
S12,2024年度版,2024,S12-YY_NumberOfPassengers.shp,駅別乗降客数（ライン）,S12_048,備考2021,
S12,2024年度版,2024,S12-YY_NumberOfPassengers.shp,駅別乗降客数（ライン）,S12_049,乗降客数2021,
S12,2024年度版,2024,S12-YY_NumberOfPassengers.shp,駅別乗降客数（ライン）,S12_050,重複コード2022,
S12,2024年度版,2024,S12-YY_NumberOfPassengers.shp,駅別乗降客数（ライン）,S12_051,データ有無コード2022,
S12,2024年度版,2024,S12-YY_NumberOfPassengers.shp,駅別乗降客数（ライン）,S12_052,備考2022,
S12,2024年度版,2024,S12-YY_NumberOfPassengers.shp,駅別乗降客数（ライン）,S12_053,乗降客数2022,
S12,2024年度版,2024,S12-YY_NumberOfPassengers.shp,駅別乗降客数（ライン）,S12_054,重複コード2023,
S12,2024年度版,2024,S12-YY_NumberOfPassengers.shp,駅別乗降客数（ライン）,S12_055,データ有無コード2023,
S12,2024年度版,2024,S12-YY_NumberOfPassengers.shp,駅別乗降客数（ライン）,S12_056,備考2023,
S12,2024年度版,2024,S12-YY_NumberOfPassengers.shp,駅別乗降客数（ライン）,S12_057,乗降客数2023,
W01,2014年度版,2014,W01-YY-g_Dam.shp,ダム（ポイント）,W01_001,ダム名,
W01,2014年度版,2014,W01-YY-g_Dam.shp,ダム（ポイント）,W01_002,ダムコード,
W01,2014年度版,2014,W01-YY-g_Dam.shp,ダム（ポイント）,W01_003,水系名,
W01,2014年度版,2014,W01-YY-g_Dam.shp,ダム（ポイント）,W01_004,河川名,
W01,2014年度版,2014,W01-YY-g_Dam.shp,ダム（ポイント）,W01_005,形式,
W01,2014年度版,2014,W01-YY-g_Dam.shp,ダム（ポイント）,W01_006,目的,
W01,2014年度版,2014,W01-YY-g_Dam.shp,ダム（ポイント）,W01_007,ダム規模（堤高）,
W01,2014年度版,2014,W01-YY-g_Dam.shp,ダム（ポイント）,W01_008,ダム規模（堤頂長）,
W01,2014年度版,2014,W01-YY-g_Dam.shp,ダム（ポイント）,W01_009,堤体積,
W01,2014年度版,2014,W01-YY-g_Dam.shp,ダム（ポイント）,W01_010,総貯水量,
W01,2014年度版,2014,W01-YY-g_Dam.shp,ダム（ポイント）,W01_011,ダム事業者,
W01,2014年度版,2014,W01-YY-g_Dam.shp,ダム（ポイント）,W01_012,竣工年,
W01,2014年度版,2014,W01-YY-g_Dam.shp,ダム（ポイント）,W01_013,所在地,
W01,2014年度版,2014,W01-YY-g_Dam.shp,ダム（ポイント）,W01_014,位置情報精度,
W05,2006年～2009年度版,,W05-YY_PP-g_Stream.shp,河川（ライン）,W05_001,水系域コード,
W05,2006年～2009年度版,,W05-YY_PP-g_Stream.shp,河川（ライン）,W05_002,河川コード,
W05,2006年～2009年度版,,W05-YY_PP-g_Stream.shp,河川（ライン）,W05_003,区間種別,
W05,2006年～2009年度版,,W05-YY_PP-g_Stream.shp,河川（ライン）,W05_004,河川名,
W05,2006年～2009年度版,,W05-YY_PP-g_Stream.shp,河川（ライン）,W05_005,原典資料種別,
W05,2006年～2009年度版,,W05-YY_PP-g_Stream.shp,河川（ライン）,W05_006,流下方向判定,
W05,2006年～2009年度版,,W05-YY_PP-g_Stream.shp,河川（ライン）,W05_007,河川始点,
W05,2006年～2009年度版,,W05-YY_PP-g_Stream.shp,河川（ライン）,W05_008,河川終点,
W05,2006年～2009年度版,,W05-YY_PP-g_Stream.shp,河川（ライン）,W05_009,流路始点,
W05,2006年～2009年度版,,W05-YY_PP-g_Stream.shp,河川（ライン）,W05_010,流路終点,
W05,2006年～2009年度版,,W05-YY_PP-g_RiverNode.shp,河川（ポイント）,W05_001,水系域コード,
W05,2006年～2009年度版,,W05-YY_PP-g_RiverNode.shp,河川（ポイント）,W05_011,標高,
W05,2006年～2009年度版,,W05-YY_PP-g_RiverNode.shp,河川（ポイント）,W05_000,河川端点ID,
W07,2009年度版,2009,W07-YY_mmmm-jgd_ValleyMesh.shp,流域メッシュ,W07_001,細分メッシュコード,
W07,2009年度版,2009,W07-YY_mmmm-jgd_ValleyMesh.shp,流域メッシュ,W07_002,水系域コード,
W07,2009年度版,2009,W07-YY_mmmm-jgd_ValleyMesh.shp,流域メッシュ,W07_003,河川コード,
W07,2009年度版,2009,W07-YY_mmmm-jgd_ValleyMesh.shp,流域メッシュ,W07_004,水系名,
W07,2009年度版,2009,W07-YY_mmmm-jgd_ValleyMesh.shp,流域メッシュ,W07_005,河川名,
W07,2009年度版,2009,W07-YY_mmmm-jgd_ValleyMesh.shp,流域メッシュ,W07_006,単位流域コード,
W09,2005年度版,2005,W09-YY-g_Lake.shp,湖沼（ポリゴン）,W09_001,湖沼名,
W09,2005年度版,2005,W09-YY-g_Lake.shp,湖沼（ポリゴン）,W09_002,行政区域,
W09,2005年度版,2005,W09-YY-g_Lake.shp,湖沼（ポリゴン）,W09_003,最大水深,
W09,2005年度版,2005,W09-YY-g_Lake.shp,湖沼（ポリゴン）,W09_004,水面標高,
mesh1000r6,2024年度版,2024,1km_mesh_2024_PP.shp,1kmメッシュ別将来推計人口（R6国政局推計）,MESH_ID,メッシュコード,
mesh500r6,2024年度版,2024,500m_mesh_2024_PP.shp,500mメッシュ別将来推計人口（R6国政局推計）,MESH_ID,メッシュコード,
mesh250r6,2024年度版,2024,250m_mesh_2024_PP.shp,250mメッシュ別将来推計人口（R6国政局推計）,MESH_ID,メッシュコード,
mesh1000h30,2018年度版,2018,1km_mesh_YYYY_PP.shp,1kmメッシュ別将来推計人口（H30国政局推計）,MESH_ID,分割地域メッシュコード,
mesh500h30,2018年度版,2018,500m_mesh_YYYY_PP.shp,500mメッシュ別将来推計人口（H30国政局推計）,MESH_ID,メッシュID,
mesh1000,2017年度版,2017,Mesh3_POP_PP.shp,1kmメッシュ別将来推計人口（H29国政局推計）,MESH_ID,分割地域メッシュ（２分の１地域メッシュ）コード,
mesh500,2017年度版,2017,Mesh4_POP_PP.shp,500mメッシュ別将来推計人口（H29国政局推計）,MESH_ID,分割地域メッシュ（２分の１地域メッシュ）コード,
